<?xml version="1.0" encoding="UTF-8" ?>
<gpx xmlns:xsi="http://www.w3.org/2001/XMLSchema-instance" xmlns="http://www.topografix.com/GPX/1/1" xsi:schemaLocation="http://www.topografix.com/GPX/1/1 http://www.topografix.com/GPX/1/1/gpx.xsd" version="1.1" creator="https://kurviger.com/">
  <metadata>
      <name>20260815_ida a Covilhã </name>
      <author>
        <link href="https://kurviger.com">
          <text>Kurviger</text>
          <type>text/html</type>
        </link>
      </author>
      <time>2026-08-15T17:37:15.000Z</time>
  </metadata>
  <trk>
    <name>20260815_ida a Covilhã </name>
    <trkseg>    
      <trkpt lat="41.3965" lon="-8.51531">
        <ele>163</ele>
        <time>2026-08-15T08:12:50.000Z</time>
      </trkpt>
      <trkpt lat="41.39641" lon="-8.5151">
        <ele>167</ele>
        <time>2026-08-15T08:14:12.000Z</time>
      </trkpt>
      <trkpt lat="41.39611" lon="-8.51477">
        <ele>167</ele>
        <time>2026-08-15T08:14:16.000Z</time>
      </trkpt>
      <trkpt lat="41.39592" lon="-8.51444">
        <ele>167</ele>
        <time>2026-08-15T08:14:20.000Z</time>
      </trkpt>
      <trkpt lat="41.3957" lon="-8.51405">
        <ele>167</ele>
        <time>2026-08-15T08:14:24.000Z</time>
      </trkpt>
      <trkpt lat="41.39547" lon="-8.51362">
        <ele>167</ele>
        <time>2026-08-15T08:14:28.000Z</time>
      </trkpt>
      <trkpt lat="41.39525" lon="-8.51324">
        <ele>167</ele>
        <time>2026-08-15T08:14:32.000Z</time>
      </trkpt>
      <trkpt lat="41.39499" lon="-8.51293">
        <ele>167</ele>
        <time>2026-08-15T08:14:36.000Z</time>
      </trkpt>
      <trkpt lat="41.39467" lon="-8.51268">
        <ele>167</ele>
        <time>2026-08-15T08:14:40.000Z</time>
      </trkpt>
      <trkpt lat="41.39435" lon="-8.51244">
        <ele>167</ele>
        <time>2026-08-15T08:14:44.000Z</time>
      </trkpt>
      <trkpt lat="41.39403" lon="-8.5122">
        <ele>167</ele>
        <time>2026-08-15T08:14:48.000Z</time>
      </trkpt>
      <trkpt lat="41.39373" lon="-8.51198">
        <ele>167</ele>
        <time>2026-08-15T08:14:52.000Z</time>
      </trkpt>
      <trkpt lat="41.39343" lon="-8.51176">
        <ele>167</ele>
        <time>2026-08-15T08:14:56.000Z</time>
      </trkpt>
      <trkpt lat="41.39308" lon="-8.5115">
        <ele>167</ele>
        <time>2026-08-15T08:15:00.000Z</time>
      </trkpt>
      <trkpt lat="41.39276" lon="-8.51126">
        <ele>167</ele>
        <time>2026-08-15T08:15:04.000Z</time>
      </trkpt>
      <trkpt lat="41.39248" lon="-8.51106">
        <ele>167</ele>
        <time>2026-08-15T08:15:08.000Z</time>
      </trkpt>
      <trkpt lat="41.39223" lon="-8.51087">
        <ele>167</ele>
        <time>2026-08-15T08:15:12.000Z</time>
      </trkpt>
      <trkpt lat="41.39198" lon="-8.51069">
        <ele>167</ele>
        <time>2026-08-15T08:15:16.000Z</time>
      </trkpt>
      <trkpt lat="41.39167" lon="-8.51053">
        <ele>167</ele>
        <time>2026-08-15T08:15:20.000Z</time>
      </trkpt>
      <trkpt lat="41.39127" lon="-8.51043">
        <ele>167</ele>
        <time>2026-08-15T08:15:24.000Z</time>
      </trkpt>
      <trkpt lat="41.39087" lon="-8.51035">
        <ele>167</ele>
        <time>2026-08-15T08:15:28.000Z</time>
      </trkpt>
      <trkpt lat="41.39054" lon="-8.5104">
        <ele>167</ele>
        <time>2026-08-15T08:15:32.000Z</time>
      </trkpt>
      <trkpt lat="41.39035" lon="-8.51064">
        <ele>167</ele>
        <time>2026-08-15T08:15:36.000Z</time>
      </trkpt>
      <trkpt lat="41.3902" lon="-8.51094">
        <ele>159</ele>
        <time>2026-08-15T08:15:40.000Z</time>
      </trkpt>
      <trkpt lat="41.38993" lon="-8.51115">
        <ele>160</ele>
        <time>2026-08-15T08:15:44.000Z</time>
      </trkpt>
      <trkpt lat="41.38947" lon="-8.51095">
        <ele>157</ele>
        <time>2026-08-15T08:15:48.000Z</time>
      </trkpt>
      <trkpt lat="41.38913" lon="-8.51078">
        <ele>155</ele>
        <time>2026-08-15T08:15:52.000Z</time>
      </trkpt>
      <trkpt lat="41.38895" lon="-8.51039">
        <ele>155</ele>
        <time>2026-08-15T08:15:56.000Z</time>
      </trkpt>
      <trkpt lat="41.38903" lon="-8.50993">
        <ele>152</ele>
        <time>2026-08-15T08:16:00.000Z</time>
      </trkpt>
      <trkpt lat="41.38935" lon="-8.5097">
        <ele>150</ele>
        <time>2026-08-15T08:16:04.000Z</time>
      </trkpt>
      <trkpt lat="41.38961" lon="-8.50928">
        <ele>150</ele>
        <time>2026-08-15T08:16:08.000Z</time>
      </trkpt>
      <trkpt lat="41.38985" lon="-8.50868">
        <ele>148</ele>
        <time>2026-08-15T08:16:12.000Z</time>
      </trkpt>
      <trkpt lat="41.39014" lon="-8.50806">
        <ele>144</ele>
        <time>2026-08-15T08:16:16.000Z</time>
      </trkpt>
      <trkpt lat="41.39048" lon="-8.50741">
        <ele>141</ele>
        <time>2026-08-15T08:16:20.000Z</time>
      </trkpt>
      <trkpt lat="41.39084" lon="-8.50677">
        <ele>138</ele>
        <time>2026-08-15T08:16:24.000Z</time>
      </trkpt>
      <trkpt lat="41.39123" lon="-8.50613">
        <ele>136</ele>
        <time>2026-08-15T08:16:28.000Z</time>
      </trkpt>
      <trkpt lat="41.39172" lon="-8.50549">
        <ele>134</ele>
        <time>2026-08-15T08:16:32.000Z</time>
      </trkpt>
      <trkpt lat="41.39229" lon="-8.50487">
        <ele>133</ele>
        <time>2026-08-15T08:16:36.000Z</time>
      </trkpt>
      <trkpt lat="41.39291" lon="-8.50432">
        <ele>134</ele>
        <time>2026-08-15T08:16:40.000Z</time>
      </trkpt>
      <trkpt lat="41.39358" lon="-8.50384">
        <ele>134</ele>
        <time>2026-08-15T08:16:44.000Z</time>
      </trkpt>
      <trkpt lat="41.3943" lon="-8.50344">
        <ele>134</ele>
        <time>2026-08-15T08:16:48.000Z</time>
      </trkpt>
      <trkpt lat="41.39505" lon="-8.50305">
        <ele>134</ele>
        <time>2026-08-15T08:16:52.000Z</time>
      </trkpt>
      <trkpt lat="41.39581" lon="-8.50265">
        <ele>134</ele>
        <time>2026-08-15T08:16:56.000Z</time>
      </trkpt>
      <trkpt lat="41.39658" lon="-8.50225">
        <ele>136</ele>
        <time>2026-08-15T08:17:00.000Z</time>
      </trkpt>
      <trkpt lat="41.39736" lon="-8.50191">
        <ele>140</ele>
        <time>2026-08-15T08:17:04.000Z</time>
      </trkpt>
      <trkpt lat="41.39815" lon="-8.50169">
        <ele>146</ele>
        <time>2026-08-15T08:17:08.000Z</time>
      </trkpt>
      <trkpt lat="41.39897" lon="-8.50158">
        <ele>150</ele>
        <time>2026-08-15T08:17:12.000Z</time>
      </trkpt>
      <trkpt lat="41.39979" lon="-8.5016">
        <ele>156</ele>
        <time>2026-08-15T08:17:16.000Z</time>
      </trkpt>
      <trkpt lat="41.40061" lon="-8.50163">
        <ele>159</ele>
        <time>2026-08-15T08:17:20.000Z</time>
      </trkpt>
      <trkpt lat="41.40142" lon="-8.50159">
        <ele>163</ele>
        <time>2026-08-15T08:17:24.000Z</time>
      </trkpt>
      <trkpt lat="41.40221" lon="-8.50135">
        <ele>167</ele>
        <time>2026-08-15T08:17:28.000Z</time>
      </trkpt>
      <trkpt lat="41.40298" lon="-8.501">
        <ele>170</ele>
        <time>2026-08-15T08:17:32.000Z</time>
      </trkpt>
      <trkpt lat="41.40378" lon="-8.50065">
        <ele>173</ele>
        <time>2026-08-15T08:17:36.000Z</time>
      </trkpt>
      <trkpt lat="41.4046" lon="-8.50049">
        <ele>175</ele>
        <time>2026-08-15T08:17:40.000Z</time>
      </trkpt>
      <trkpt lat="41.40519" lon="-8.5004">
        <ele>177</ele>
        <time>2026-08-15T08:17:44.000Z</time>
      </trkpt>
      <trkpt lat="41.40619" lon="-8.50034">
        <ele>178</ele>
        <time>2026-08-15T08:17:48.000Z</time>
      </trkpt>
      <trkpt lat="41.40704" lon="-8.50042">
        <ele>178</ele>
        <time>2026-08-15T08:17:52.000Z</time>
      </trkpt>
      <trkpt lat="41.40791" lon="-8.50056">
        <ele>177</ele>
        <time>2026-08-15T08:17:56.000Z</time>
      </trkpt>
      <trkpt lat="41.40875" lon="-8.50071">
        <ele>176</ele>
        <time>2026-08-15T08:18:00.000Z</time>
      </trkpt>
      <trkpt lat="41.40955" lon="-8.50087">
        <ele>174</ele>
        <time>2026-08-15T08:18:04.000Z</time>
      </trkpt>
      <trkpt lat="41.41033" lon="-8.50107">
        <ele>171</ele>
        <time>2026-08-15T08:18:08.000Z</time>
      </trkpt>
      <trkpt lat="41.41112" lon="-8.5014">
        <ele>166</ele>
        <time>2026-08-15T08:18:12.000Z</time>
      </trkpt>
      <trkpt lat="41.4119" lon="-8.50186">
        <ele>160</ele>
        <time>2026-08-15T08:18:16.000Z</time>
      </trkpt>
      <trkpt lat="41.41264" lon="-8.50244">
        <ele>156</ele>
        <time>2026-08-15T08:18:20.000Z</time>
      </trkpt>
      <trkpt lat="41.4133" lon="-8.50312">
        <ele>155</ele>
        <time>2026-08-15T08:18:24.000Z</time>
      </trkpt>
      <trkpt lat="41.41388" lon="-8.50385">
        <ele>156</ele>
        <time>2026-08-15T08:18:28.000Z</time>
      </trkpt>
      <trkpt lat="41.41444" lon="-8.50463">
        <ele>157</ele>
        <time>2026-08-15T08:18:32.000Z</time>
      </trkpt>
      <trkpt lat="41.41503" lon="-8.50536">
        <ele>158</ele>
        <time>2026-08-15T08:18:36.000Z</time>
      </trkpt>
      <trkpt lat="41.41562" lon="-8.50608">
        <ele>158</ele>
        <time>2026-08-15T08:18:40.000Z</time>
      </trkpt>
      <trkpt lat="41.41623" lon="-8.50673">
        <ele>157</ele>
        <time>2026-08-15T08:18:44.000Z</time>
      </trkpt>
      <trkpt lat="41.41679" lon="-8.50728">
        <ele>158</ele>
        <time>2026-08-15T08:18:48.000Z</time>
      </trkpt>
      <trkpt lat="41.41726" lon="-8.50767">
        <ele>158</ele>
        <time>2026-08-15T08:18:52.000Z</time>
      </trkpt>
      <trkpt lat="41.41764" lon="-8.50764">
        <ele>158</ele>
        <time>2026-08-15T08:18:56.000Z</time>
      </trkpt>
      <trkpt lat="41.41775" lon="-8.50719">
        <ele>155</ele>
        <time>2026-08-15T08:19:00.000Z</time>
      </trkpt>
      <trkpt lat="41.4175" lon="-8.50684">
        <ele>154</ele>
        <time>2026-08-15T08:19:04.000Z</time>
      </trkpt>
      <trkpt lat="41.41702" lon="-8.50669">
        <ele>151</ele>
        <time>2026-08-15T08:19:08.000Z</time>
      </trkpt>
      <trkpt lat="41.41644" lon="-8.50662">
        <ele>149</ele>
        <time>2026-08-15T08:19:12.000Z</time>
      </trkpt>
      <trkpt lat="41.41583" lon="-8.50669">
        <ele>146</ele>
        <time>2026-08-15T08:19:16.000Z</time>
      </trkpt>
      <trkpt lat="41.41525" lon="-8.50684">
        <ele>144</ele>
        <time>2026-08-15T08:19:20.000Z</time>
      </trkpt>
      <trkpt lat="41.41474" lon="-8.5071">
        <ele>144</ele>
        <time>2026-08-15T08:19:24.000Z</time>
      </trkpt>
      <trkpt lat="41.41428" lon="-8.50736">
        <ele>142</ele>
        <time>2026-08-15T08:19:28.000Z</time>
      </trkpt>
      <trkpt lat="41.41394" lon="-8.5074">
        <ele>142</ele>
        <time>2026-08-15T08:19:32.000Z</time>
      </trkpt>
      <trkpt lat="41.41378" lon="-8.50748">
        <ele>141</ele>
        <time>2026-08-15T08:19:36.000Z</time>
      </trkpt>
      <trkpt lat="41.41353" lon="-8.50747">
        <ele>145</ele>
        <time>2026-08-15T08:19:40.000Z</time>
      </trkpt>
      <trkpt lat="41.41347" lon="-8.50707">
        <ele>145</ele>
        <time>2026-08-15T08:19:44.000Z</time>
      </trkpt>
      <trkpt lat="41.4137" lon="-8.50693">
        <ele>145</ele>
        <time>2026-08-15T08:19:48.000Z</time>
      </trkpt>
      <trkpt lat="41.41396" lon="-8.50637">
        <ele>145</ele>
        <time>2026-08-15T08:19:52.000Z</time>
      </trkpt>
      <trkpt lat="41.4142" lon="-8.50583">
        <ele>145</ele>
        <time>2026-08-15T08:19:56.000Z</time>
      </trkpt>
      <trkpt lat="41.41444" lon="-8.50532">
        <ele>145</ele>
        <time>2026-08-15T08:20:00.000Z</time>
      </trkpt>
      <trkpt lat="41.41466" lon="-8.50477">
        <ele>145</ele>
        <time>2026-08-15T08:20:04.000Z</time>
      </trkpt>
      <trkpt lat="41.41491" lon="-8.50417">
        <ele>145</ele>
        <time>2026-08-15T08:20:08.000Z</time>
      </trkpt>
      <trkpt lat="41.41517" lon="-8.50355">
        <ele>145</ele>
        <time>2026-08-15T08:20:12.000Z</time>
      </trkpt>
      <trkpt lat="41.41543" lon="-8.50291">
        <ele>145</ele>
        <time>2026-08-15T08:20:16.000Z</time>
      </trkpt>
      <trkpt lat="41.41569" lon="-8.50227">
        <ele>145</ele>
        <time>2026-08-15T08:20:20.000Z</time>
      </trkpt>
      <trkpt lat="41.41608" lon="-8.50179">
        <ele>145</ele>
        <time>2026-08-15T08:20:24.000Z</time>
      </trkpt>
      <trkpt lat="41.41656" lon="-8.50147">
        <ele>145</ele>
        <time>2026-08-15T08:20:28.000Z</time>
      </trkpt>
      <trkpt lat="41.41703" lon="-8.50114">
        <ele>145</ele>
        <time>2026-08-15T08:20:32.000Z</time>
      </trkpt>
      <trkpt lat="41.4174" lon="-8.50066">
        <ele>145</ele>
        <time>2026-08-15T08:20:36.000Z</time>
      </trkpt>
      <trkpt lat="41.4177" lon="-8.50006">
        <ele>145</ele>
        <time>2026-08-15T08:20:40.000Z</time>
      </trkpt>
      <trkpt lat="41.41801" lon="-8.49942">
        <ele>145</ele>
        <time>2026-08-15T08:20:44.000Z</time>
      </trkpt>
      <trkpt lat="41.4183" lon="-8.4988">
        <ele>145</ele>
        <time>2026-08-15T08:20:48.000Z</time>
      </trkpt>
      <trkpt lat="41.41857" lon="-8.49817">
        <ele>145</ele>
        <time>2026-08-15T08:20:52.000Z</time>
      </trkpt>
      <trkpt lat="41.41886" lon="-8.49756">
        <ele>145</ele>
        <time>2026-08-15T08:20:56.000Z</time>
      </trkpt>
      <trkpt lat="41.41913" lon="-8.49699">
        <ele>145</ele>
        <time>2026-08-15T08:21:00.000Z</time>
      </trkpt>
      <trkpt lat="41.4194" lon="-8.4964">
        <ele>145</ele>
        <time>2026-08-15T08:21:04.000Z</time>
      </trkpt>
      <trkpt lat="41.41964" lon="-8.49589">
        <ele>168</ele>
        <time>2026-08-15T08:21:08.000Z</time>
      </trkpt>
      <trkpt lat="41.41985" lon="-8.49545">
        <ele>168</ele>
        <time>2026-08-15T08:21:12.000Z</time>
      </trkpt>
      <trkpt lat="41.42008" lon="-8.49495">
        <ele>169</ele>
        <time>2026-08-15T08:21:16.000Z</time>
      </trkpt>
      <trkpt lat="41.42028" lon="-8.49452">
        <ele>170</ele>
        <time>2026-08-15T08:21:20.000Z</time>
      </trkpt>
      <trkpt lat="41.42064" lon="-8.49376">
        <ele>170</ele>
        <time>2026-08-15T08:21:24.000Z</time>
      </trkpt>
      <trkpt lat="41.42094" lon="-8.49312">
        <ele>171</ele>
        <time>2026-08-15T08:21:28.000Z</time>
      </trkpt>
      <trkpt lat="41.42124" lon="-8.49247">
        <ele>172</ele>
        <time>2026-08-15T08:21:32.000Z</time>
      </trkpt>
      <trkpt lat="41.42155" lon="-8.49182">
        <ele>175</ele>
        <time>2026-08-15T08:21:36.000Z</time>
      </trkpt>
      <trkpt lat="41.42184" lon="-8.49119">
        <ele>178</ele>
        <time>2026-08-15T08:21:40.000Z</time>
      </trkpt>
      <trkpt lat="41.42208" lon="-8.49066">
        <ele>179</ele>
        <time>2026-08-15T08:21:44.000Z</time>
      </trkpt>
      <trkpt lat="41.4223" lon="-8.49019">
        <ele>180</ele>
        <time>2026-08-15T08:21:48.000Z</time>
      </trkpt>
      <trkpt lat="41.42253" lon="-8.48966">
        <ele>181</ele>
        <time>2026-08-15T08:21:52.000Z</time>
      </trkpt>
      <trkpt lat="41.42266" lon="-8.48921">
        <ele>180</ele>
        <time>2026-08-15T08:21:56.000Z</time>
      </trkpt>
      <trkpt lat="41.42266" lon="-8.4888">
        <ele>182</ele>
        <time>2026-08-15T08:22:00.000Z</time>
      </trkpt>
      <trkpt lat="41.42262" lon="-8.48846">
        <ele>182</ele>
        <time>2026-08-15T08:22:04.000Z</time>
      </trkpt>
      <trkpt lat="41.42255" lon="-8.48807">
        <ele>181</ele>
        <time>2026-08-15T08:22:08.000Z</time>
      </trkpt>
      <trkpt lat="41.42246" lon="-8.48766">
        <ele>181</ele>
        <time>2026-08-15T08:22:12.000Z</time>
      </trkpt>
      <trkpt lat="41.42226" lon="-8.48734">
        <ele>181</ele>
        <time>2026-08-15T08:22:16.000Z</time>
      </trkpt>
      <trkpt lat="41.42188" lon="-8.48721">
        <ele>182</ele>
        <time>2026-08-15T08:22:20.000Z</time>
      </trkpt>
      <trkpt lat="41.42143" lon="-8.48723">
        <ele>183</ele>
        <time>2026-08-15T08:22:24.000Z</time>
      </trkpt>
      <trkpt lat="41.42096" lon="-8.48725">
        <ele>184</ele>
        <time>2026-08-15T08:22:28.000Z</time>
      </trkpt>
      <trkpt lat="41.42048" lon="-8.48714">
        <ele>183</ele>
        <time>2026-08-15T08:22:32.000Z</time>
      </trkpt>
      <trkpt lat="41.42" lon="-8.48688">
        <ele>182</ele>
        <time>2026-08-15T08:22:36.000Z</time>
      </trkpt>
      <trkpt lat="41.41951" lon="-8.4866">
        <ele>180</ele>
        <time>2026-08-15T08:22:40.000Z</time>
      </trkpt>
      <trkpt lat="41.41903" lon="-8.48634">
        <ele>177</ele>
        <time>2026-08-15T08:22:44.000Z</time>
      </trkpt>
      <trkpt lat="41.41858" lon="-8.48606">
        <ele>176</ele>
        <time>2026-08-15T08:22:48.000Z</time>
      </trkpt>
      <trkpt lat="41.4182" lon="-8.48561">
        <ele>175</ele>
        <time>2026-08-15T08:22:52.000Z</time>
      </trkpt>
      <trkpt lat="41.41784" lon="-8.48515">
        <ele>175</ele>
        <time>2026-08-15T08:22:56.000Z</time>
      </trkpt>
      <trkpt lat="41.41756" lon="-8.48457">
        <ele>177</ele>
        <time>2026-08-15T08:23:00.000Z</time>
      </trkpt>
      <trkpt lat="41.41753" lon="-8.48382">
        <ele>178</ele>
        <time>2026-08-15T08:23:04.000Z</time>
      </trkpt>
      <trkpt lat="41.41752" lon="-8.48307">
        <ele>179</ele>
        <time>2026-08-15T08:23:08.000Z</time>
      </trkpt>
      <trkpt lat="41.41749" lon="-8.4824">
        <ele>180</ele>
        <time>2026-08-15T08:23:12.000Z</time>
      </trkpt>
      <trkpt lat="41.41719" lon="-8.48193">
        <ele>180</ele>
        <time>2026-08-15T08:23:16.000Z</time>
      </trkpt>
      <trkpt lat="41.41676" lon="-8.48172">
        <ele>182</ele>
        <time>2026-08-15T08:23:20.000Z</time>
      </trkpt>
      <trkpt lat="41.41638" lon="-8.48127">
        <ele>183</ele>
        <time>2026-08-15T08:23:24.000Z</time>
      </trkpt>
      <trkpt lat="41.41609" lon="-8.48071">
        <ele>185</ele>
        <time>2026-08-15T08:23:28.000Z</time>
      </trkpt>
      <trkpt lat="41.41584" lon="-8.48019">
        <ele>187</ele>
        <time>2026-08-15T08:23:32.000Z</time>
      </trkpt>
      <trkpt lat="41.41572" lon="-8.47959">
        <ele>188</ele>
        <time>2026-08-15T08:23:36.000Z</time>
      </trkpt>
      <trkpt lat="41.41564" lon="-8.47891">
        <ele>189</ele>
        <time>2026-08-15T08:23:40.000Z</time>
      </trkpt>
      <trkpt lat="41.41556" lon="-8.47822">
        <ele>192</ele>
        <time>2026-08-15T08:23:44.000Z</time>
      </trkpt>
      <trkpt lat="41.4156" lon="-8.47757">
        <ele>194</ele>
        <time>2026-08-15T08:23:48.000Z</time>
      </trkpt>
      <trkpt lat="41.41577" lon="-8.47692">
        <ele>194</ele>
        <time>2026-08-15T08:23:52.000Z</time>
      </trkpt>
      <trkpt lat="41.41595" lon="-8.47622">
        <ele>195</ele>
        <time>2026-08-15T08:23:56.000Z</time>
      </trkpt>
      <trkpt lat="41.41613" lon="-8.47552">
        <ele>195</ele>
        <time>2026-08-15T08:24:00.000Z</time>
      </trkpt>
      <trkpt lat="41.41619" lon="-8.47485">
        <ele>194</ele>
        <time>2026-08-15T08:24:04.000Z</time>
      </trkpt>
      <trkpt lat="41.41604" lon="-8.47418">
        <ele>194</ele>
        <time>2026-08-15T08:24:08.000Z</time>
      </trkpt>
      <trkpt lat="41.41561" lon="-8.47369">
        <ele>194</ele>
        <time>2026-08-15T08:24:12.000Z</time>
      </trkpt>
      <trkpt lat="41.41514" lon="-8.47327">
        <ele>195</ele>
        <time>2026-08-15T08:24:16.000Z</time>
      </trkpt>
      <trkpt lat="41.41492" lon="-8.47265">
        <ele>197</ele>
        <time>2026-08-15T08:24:20.000Z</time>
      </trkpt>
      <trkpt lat="41.41512" lon="-8.47205">
        <ele>200</ele>
        <time>2026-08-15T08:24:24.000Z</time>
      </trkpt>
      <trkpt lat="41.41539" lon="-8.47156">
        <ele>203</ele>
        <time>2026-08-15T08:24:28.000Z</time>
      </trkpt>
      <trkpt lat="41.41566" lon="-8.47105">
        <ele>205</ele>
        <time>2026-08-15T08:24:32.000Z</time>
      </trkpt>
      <trkpt lat="41.41596" lon="-8.47052">
        <ele>208</ele>
        <time>2026-08-15T08:24:36.000Z</time>
      </trkpt>
      <trkpt lat="41.41623" lon="-8.46994">
        <ele>209</ele>
        <time>2026-08-15T08:24:40.000Z</time>
      </trkpt>
      <trkpt lat="41.41622" lon="-8.46928">
        <ele>209</ele>
        <time>2026-08-15T08:24:44.000Z</time>
      </trkpt>
      <trkpt lat="41.41614" lon="-8.46862">
        <ele>211</ele>
        <time>2026-08-15T08:24:48.000Z</time>
      </trkpt>
      <trkpt lat="41.41607" lon="-8.46799">
        <ele>212</ele>
        <time>2026-08-15T08:24:52.000Z</time>
      </trkpt>
      <trkpt lat="41.41593" lon="-8.46739">
        <ele>213</ele>
        <time>2026-08-15T08:24:56.000Z</time>
      </trkpt>
      <trkpt lat="41.41557" lon="-8.46703">
        <ele>212</ele>
        <time>2026-08-15T08:25:00.000Z</time>
      </trkpt>
      <trkpt lat="41.41515" lon="-8.46681">
        <ele>211</ele>
        <time>2026-08-15T08:25:04.000Z</time>
      </trkpt>
      <trkpt lat="41.4147" lon="-8.46659">
        <ele>210</ele>
        <time>2026-08-15T08:25:08.000Z</time>
      </trkpt>
      <trkpt lat="41.41423" lon="-8.46635">
        <ele>212</ele>
        <time>2026-08-15T08:25:12.000Z</time>
      </trkpt>
      <trkpt lat="41.41376" lon="-8.46612">
        <ele>213</ele>
        <time>2026-08-15T08:25:16.000Z</time>
      </trkpt>
      <trkpt lat="41.41344" lon="-8.46571">
        <ele>216</ele>
        <time>2026-08-15T08:25:20.000Z</time>
      </trkpt>
      <trkpt lat="41.41337" lon="-8.46514">
        <ele>215</ele>
        <time>2026-08-15T08:25:24.000Z</time>
      </trkpt>
      <trkpt lat="41.41347" lon="-8.46448">
        <ele>213</ele>
        <time>2026-08-15T08:25:28.000Z</time>
      </trkpt>
      <trkpt lat="41.4136" lon="-8.46374">
        <ele>210</ele>
        <time>2026-08-15T08:25:32.000Z</time>
      </trkpt>
      <trkpt lat="41.41373" lon="-8.46299">
        <ele>209</ele>
        <time>2026-08-15T08:25:36.000Z</time>
      </trkpt>
      <trkpt lat="41.41386" lon="-8.46224">
        <ele>208</ele>
        <time>2026-08-15T08:25:40.000Z</time>
      </trkpt>
      <trkpt lat="41.41399" lon="-8.46149">
        <ele>208</ele>
        <time>2026-08-15T08:25:44.000Z</time>
      </trkpt>
      <trkpt lat="41.41412" lon="-8.46079">
        <ele>209</ele>
        <time>2026-08-15T08:25:48.000Z</time>
      </trkpt>
      <trkpt lat="41.41436" lon="-8.46015">
        <ele>208</ele>
        <time>2026-08-15T08:25:52.000Z</time>
      </trkpt>
      <trkpt lat="41.41449" lon="-8.45946">
        <ele>205</ele>
        <time>2026-08-15T08:25:56.000Z</time>
      </trkpt>
      <trkpt lat="41.41456" lon="-8.45881">
        <ele>204</ele>
        <time>2026-08-15T08:26:00.000Z</time>
      </trkpt>
      <trkpt lat="41.41462" lon="-8.45824">
        <ele>202</ele>
        <time>2026-08-15T08:26:04.000Z</time>
      </trkpt>
      <trkpt lat="41.41467" lon="-8.45774">
        <ele>201</ele>
        <time>2026-08-15T08:26:08.000Z</time>
      </trkpt>
      <trkpt lat="41.41461" lon="-8.45731">
        <ele>200</ele>
        <time>2026-08-15T08:26:12.000Z</time>
      </trkpt>
      <trkpt lat="41.41432" lon="-8.45705">
        <ele>200</ele>
        <time>2026-08-15T08:26:16.000Z</time>
      </trkpt>
      <trkpt lat="41.4139" lon="-8.45697">
        <ele>197</ele>
        <time>2026-08-15T08:26:20.000Z</time>
      </trkpt>
      <trkpt lat="41.41341" lon="-8.45692">
        <ele>194</ele>
        <time>2026-08-15T08:26:24.000Z</time>
      </trkpt>
      <trkpt lat="41.41288" lon="-8.45687">
        <ele>189</ele>
        <time>2026-08-15T08:26:28.000Z</time>
      </trkpt>
      <trkpt lat="41.41233" lon="-8.45681">
        <ele>186</ele>
        <time>2026-08-15T08:26:32.000Z</time>
      </trkpt>
      <trkpt lat="41.41174" lon="-8.45676">
        <ele>184</ele>
        <time>2026-08-15T08:26:36.000Z</time>
      </trkpt>
      <trkpt lat="41.41111" lon="-8.45669">
        <ele>181</ele>
        <time>2026-08-15T08:26:40.000Z</time>
      </trkpt>
      <trkpt lat="41.41045" lon="-8.45663">
        <ele>181</ele>
        <time>2026-08-15T08:26:44.000Z</time>
      </trkpt>
      <trkpt lat="41.40977" lon="-8.45656">
        <ele>181</ele>
        <time>2026-08-15T08:26:48.000Z</time>
      </trkpt>
      <trkpt lat="41.4091" lon="-8.45649">
        <ele>179</ele>
        <time>2026-08-15T08:26:52.000Z</time>
      </trkpt>
      <trkpt lat="41.40843" lon="-8.45643">
        <ele>178</ele>
        <time>2026-08-15T08:26:56.000Z</time>
      </trkpt>
      <trkpt lat="41.40777" lon="-8.45636">
        <ele>175</ele>
        <time>2026-08-15T08:27:00.000Z</time>
      </trkpt>
      <trkpt lat="41.4071" lon="-8.45631">
        <ele>172</ele>
        <time>2026-08-15T08:27:04.000Z</time>
      </trkpt>
      <trkpt lat="41.40642" lon="-8.4563">
        <ele>170</ele>
        <time>2026-08-15T08:27:08.000Z</time>
      </trkpt>
      <trkpt lat="41.40575" lon="-8.45631">
        <ele>167</ele>
        <time>2026-08-15T08:27:12.000Z</time>
      </trkpt>
      <trkpt lat="41.405" lon="-8.4563">
        <ele>164</ele>
        <time>2026-08-15T08:27:16.000Z</time>
      </trkpt>
      <trkpt lat="41.40421" lon="-8.45631">
        <ele>162</ele>
        <time>2026-08-15T08:27:20.000Z</time>
      </trkpt>
      <trkpt lat="41.40345" lon="-8.45634">
        <ele>162</ele>
        <time>2026-08-15T08:27:24.000Z</time>
      </trkpt>
      <trkpt lat="41.40271" lon="-8.45635">
        <ele>161</ele>
        <time>2026-08-15T08:27:28.000Z</time>
      </trkpt>
      <trkpt lat="41.40199" lon="-8.45635">
        <ele>162</ele>
        <time>2026-08-15T08:27:32.000Z</time>
      </trkpt>
      <trkpt lat="41.40135" lon="-8.45633">
        <ele>162</ele>
        <time>2026-08-15T08:27:36.000Z</time>
      </trkpt>
      <trkpt lat="41.40065" lon="-8.45631">
        <ele>160</ele>
        <time>2026-08-15T08:27:40.000Z</time>
      </trkpt>
      <trkpt lat="41.4004" lon="-8.45655">
        <ele>159</ele>
        <time>2026-08-15T08:27:44.000Z</time>
      </trkpt>
      <trkpt lat="41.40031" lon="-8.45704">
        <ele>160</ele>
        <time>2026-08-15T08:27:48.000Z</time>
      </trkpt>
      <trkpt lat="41.40036" lon="-8.45759">
        <ele>162</ele>
        <time>2026-08-15T08:27:52.000Z</time>
      </trkpt>
      <trkpt lat="41.40037" lon="-8.45811">
        <ele>163</ele>
        <time>2026-08-15T08:27:56.000Z</time>
      </trkpt>
      <trkpt lat="41.40036" lon="-8.45865">
        <ele>164</ele>
        <time>2026-08-15T08:28:00.000Z</time>
      </trkpt>
      <trkpt lat="41.40036" lon="-8.45923">
        <ele>164</ele>
        <time>2026-08-15T08:28:04.000Z</time>
      </trkpt>
      <trkpt lat="41.40051" lon="-8.45986">
        <ele>164</ele>
        <time>2026-08-15T08:28:08.000Z</time>
      </trkpt>
      <trkpt lat="41.40093" lon="-8.46032">
        <ele>163</ele>
        <time>2026-08-15T08:28:12.000Z</time>
      </trkpt>
      <trkpt lat="41.40148" lon="-8.46026">
        <ele>161</ele>
        <time>2026-08-15T08:28:16.000Z</time>
      </trkpt>
      <trkpt lat="41.40184" lon="-8.45973">
        <ele>165</ele>
        <time>2026-08-15T08:28:20.000Z</time>
      </trkpt>
      <trkpt lat="41.40193" lon="-8.45893">
        <ele>168</ele>
        <time>2026-08-15T08:28:24.000Z</time>
      </trkpt>
      <trkpt lat="41.40195" lon="-8.45806">
        <ele>168</ele>
        <time>2026-08-15T08:28:28.000Z</time>
      </trkpt>
      <trkpt lat="41.40194" lon="-8.4571">
        <ele>166</ele>
        <time>2026-08-15T08:28:32.000Z</time>
      </trkpt>
      <trkpt lat="41.40193" lon="-8.45604">
        <ele>165</ele>
        <time>2026-08-15T08:28:36.000Z</time>
      </trkpt>
      <trkpt lat="41.40192" lon="-8.45496">
        <ele>165</ele>
        <time>2026-08-15T08:28:40.000Z</time>
      </trkpt>
      <trkpt lat="41.4019" lon="-8.45384">
        <ele>166</ele>
        <time>2026-08-15T08:28:44.000Z</time>
      </trkpt>
      <trkpt lat="41.40188" lon="-8.45267">
        <ele>168</ele>
        <time>2026-08-15T08:28:48.000Z</time>
      </trkpt>
      <trkpt lat="41.40186" lon="-8.45146">
        <ele>171</ele>
        <time>2026-08-15T08:28:52.000Z</time>
      </trkpt>
      <trkpt lat="41.40184" lon="-8.45022">
        <ele>175</ele>
        <time>2026-08-15T08:28:56.000Z</time>
      </trkpt>
      <trkpt lat="41.40189" lon="-8.44902">
        <ele>179</ele>
        <time>2026-08-15T08:29:00.000Z</time>
      </trkpt>
      <trkpt lat="41.4021" lon="-8.44784">
        <ele>181</ele>
        <time>2026-08-15T08:29:04.000Z</time>
      </trkpt>
      <trkpt lat="41.40244" lon="-8.44672">
        <ele>183</ele>
        <time>2026-08-15T08:29:08.000Z</time>
      </trkpt>
      <trkpt lat="41.40294" lon="-8.44569">
        <ele>182</ele>
        <time>2026-08-15T08:29:12.000Z</time>
      </trkpt>
      <trkpt lat="41.40353" lon="-8.44468">
        <ele>180</ele>
        <time>2026-08-15T08:29:16.000Z</time>
      </trkpt>
      <trkpt lat="41.40409" lon="-8.44364">
        <ele>177</ele>
        <time>2026-08-15T08:29:20.000Z</time>
      </trkpt>
      <trkpt lat="41.4045" lon="-8.44249">
        <ele>173</ele>
        <time>2026-08-15T08:29:24.000Z</time>
      </trkpt>
      <trkpt lat="41.40476" lon="-8.44129">
        <ele>170</ele>
        <time>2026-08-15T08:29:28.000Z</time>
      </trkpt>
      <trkpt lat="41.40483" lon="-8.44008">
        <ele>170</ele>
        <time>2026-08-15T08:29:32.000Z</time>
      </trkpt>
      <trkpt lat="41.40489" lon="-8.43882">
        <ele>173</ele>
        <time>2026-08-15T08:29:36.000Z</time>
      </trkpt>
      <trkpt lat="41.40504" lon="-8.43757">
        <ele>176</ele>
        <time>2026-08-15T08:29:40.000Z</time>
      </trkpt>
      <trkpt lat="41.40531" lon="-8.43632">
        <ele>183</ele>
        <time>2026-08-15T08:29:44.000Z</time>
      </trkpt>
      <trkpt lat="41.40565" lon="-8.43511">
        <ele>189</ele>
        <time>2026-08-15T08:29:48.000Z</time>
      </trkpt>
      <trkpt lat="41.40597" lon="-8.43388">
        <ele>194</ele>
        <time>2026-08-15T08:29:52.000Z</time>
      </trkpt>
      <trkpt lat="41.40619" lon="-8.4326">
        <ele>198</ele>
        <time>2026-08-15T08:29:56.000Z</time>
      </trkpt>
      <trkpt lat="41.40627" lon="-8.43132">
        <ele>203</ele>
        <time>2026-08-15T08:30:00.000Z</time>
      </trkpt>
      <trkpt lat="41.40633" lon="-8.43005">
        <ele>209</ele>
        <time>2026-08-15T08:30:04.000Z</time>
      </trkpt>
      <trkpt lat="41.40645" lon="-8.42878">
        <ele>215</ele>
        <time>2026-08-15T08:30:08.000Z</time>
      </trkpt>
      <trkpt lat="41.40666" lon="-8.42752">
        <ele>221</ele>
        <time>2026-08-15T08:30:12.000Z</time>
      </trkpt>
      <trkpt lat="41.40695" lon="-8.42627">
        <ele>225</ele>
        <time>2026-08-15T08:30:16.000Z</time>
      </trkpt>
      <trkpt lat="41.40725" lon="-8.42502">
        <ele>230</ele>
        <time>2026-08-15T08:30:20.000Z</time>
      </trkpt>
      <trkpt lat="41.40742" lon="-8.42373">
        <ele>234</ele>
        <time>2026-08-15T08:30:24.000Z</time>
      </trkpt>
      <trkpt lat="41.40742" lon="-8.42242">
        <ele>240</ele>
        <time>2026-08-15T08:30:28.000Z</time>
      </trkpt>
      <trkpt lat="41.40724" lon="-8.42114">
        <ele>245</ele>
        <time>2026-08-15T08:30:32.000Z</time>
      </trkpt>
      <trkpt lat="41.407" lon="-8.41985">
        <ele>249</ele>
        <time>2026-08-15T08:30:36.000Z</time>
      </trkpt>
      <trkpt lat="41.40679" lon="-8.41854">
        <ele>250</ele>
        <time>2026-08-15T08:30:40.000Z</time>
      </trkpt>
      <trkpt lat="41.40676" lon="-8.4172">
        <ele>250</ele>
        <time>2026-08-15T08:30:44.000Z</time>
      </trkpt>
      <trkpt lat="41.40687" lon="-8.41586">
        <ele>249</ele>
        <time>2026-08-15T08:30:48.000Z</time>
      </trkpt>
      <trkpt lat="41.40719" lon="-8.41454">
        <ele>246</ele>
        <time>2026-08-15T08:30:52.000Z</time>
      </trkpt>
      <trkpt lat="41.40762" lon="-8.41326">
        <ele>242</ele>
        <time>2026-08-15T08:30:56.000Z</time>
      </trkpt>
      <trkpt lat="41.40801" lon="-8.41198">
        <ele>237</ele>
        <time>2026-08-15T08:31:00.000Z</time>
      </trkpt>
      <trkpt lat="41.4083" lon="-8.41063">
        <ele>231</ele>
        <time>2026-08-15T08:31:04.000Z</time>
      </trkpt>
      <trkpt lat="41.40841" lon="-8.40923">
        <ele>225</ele>
        <time>2026-08-15T08:31:08.000Z</time>
      </trkpt>
      <trkpt lat="41.40837" lon="-8.40781">
        <ele>219</ele>
        <time>2026-08-15T08:31:12.000Z</time>
      </trkpt>
      <trkpt lat="41.40817" lon="-8.40642">
        <ele>212</ele>
        <time>2026-08-15T08:31:16.000Z</time>
      </trkpt>
      <trkpt lat="41.40793" lon="-8.40504">
        <ele>207</ele>
        <time>2026-08-15T08:31:20.000Z</time>
      </trkpt>
      <trkpt lat="41.40778" lon="-8.40366">
        <ele>203</ele>
        <time>2026-08-15T08:31:24.000Z</time>
      </trkpt>
      <trkpt lat="41.40774" lon="-8.40225">
        <ele>199</ele>
        <time>2026-08-15T08:31:28.000Z</time>
      </trkpt>
      <trkpt lat="41.40771" lon="-8.40083">
        <ele>195</ele>
        <time>2026-08-15T08:31:32.000Z</time>
      </trkpt>
      <trkpt lat="41.40768" lon="-8.39941">
        <ele>190</ele>
        <time>2026-08-15T08:31:36.000Z</time>
      </trkpt>
      <trkpt lat="41.40765" lon="-8.398">
        <ele>187</ele>
        <time>2026-08-15T08:31:40.000Z</time>
      </trkpt>
      <trkpt lat="41.40755" lon="-8.39661">
        <ele>185</ele>
        <time>2026-08-15T08:31:44.000Z</time>
      </trkpt>
      <trkpt lat="41.40737" lon="-8.39523">
        <ele>182</ele>
        <time>2026-08-15T08:31:48.000Z</time>
      </trkpt>
      <trkpt lat="41.40709" lon="-8.39386">
        <ele>180</ele>
        <time>2026-08-15T08:31:52.000Z</time>
      </trkpt>
      <trkpt lat="41.40677" lon="-8.39251">
        <ele>177</ele>
        <time>2026-08-15T08:31:56.000Z</time>
      </trkpt>
      <trkpt lat="41.40643" lon="-8.39117">
        <ele>173</ele>
        <time>2026-08-15T08:32:00.000Z</time>
      </trkpt>
      <trkpt lat="41.4061" lon="-8.38982">
        <ele>169</ele>
        <time>2026-08-15T08:32:04.000Z</time>
      </trkpt>
      <trkpt lat="41.40577" lon="-8.38849">
        <ele>165</ele>
        <time>2026-08-15T08:32:08.000Z</time>
      </trkpt>
      <trkpt lat="41.40545" lon="-8.38716">
        <ele>161</ele>
        <time>2026-08-15T08:32:12.000Z</time>
      </trkpt>
      <trkpt lat="41.40527" lon="-8.3858">
        <ele>162</ele>
        <time>2026-08-15T08:32:16.000Z</time>
      </trkpt>
      <trkpt lat="41.40522" lon="-8.38444">
        <ele>162</ele>
        <time>2026-08-15T08:32:20.000Z</time>
      </trkpt>
      <trkpt lat="41.40531" lon="-8.38312">
        <ele>163</ele>
        <time>2026-08-15T08:32:24.000Z</time>
      </trkpt>
      <trkpt lat="41.40554" lon="-8.38186">
        <ele>165</ele>
        <time>2026-08-15T08:32:28.000Z</time>
      </trkpt>
      <trkpt lat="41.4059" lon="-8.38064">
        <ele>167</ele>
        <time>2026-08-15T08:32:32.000Z</time>
      </trkpt>
      <trkpt lat="41.40636" lon="-8.37951">
        <ele>167</ele>
        <time>2026-08-15T08:32:36.000Z</time>
      </trkpt>
      <trkpt lat="41.40693" lon="-8.37849">
        <ele>167</ele>
        <time>2026-08-15T08:32:40.000Z</time>
      </trkpt>
      <trkpt lat="41.40756" lon="-8.3776">
        <ele>166</ele>
        <time>2026-08-15T08:32:44.000Z</time>
      </trkpt>
      <trkpt lat="41.40821" lon="-8.37686">
        <ele>162</ele>
        <time>2026-08-15T08:32:48.000Z</time>
      </trkpt>
      <trkpt lat="41.40881" lon="-8.37617">
        <ele>160</ele>
        <time>2026-08-15T08:32:52.000Z</time>
      </trkpt>
      <trkpt lat="41.40931" lon="-8.37538">
        <ele>159</ele>
        <time>2026-08-15T08:32:56.000Z</time>
      </trkpt>
      <trkpt lat="41.40973" lon="-8.37438">
        <ele>159</ele>
        <time>2026-08-15T08:33:00.000Z</time>
      </trkpt>
      <trkpt lat="41.40999" lon="-8.37321">
        <ele>161</ele>
        <time>2026-08-15T08:33:04.000Z</time>
      </trkpt>
      <trkpt lat="41.41003" lon="-8.37196">
        <ele>164</ele>
        <time>2026-08-15T08:33:08.000Z</time>
      </trkpt>
      <trkpt lat="41.41002" lon="-8.3707">
        <ele>169</ele>
        <time>2026-08-15T08:33:12.000Z</time>
      </trkpt>
      <trkpt lat="41.41013" lon="-8.36943">
        <ele>174</ele>
        <time>2026-08-15T08:33:16.000Z</time>
      </trkpt>
      <trkpt lat="41.41048" lon="-8.36821">
        <ele>179</ele>
        <time>2026-08-15T08:33:20.000Z</time>
      </trkpt>
      <trkpt lat="41.411" lon="-8.3671">
        <ele>184</ele>
        <time>2026-08-15T08:33:24.000Z</time>
      </trkpt>
      <trkpt lat="41.41167" lon="-8.36617">
        <ele>188</ele>
        <time>2026-08-15T08:33:28.000Z</time>
      </trkpt>
      <trkpt lat="41.41243" lon="-8.36538">
        <ele>193</ele>
        <time>2026-08-15T08:33:32.000Z</time>
      </trkpt>
      <trkpt lat="41.41319" lon="-8.36456">
        <ele>197</ele>
        <time>2026-08-15T08:33:36.000Z</time>
      </trkpt>
      <trkpt lat="41.41388" lon="-8.3636">
        <ele>200</ele>
        <time>2026-08-15T08:33:40.000Z</time>
      </trkpt>
      <trkpt lat="41.41444" lon="-8.36251">
        <ele>203</ele>
        <time>2026-08-15T08:33:44.000Z</time>
      </trkpt>
      <trkpt lat="41.41489" lon="-8.36132">
        <ele>207</ele>
        <time>2026-08-15T08:33:48.000Z</time>
      </trkpt>
      <trkpt lat="41.41522" lon="-8.36005">
        <ele>211</ele>
        <time>2026-08-15T08:33:52.000Z</time>
      </trkpt>
      <trkpt lat="41.41548" lon="-8.35876">
        <ele>215</ele>
        <time>2026-08-15T08:33:56.000Z</time>
      </trkpt>
      <trkpt lat="41.41573" lon="-8.35748">
        <ele>217</ele>
        <time>2026-08-15T08:34:00.000Z</time>
      </trkpt>
      <trkpt lat="41.41609" lon="-8.35623">
        <ele>218</ele>
        <time>2026-08-15T08:34:04.000Z</time>
      </trkpt>
      <trkpt lat="41.41653" lon="-8.35501">
        <ele>217</ele>
        <time>2026-08-15T08:34:08.000Z</time>
      </trkpt>
      <trkpt lat="41.41704" lon="-8.35386">
        <ele>217</ele>
        <time>2026-08-15T08:34:12.000Z</time>
      </trkpt>
      <trkpt lat="41.41759" lon="-8.35273">
        <ele>215</ele>
        <time>2026-08-15T08:34:16.000Z</time>
      </trkpt>
      <trkpt lat="41.41803" lon="-8.35151">
        <ele>215</ele>
        <time>2026-08-15T08:34:20.000Z</time>
      </trkpt>
      <trkpt lat="41.41826" lon="-8.35024">
        <ele>217</ele>
        <time>2026-08-15T08:34:24.000Z</time>
      </trkpt>
      <trkpt lat="41.41826" lon="-8.34895">
        <ele>220</ele>
        <time>2026-08-15T08:34:28.000Z</time>
      </trkpt>
      <trkpt lat="41.41813" lon="-8.34768">
        <ele>225</ele>
        <time>2026-08-15T08:34:32.000Z</time>
      </trkpt>
      <trkpt lat="41.418" lon="-8.34639">
        <ele>229</ele>
        <time>2026-08-15T08:34:36.000Z</time>
      </trkpt>
      <trkpt lat="41.41808" lon="-8.34506">
        <ele>232</ele>
        <time>2026-08-15T08:34:40.000Z</time>
      </trkpt>
      <trkpt lat="41.41838" lon="-8.34381">
        <ele>237</ele>
        <time>2026-08-15T08:34:44.000Z</time>
      </trkpt>
      <trkpt lat="41.41891" lon="-8.3427">
        <ele>242</ele>
        <time>2026-08-15T08:34:48.000Z</time>
      </trkpt>
      <trkpt lat="41.41961" lon="-8.3418">
        <ele>244</ele>
        <time>2026-08-15T08:34:52.000Z</time>
      </trkpt>
      <trkpt lat="41.42045" lon="-8.34112">
        <ele>245</ele>
        <time>2026-08-15T08:34:56.000Z</time>
      </trkpt>
      <trkpt lat="41.42138" lon="-8.3406">
        <ele>243</ele>
        <time>2026-08-15T08:35:00.000Z</time>
      </trkpt>
      <trkpt lat="41.42234" lon="-8.34005">
        <ele>242</ele>
        <time>2026-08-15T08:35:04.000Z</time>
      </trkpt>
      <trkpt lat="41.42331" lon="-8.33951">
        <ele>239</ele>
        <time>2026-08-15T08:35:08.000Z</time>
      </trkpt>
      <trkpt lat="41.42425" lon="-8.33916">
        <ele>233</ele>
        <time>2026-08-15T08:35:12.000Z</time>
      </trkpt>
      <trkpt lat="41.42519" lon="-8.33911">
        <ele>227</ele>
        <time>2026-08-15T08:35:16.000Z</time>
      </trkpt>
      <trkpt lat="41.42604" lon="-8.33917">
        <ele>222</ele>
        <time>2026-08-15T08:35:20.000Z</time>
      </trkpt>
      <trkpt lat="41.42679" lon="-8.33921">
        <ele>218</ele>
        <time>2026-08-15T08:35:24.000Z</time>
      </trkpt>
      <trkpt lat="41.42745" lon="-8.33905">
        <ele>213</ele>
        <time>2026-08-15T08:35:28.000Z</time>
      </trkpt>
      <trkpt lat="41.42809" lon="-8.33873">
        <ele>211</ele>
        <time>2026-08-15T08:35:32.000Z</time>
      </trkpt>
      <trkpt lat="41.4285" lon="-8.33801">
        <ele>211</ele>
        <time>2026-08-15T08:35:36.000Z</time>
      </trkpt>
      <trkpt lat="41.42863" lon="-8.33707">
        <ele>211</ele>
        <time>2026-08-15T08:35:40.000Z</time>
      </trkpt>
      <trkpt lat="41.42874" lon="-8.33601">
        <ele>214</ele>
        <time>2026-08-15T08:35:44.000Z</time>
      </trkpt>
      <trkpt lat="41.42884" lon="-8.3349">
        <ele>218</ele>
        <time>2026-08-15T08:35:48.000Z</time>
      </trkpt>
      <trkpt lat="41.42884" lon="-8.33374">
        <ele>223</ele>
        <time>2026-08-15T08:35:52.000Z</time>
      </trkpt>
      <trkpt lat="41.42855" lon="-8.33265">
        <ele>229</ele>
        <time>2026-08-15T08:35:56.000Z</time>
      </trkpt>
      <trkpt lat="41.42804" lon="-8.33174">
        <ele>231</ele>
        <time>2026-08-15T08:36:00.000Z</time>
      </trkpt>
      <trkpt lat="41.42734" lon="-8.33101">
        <ele>235</ele>
        <time>2026-08-15T08:36:04.000Z</time>
      </trkpt>
      <trkpt lat="41.42647" lon="-8.33056">
        <ele>240</ele>
        <time>2026-08-15T08:36:08.000Z</time>
      </trkpt>
      <trkpt lat="41.42552" lon="-8.33047">
        <ele>245</ele>
        <time>2026-08-15T08:36:12.000Z</time>
      </trkpt>
      <trkpt lat="41.42456" lon="-8.33058">
        <ele>248</ele>
        <time>2026-08-15T08:36:16.000Z</time>
      </trkpt>
      <trkpt lat="41.42359" lon="-8.33063">
        <ele>252</ele>
        <time>2026-08-15T08:36:20.000Z</time>
      </trkpt>
      <trkpt lat="41.42263" lon="-8.33039">
        <ele>254</ele>
        <time>2026-08-15T08:36:24.000Z</time>
      </trkpt>
      <trkpt lat="41.42173" lon="-8.32987">
        <ele>256</ele>
        <time>2026-08-15T08:36:28.000Z</time>
      </trkpt>
      <trkpt lat="41.42094" lon="-8.3291">
        <ele>258</ele>
        <time>2026-08-15T08:36:32.000Z</time>
      </trkpt>
      <trkpt lat="41.42022" lon="-8.32817">
        <ele>260</ele>
        <time>2026-08-15T08:36:36.000Z</time>
      </trkpt>
      <trkpt lat="41.41947" lon="-8.32722">
        <ele>263</ele>
        <time>2026-08-15T08:36:40.000Z</time>
      </trkpt>
      <trkpt lat="41.41872" lon="-8.32626">
        <ele>263</ele>
        <time>2026-08-15T08:36:44.000Z</time>
      </trkpt>
      <trkpt lat="41.41785" lon="-8.3255">
        <ele>263</ele>
        <time>2026-08-15T08:36:48.000Z</time>
      </trkpt>
      <trkpt lat="41.41687" lon="-8.32496">
        <ele>262</ele>
        <time>2026-08-15T08:36:52.000Z</time>
      </trkpt>
      <trkpt lat="41.41581" lon="-8.32473">
        <ele>258</ele>
        <time>2026-08-15T08:36:56.000Z</time>
      </trkpt>
      <trkpt lat="41.41474" lon="-8.32473">
        <ele>254</ele>
        <time>2026-08-15T08:37:00.000Z</time>
      </trkpt>
      <trkpt lat="41.41368" lon="-8.32475">
        <ele>249</ele>
        <time>2026-08-15T08:37:04.000Z</time>
      </trkpt>
      <trkpt lat="41.41264" lon="-8.32454">
        <ele>246</ele>
        <time>2026-08-15T08:37:08.000Z</time>
      </trkpt>
      <trkpt lat="41.41166" lon="-8.32407">
        <ele>245</ele>
        <time>2026-08-15T08:37:12.000Z</time>
      </trkpt>
      <trkpt lat="41.41077" lon="-8.32333">
        <ele>243</ele>
        <time>2026-08-15T08:37:16.000Z</time>
      </trkpt>
      <trkpt lat="41.41002" lon="-8.32236">
        <ele>245</ele>
        <time>2026-08-15T08:37:20.000Z</time>
      </trkpt>
      <trkpt lat="41.40945" lon="-8.32125">
        <ele>249</ele>
        <time>2026-08-15T08:37:24.000Z</time>
      </trkpt>
      <trkpt lat="41.40904" lon="-8.32009">
        <ele>255</ele>
        <time>2026-08-15T08:37:28.000Z</time>
      </trkpt>
      <trkpt lat="41.4088" lon="-8.31886">
        <ele>260</ele>
        <time>2026-08-15T08:37:32.000Z</time>
      </trkpt>
      <trkpt lat="41.40876" lon="-8.31756">
        <ele>265</ele>
        <time>2026-08-15T08:37:36.000Z</time>
      </trkpt>
      <trkpt lat="41.4089" lon="-8.3163">
        <ele>271</ele>
        <time>2026-08-15T08:37:40.000Z</time>
      </trkpt>
      <trkpt lat="41.4092" lon="-8.31507">
        <ele>277</ele>
        <time>2026-08-15T08:37:44.000Z</time>
      </trkpt>
      <trkpt lat="41.40957" lon="-8.31386">
        <ele>283</ele>
        <time>2026-08-15T08:37:48.000Z</time>
      </trkpt>
      <trkpt lat="41.40994" lon="-8.31269">
        <ele>289</ele>
        <time>2026-08-15T08:37:52.000Z</time>
      </trkpt>
      <trkpt lat="41.4103" lon="-8.31152">
        <ele>294</ele>
        <time>2026-08-15T08:37:56.000Z</time>
      </trkpt>
      <trkpt lat="41.41069" lon="-8.31028">
        <ele>299</ele>
        <time>2026-08-15T08:38:00.000Z</time>
      </trkpt>
      <trkpt lat="41.41108" lon="-8.30903">
        <ele>305</ele>
        <time>2026-08-15T08:38:04.000Z</time>
      </trkpt>
      <trkpt lat="41.41148" lon="-8.3078">
        <ele>309</ele>
        <time>2026-08-15T08:38:08.000Z</time>
      </trkpt>
      <trkpt lat="41.41189" lon="-8.30656">
        <ele>316</ele>
        <time>2026-08-15T08:38:12.000Z</time>
      </trkpt>
      <trkpt lat="41.41228" lon="-8.30529">
        <ele>320</ele>
        <time>2026-08-15T08:38:16.000Z</time>
      </trkpt>
      <trkpt lat="41.41257" lon="-8.30394">
        <ele>323</ele>
        <time>2026-08-15T08:38:20.000Z</time>
      </trkpt>
      <trkpt lat="41.4127" lon="-8.30255">
        <ele>326</ele>
        <time>2026-08-15T08:38:24.000Z</time>
      </trkpt>
      <trkpt lat="41.41265" lon="-8.30114">
        <ele>328</ele>
        <time>2026-08-15T08:38:28.000Z</time>
      </trkpt>
      <trkpt lat="41.41243" lon="-8.29977">
        <ele>329</ele>
        <time>2026-08-15T08:38:32.000Z</time>
      </trkpt>
      <trkpt lat="41.41203" lon="-8.29846">
        <ele>330</ele>
        <time>2026-08-15T08:38:36.000Z</time>
      </trkpt>
      <trkpt lat="41.41161" lon="-8.29715">
        <ele>330</ele>
        <time>2026-08-15T08:38:40.000Z</time>
      </trkpt>
      <trkpt lat="41.41122" lon="-8.29583">
        <ele>329</ele>
        <time>2026-08-15T08:38:44.000Z</time>
      </trkpt>
      <trkpt lat="41.41088" lon="-8.29448">
        <ele>328</ele>
        <time>2026-08-15T08:38:48.000Z</time>
      </trkpt>
      <trkpt lat="41.41062" lon="-8.29311">
        <ele>328</ele>
        <time>2026-08-15T08:38:52.000Z</time>
      </trkpt>
      <trkpt lat="41.41041" lon="-8.29172">
        <ele>331</ele>
        <time>2026-08-15T08:38:56.000Z</time>
      </trkpt>
      <trkpt lat="41.41027" lon="-8.29032">
        <ele>336</ele>
        <time>2026-08-15T08:39:00.000Z</time>
      </trkpt>
      <trkpt lat="41.41016" lon="-8.28889">
        <ele>341</ele>
        <time>2026-08-15T08:39:04.000Z</time>
      </trkpt>
      <trkpt lat="41.41002" lon="-8.28745">
        <ele>347</ele>
        <time>2026-08-15T08:39:08.000Z</time>
      </trkpt>
      <trkpt lat="41.40974" lon="-8.28603">
        <ele>354</ele>
        <time>2026-08-15T08:39:12.000Z</time>
      </trkpt>
      <trkpt lat="41.40926" lon="-8.28468">
        <ele>361</ele>
        <time>2026-08-15T08:39:16.000Z</time>
      </trkpt>
      <trkpt lat="41.40861" lon="-8.28348">
        <ele>368</ele>
        <time>2026-08-15T08:39:20.000Z</time>
      </trkpt>
      <trkpt lat="41.40786" lon="-8.28237">
        <ele>375</ele>
        <time>2026-08-15T08:39:24.000Z</time>
      </trkpt>
      <trkpt lat="41.40713" lon="-8.28126">
        <ele>384</ele>
        <time>2026-08-15T08:39:28.000Z</time>
      </trkpt>
      <trkpt lat="41.40654" lon="-8.28002">
        <ele>391</ele>
        <time>2026-08-15T08:39:32.000Z</time>
      </trkpt>
      <trkpt lat="41.40611" lon="-8.27867">
        <ele>397</ele>
        <time>2026-08-15T08:39:36.000Z</time>
      </trkpt>
      <trkpt lat="41.40587" lon="-8.27725">
        <ele>404</ele>
        <time>2026-08-15T08:39:40.000Z</time>
      </trkpt>
      <trkpt lat="41.40582" lon="-8.27585">
        <ele>409</ele>
        <time>2026-08-15T08:39:44.000Z</time>
      </trkpt>
      <trkpt lat="41.40584" lon="-8.27457">
        <ele>415</ele>
        <time>2026-08-15T08:39:48.000Z</time>
      </trkpt>
      <trkpt lat="41.40583" lon="-8.27336">
        <ele>418</ele>
        <time>2026-08-15T08:39:52.000Z</time>
      </trkpt>
      <trkpt lat="41.40566" lon="-8.27212">
        <ele>421</ele>
        <time>2026-08-15T08:39:56.000Z</time>
      </trkpt>
      <trkpt lat="41.40533" lon="-8.27093">
        <ele>424</ele>
        <time>2026-08-15T08:40:00.000Z</time>
      </trkpt>
      <trkpt lat="41.40488" lon="-8.26993">
        <ele>425</ele>
        <time>2026-08-15T08:40:04.000Z</time>
      </trkpt>
      <trkpt lat="41.40438" lon="-8.26906">
        <ele>427</ele>
        <time>2026-08-15T08:40:08.000Z</time>
      </trkpt>
      <trkpt lat="41.4039" lon="-8.26814">
        <ele>428</ele>
        <time>2026-08-15T08:40:12.000Z</time>
      </trkpt>
      <trkpt lat="41.4035" lon="-8.26709">
        <ele>426</ele>
        <time>2026-08-15T08:40:16.000Z</time>
      </trkpt>
      <trkpt lat="41.40321" lon="-8.26595">
        <ele>424</ele>
        <time>2026-08-15T08:40:20.000Z</time>
      </trkpt>
      <trkpt lat="41.40309" lon="-8.26472">
        <ele>419</ele>
        <time>2026-08-15T08:40:24.000Z</time>
      </trkpt>
      <trkpt lat="41.40315" lon="-8.26345">
        <ele>412</ele>
        <time>2026-08-15T08:40:28.000Z</time>
      </trkpt>
      <trkpt lat="41.40335" lon="-8.26222">
        <ele>405</ele>
        <time>2026-08-15T08:40:32.000Z</time>
      </trkpt>
      <trkpt lat="41.40349" lon="-8.26116">
        <ele>400</ele>
        <time>2026-08-15T08:40:36.000Z</time>
      </trkpt>
      <trkpt lat="41.40359" lon="-8.26019">
        <ele>395</ele>
        <time>2026-08-15T08:40:40.000Z</time>
      </trkpt>
      <trkpt lat="41.40358" lon="-8.2592">
        <ele>389</ele>
        <time>2026-08-15T08:40:44.000Z</time>
      </trkpt>
      <trkpt lat="41.40347" lon="-8.25817">
        <ele>382</ele>
        <time>2026-08-15T08:40:48.000Z</time>
      </trkpt>
      <trkpt lat="41.4033" lon="-8.25721">
        <ele>377</ele>
        <time>2026-08-15T08:40:52.000Z</time>
      </trkpt>
      <trkpt lat="41.40313" lon="-8.25639">
        <ele>371</ele>
        <time>2026-08-15T08:40:56.000Z</time>
      </trkpt>
      <trkpt lat="41.40284" lon="-8.25565">
        <ele>366</ele>
        <time>2026-08-15T08:41:00.000Z</time>
      </trkpt>
      <trkpt lat="41.40231" lon="-8.2551">
        <ele>362</ele>
        <time>2026-08-15T08:41:04.000Z</time>
      </trkpt>
      <trkpt lat="41.40166" lon="-8.25488">
        <ele>358</ele>
        <time>2026-08-15T08:41:08.000Z</time>
      </trkpt>
      <trkpt lat="41.40094" lon="-8.25506">
        <ele>354</ele>
        <time>2026-08-15T08:41:12.000Z</time>
      </trkpt>
      <trkpt lat="41.40028" lon="-8.25558">
        <ele>352</ele>
        <time>2026-08-15T08:41:16.000Z</time>
      </trkpt>
      <trkpt lat="41.39966" lon="-8.25622">
        <ele>350</ele>
        <time>2026-08-15T08:41:20.000Z</time>
      </trkpt>
      <trkpt lat="41.39901" lon="-8.25702">
        <ele>347</ele>
        <time>2026-08-15T08:41:24.000Z</time>
      </trkpt>
      <trkpt lat="41.39829" lon="-8.2579">
        <ele>342</ele>
        <time>2026-08-15T08:41:28.000Z</time>
      </trkpt>
      <trkpt lat="41.39757" lon="-8.25877">
        <ele>336</ele>
        <time>2026-08-15T08:41:32.000Z</time>
      </trkpt>
      <trkpt lat="41.39681" lon="-8.25969">
        <ele>330</ele>
        <time>2026-08-15T08:41:36.000Z</time>
      </trkpt>
      <trkpt lat="41.39603" lon="-8.26065">
        <ele>322</ele>
        <time>2026-08-15T08:41:40.000Z</time>
      </trkpt>
      <trkpt lat="41.39523" lon="-8.26163">
        <ele>315</ele>
        <time>2026-08-15T08:41:44.000Z</time>
      </trkpt>
      <trkpt lat="41.39442" lon="-8.2626">
        <ele>307</ele>
        <time>2026-08-15T08:41:48.000Z</time>
      </trkpt>
      <trkpt lat="41.39363" lon="-8.26357">
        <ele>301</ele>
        <time>2026-08-15T08:41:52.000Z</time>
      </trkpt>
      <trkpt lat="41.39284" lon="-8.26454">
        <ele>297</ele>
        <time>2026-08-15T08:41:56.000Z</time>
      </trkpt>
      <trkpt lat="41.39205" lon="-8.26549">
        <ele>294</ele>
        <time>2026-08-15T08:42:00.000Z</time>
      </trkpt>
      <trkpt lat="41.39127" lon="-8.26644">
        <ele>289</ele>
        <time>2026-08-15T08:42:04.000Z</time>
      </trkpt>
      <trkpt lat="41.39051" lon="-8.26739">
        <ele>284</ele>
        <time>2026-08-15T08:42:08.000Z</time>
      </trkpt>
      <trkpt lat="41.38975" lon="-8.26833">
        <ele>280</ele>
        <time>2026-08-15T08:42:12.000Z</time>
      </trkpt>
      <trkpt lat="41.38896" lon="-8.2692">
        <ele>277</ele>
        <time>2026-08-15T08:42:16.000Z</time>
      </trkpt>
      <trkpt lat="41.3881" lon="-8.26999">
        <ele>273</ele>
        <time>2026-08-15T08:42:20.000Z</time>
      </trkpt>
      <trkpt lat="41.38716" lon="-8.27062">
        <ele>268</ele>
        <time>2026-08-15T08:42:24.000Z</time>
      </trkpt>
      <trkpt lat="41.38616" lon="-8.27103">
        <ele>263</ele>
        <time>2026-08-15T08:42:28.000Z</time>
      </trkpt>
      <trkpt lat="41.38512" lon="-8.27122">
        <ele>259</ele>
        <time>2026-08-15T08:42:32.000Z</time>
      </trkpt>
      <trkpt lat="41.38406" lon="-8.27119">
        <ele>254</ele>
        <time>2026-08-15T08:42:36.000Z</time>
      </trkpt>
      <trkpt lat="41.38301" lon="-8.27091">
        <ele>248</ele>
        <time>2026-08-15T08:42:40.000Z</time>
      </trkpt>
      <trkpt lat="41.38201" lon="-8.27039">
        <ele>246</ele>
        <time>2026-08-15T08:42:44.000Z</time>
      </trkpt>
      <trkpt lat="41.3811" lon="-8.26967">
        <ele>245</ele>
        <time>2026-08-15T08:42:48.000Z</time>
      </trkpt>
      <trkpt lat="41.38029" lon="-8.26882">
        <ele>242</ele>
        <time>2026-08-15T08:42:52.000Z</time>
      </trkpt>
      <trkpt lat="41.37956" lon="-8.2678">
        <ele>245</ele>
        <time>2026-08-15T08:42:56.000Z</time>
      </trkpt>
      <trkpt lat="41.37888" lon="-8.26672">
        <ele>246</ele>
        <time>2026-08-15T08:43:00.000Z</time>
      </trkpt>
      <trkpt lat="41.37822" lon="-8.2656">
        <ele>246</ele>
        <time>2026-08-15T08:43:04.000Z</time>
      </trkpt>
      <trkpt lat="41.37754" lon="-8.26444">
        <ele>247</ele>
        <time>2026-08-15T08:43:08.000Z</time>
      </trkpt>
      <trkpt lat="41.37687" lon="-8.26332">
        <ele>250</ele>
        <time>2026-08-15T08:43:12.000Z</time>
      </trkpt>
      <trkpt lat="41.3762" lon="-8.26223">
        <ele>258</ele>
        <time>2026-08-15T08:43:16.000Z</time>
      </trkpt>
      <trkpt lat="41.37552" lon="-8.26115">
        <ele>265</ele>
        <time>2026-08-15T08:43:20.000Z</time>
      </trkpt>
      <trkpt lat="41.3748" lon="-8.26008">
        <ele>270</ele>
        <time>2026-08-15T08:43:24.000Z</time>
      </trkpt>
      <trkpt lat="41.37401" lon="-8.25909">
        <ele>276</ele>
        <time>2026-08-15T08:43:28.000Z</time>
      </trkpt>
      <trkpt lat="41.37316" lon="-8.25824">
        <ele>284</ele>
        <time>2026-08-15T08:43:32.000Z</time>
      </trkpt>
      <trkpt lat="41.37224" lon="-8.25758">
        <ele>290</ele>
        <time>2026-08-15T08:43:36.000Z</time>
      </trkpt>
      <trkpt lat="41.37126" lon="-8.25708">
        <ele>296</ele>
        <time>2026-08-15T08:43:40.000Z</time>
      </trkpt>
      <trkpt lat="41.37021" lon="-8.25681">
        <ele>302</ele>
        <time>2026-08-15T08:43:44.000Z</time>
      </trkpt>
      <trkpt lat="41.36914" lon="-8.25675">
        <ele>307</ele>
        <time>2026-08-15T08:43:48.000Z</time>
      </trkpt>
      <trkpt lat="41.36809" lon="-8.25691">
        <ele>314</ele>
        <time>2026-08-15T08:43:52.000Z</time>
      </trkpt>
      <trkpt lat="41.36707" lon="-8.25727">
        <ele>320</ele>
        <time>2026-08-15T08:43:56.000Z</time>
      </trkpt>
      <trkpt lat="41.36611" lon="-8.25783">
        <ele>325</ele>
        <time>2026-08-15T08:44:00.000Z</time>
      </trkpt>
      <trkpt lat="41.36519" lon="-8.25856">
        <ele>330</ele>
        <time>2026-08-15T08:44:04.000Z</time>
      </trkpt>
      <trkpt lat="41.3644" lon="-8.25948">
        <ele>336</ele>
        <time>2026-08-15T08:44:08.000Z</time>
      </trkpt>
      <trkpt lat="41.36369" lon="-8.26052">
        <ele>341</ele>
        <time>2026-08-15T08:44:12.000Z</time>
      </trkpt>
      <trkpt lat="41.36304" lon="-8.26159">
        <ele>347</ele>
        <time>2026-08-15T08:44:16.000Z</time>
      </trkpt>
      <trkpt lat="41.36242" lon="-8.2627">
        <ele>354</ele>
        <time>2026-08-15T08:44:20.000Z</time>
      </trkpt>
      <trkpt lat="41.36181" lon="-8.2638">
        <ele>360</ele>
        <time>2026-08-15T08:44:24.000Z</time>
      </trkpt>
      <trkpt lat="41.36115" lon="-8.26487">
        <ele>366</ele>
        <time>2026-08-15T08:44:28.000Z</time>
      </trkpt>
      <trkpt lat="41.36041" lon="-8.26589">
        <ele>374</ele>
        <time>2026-08-15T08:44:32.000Z</time>
      </trkpt>
      <trkpt lat="41.35958" lon="-8.26679">
        <ele>382</ele>
        <time>2026-08-15T08:44:36.000Z</time>
      </trkpt>
      <trkpt lat="41.35867" lon="-8.26754">
        <ele>389</ele>
        <time>2026-08-15T08:44:40.000Z</time>
      </trkpt>
      <trkpt lat="41.35769" lon="-8.2681">
        <ele>395</ele>
        <time>2026-08-15T08:44:44.000Z</time>
      </trkpt>
      <trkpt lat="41.35665" lon="-8.26848">
        <ele>402</ele>
        <time>2026-08-15T08:44:48.000Z</time>
      </trkpt>
      <trkpt lat="41.35559" lon="-8.26869">
        <ele>409</ele>
        <time>2026-08-15T08:44:52.000Z</time>
      </trkpt>
      <trkpt lat="41.35451" lon="-8.26867">
        <ele>415</ele>
        <time>2026-08-15T08:44:56.000Z</time>
      </trkpt>
      <trkpt lat="41.35344" lon="-8.26845">
        <ele>421</ele>
        <time>2026-08-15T08:45:00.000Z</time>
      </trkpt>
      <trkpt lat="41.3524" lon="-8.26805">
        <ele>427</ele>
        <time>2026-08-15T08:45:04.000Z</time>
      </trkpt>
      <trkpt lat="41.35141" lon="-8.26743">
        <ele>434</ele>
        <time>2026-08-15T08:45:08.000Z</time>
      </trkpt>
      <trkpt lat="41.3505" lon="-8.26666">
        <ele>441</ele>
        <time>2026-08-15T08:45:12.000Z</time>
      </trkpt>
      <trkpt lat="41.34967" lon="-8.26571">
        <ele>448</ele>
        <time>2026-08-15T08:45:16.000Z</time>
      </trkpt>
      <trkpt lat="41.34891" lon="-8.26465">
        <ele>454</ele>
        <time>2026-08-15T08:45:20.000Z</time>
      </trkpt>
      <trkpt lat="41.34825" lon="-8.26348">
        <ele>460</ele>
        <time>2026-08-15T08:45:24.000Z</time>
      </trkpt>
      <trkpt lat="41.34761" lon="-8.26226">
        <ele>466</ele>
        <time>2026-08-15T08:45:28.000Z</time>
      </trkpt>
      <trkpt lat="41.34693" lon="-8.26104">
        <ele>469</ele>
        <time>2026-08-15T08:45:32.000Z</time>
      </trkpt>
      <trkpt lat="41.34621" lon="-8.25988">
        <ele>471</ele>
        <time>2026-08-15T08:45:36.000Z</time>
      </trkpt>
      <trkpt lat="41.34541" lon="-8.25884">
        <ele>472</ele>
        <time>2026-08-15T08:45:40.000Z</time>
      </trkpt>
      <trkpt lat="41.34448" lon="-8.25799">
        <ele>470</ele>
        <time>2026-08-15T08:45:44.000Z</time>
      </trkpt>
      <trkpt lat="41.34346" lon="-8.25733">
        <ele>466</ele>
        <time>2026-08-15T08:45:48.000Z</time>
      </trkpt>
      <trkpt lat="41.3424" lon="-8.25684">
        <ele>461</ele>
        <time>2026-08-15T08:45:52.000Z</time>
      </trkpt>
      <trkpt lat="41.34132" lon="-8.2565">
        <ele>455</ele>
        <time>2026-08-15T08:45:56.000Z</time>
      </trkpt>
      <trkpt lat="41.34025" lon="-8.25618">
        <ele>450</ele>
        <time>2026-08-15T08:46:00.000Z</time>
      </trkpt>
      <trkpt lat="41.33919" lon="-8.25581">
        <ele>444</ele>
        <time>2026-08-15T08:46:04.000Z</time>
      </trkpt>
      <trkpt lat="41.33817" lon="-8.25531">
        <ele>438</ele>
        <time>2026-08-15T08:46:08.000Z</time>
      </trkpt>
      <trkpt lat="41.33722" lon="-8.25462">
        <ele>432</ele>
        <time>2026-08-15T08:46:12.000Z</time>
      </trkpt>
      <trkpt lat="41.33639" lon="-8.25372">
        <ele>427</ele>
        <time>2026-08-15T08:46:16.000Z</time>
      </trkpt>
      <trkpt lat="41.33568" lon="-8.25265">
        <ele>422</ele>
        <time>2026-08-15T08:46:20.000Z</time>
      </trkpt>
      <trkpt lat="41.33512" lon="-8.25144">
        <ele>415</ele>
        <time>2026-08-15T08:46:24.000Z</time>
      </trkpt>
      <trkpt lat="41.33471" lon="-8.25012">
        <ele>409</ele>
        <time>2026-08-15T08:46:28.000Z</time>
      </trkpt>
      <trkpt lat="41.33449" lon="-8.24874">
        <ele>405</ele>
        <time>2026-08-15T08:46:32.000Z</time>
      </trkpt>
      <trkpt lat="41.33439" lon="-8.24735">
        <ele>403</ele>
        <time>2026-08-15T08:46:36.000Z</time>
      </trkpt>
      <trkpt lat="41.33438" lon="-8.24595">
        <ele>400</ele>
        <time>2026-08-15T08:46:40.000Z</time>
      </trkpt>
      <trkpt lat="41.33439" lon="-8.24454">
        <ele>397</ele>
        <time>2026-08-15T08:46:44.000Z</time>
      </trkpt>
      <trkpt lat="41.33434" lon="-8.24313">
        <ele>395</ele>
        <time>2026-08-15T08:46:48.000Z</time>
      </trkpt>
      <trkpt lat="41.33416" lon="-8.24178">
        <ele>391</ele>
        <time>2026-08-15T08:46:52.000Z</time>
      </trkpt>
      <trkpt lat="41.33387" lon="-8.24052">
        <ele>388</ele>
        <time>2026-08-15T08:46:56.000Z</time>
      </trkpt>
      <trkpt lat="41.33339" lon="-8.23934">
        <ele>384</ele>
        <time>2026-08-15T08:47:00.000Z</time>
      </trkpt>
      <trkpt lat="41.33278" lon="-8.23824">
        <ele>381</ele>
        <time>2026-08-15T08:47:04.000Z</time>
      </trkpt>
      <trkpt lat="41.33203" lon="-8.23731">
        <ele>377</ele>
        <time>2026-08-15T08:47:08.000Z</time>
      </trkpt>
      <trkpt lat="41.33116" lon="-8.23656">
        <ele>374</ele>
        <time>2026-08-15T08:47:12.000Z</time>
      </trkpt>
      <trkpt lat="41.33023" lon="-8.23594">
        <ele>375</ele>
        <time>2026-08-15T08:47:16.000Z</time>
      </trkpt>
      <trkpt lat="41.32921" lon="-8.2356">
        <ele>377</ele>
        <time>2026-08-15T08:47:20.000Z</time>
      </trkpt>
      <trkpt lat="41.32817" lon="-8.23547">
        <ele>383</ele>
        <time>2026-08-15T08:47:24.000Z</time>
      </trkpt>
      <trkpt lat="41.32713" lon="-8.23559">
        <ele>389</ele>
        <time>2026-08-15T08:47:28.000Z</time>
      </trkpt>
      <trkpt lat="41.32612" lon="-8.2359">
        <ele>394</ele>
        <time>2026-08-15T08:47:32.000Z</time>
      </trkpt>
      <trkpt lat="41.32516" lon="-8.23645">
        <ele>400</ele>
        <time>2026-08-15T08:47:36.000Z</time>
      </trkpt>
      <trkpt lat="41.32429" lon="-8.23718">
        <ele>405</ele>
        <time>2026-08-15T08:47:40.000Z</time>
      </trkpt>
      <trkpt lat="41.32345" lon="-8.23802">
        <ele>410</ele>
        <time>2026-08-15T08:47:44.000Z</time>
      </trkpt>
      <trkpt lat="41.32262" lon="-8.23885">
        <ele>414</ele>
        <time>2026-08-15T08:47:48.000Z</time>
      </trkpt>
      <trkpt lat="41.32181" lon="-8.23969">
        <ele>416</ele>
        <time>2026-08-15T08:47:52.000Z</time>
      </trkpt>
      <trkpt lat="41.32099" lon="-8.24054">
        <ele>416</ele>
        <time>2026-08-15T08:47:56.000Z</time>
      </trkpt>
      <trkpt lat="41.32016" lon="-8.24138">
        <ele>416</ele>
        <time>2026-08-15T08:48:00.000Z</time>
      </trkpt>
      <trkpt lat="41.3193" lon="-8.24225">
        <ele>414</ele>
        <time>2026-08-15T08:48:04.000Z</time>
      </trkpt>
      <trkpt lat="41.31844" lon="-8.24313">
        <ele>413</ele>
        <time>2026-08-15T08:48:08.000Z</time>
      </trkpt>
      <trkpt lat="41.31757" lon="-8.24401">
        <ele>410</ele>
        <time>2026-08-15T08:48:12.000Z</time>
      </trkpt>
      <trkpt lat="41.31671" lon="-8.24488">
        <ele>405</ele>
        <time>2026-08-15T08:48:16.000Z</time>
      </trkpt>
      <trkpt lat="41.31586" lon="-8.24576">
        <ele>401</ele>
        <time>2026-08-15T08:48:20.000Z</time>
      </trkpt>
      <trkpt lat="41.31507" lon="-8.24674">
        <ele>397</ele>
        <time>2026-08-15T08:48:24.000Z</time>
      </trkpt>
      <trkpt lat="41.31439" lon="-8.24784">
        <ele>396</ele>
        <time>2026-08-15T08:48:28.000Z</time>
      </trkpt>
      <trkpt lat="41.31384" lon="-8.24907">
        <ele>391</ele>
        <time>2026-08-15T08:48:32.000Z</time>
      </trkpt>
      <trkpt lat="41.31345" lon="-8.2504">
        <ele>388</ele>
        <time>2026-08-15T08:48:36.000Z</time>
      </trkpt>
      <trkpt lat="41.31315" lon="-8.25175">
        <ele>384</ele>
        <time>2026-08-15T08:48:40.000Z</time>
      </trkpt>
      <trkpt lat="41.31283" lon="-8.25308">
        <ele>382</ele>
        <time>2026-08-15T08:48:44.000Z</time>
      </trkpt>
      <trkpt lat="41.31247" lon="-8.25441">
        <ele>379</ele>
        <time>2026-08-15T08:48:48.000Z</time>
      </trkpt>
      <trkpt lat="41.31201" lon="-8.25568">
        <ele>376</ele>
        <time>2026-08-15T08:48:52.000Z</time>
      </trkpt>
      <trkpt lat="41.31141" lon="-8.25687">
        <ele>374</ele>
        <time>2026-08-15T08:48:56.000Z</time>
      </trkpt>
      <trkpt lat="41.3107" lon="-8.25797">
        <ele>371</ele>
        <time>2026-08-15T08:49:00.000Z</time>
      </trkpt>
      <trkpt lat="41.30987" lon="-8.25898">
        <ele>370</ele>
        <time>2026-08-15T08:49:04.000Z</time>
      </trkpt>
      <trkpt lat="41.30895" lon="-8.25981">
        <ele>366</ele>
        <time>2026-08-15T08:49:08.000Z</time>
      </trkpt>
      <trkpt lat="41.30795" lon="-8.26051">
        <ele>365</ele>
        <time>2026-08-15T08:49:12.000Z</time>
      </trkpt>
      <trkpt lat="41.3069" lon="-8.26104">
        <ele>362</ele>
        <time>2026-08-15T08:49:16.000Z</time>
      </trkpt>
      <trkpt lat="41.30581" lon="-8.26149">
        <ele>360</ele>
        <time>2026-08-15T08:49:20.000Z</time>
      </trkpt>
      <trkpt lat="41.30471" lon="-8.26191">
        <ele>357</ele>
        <time>2026-08-15T08:49:24.000Z</time>
      </trkpt>
      <trkpt lat="41.30361" lon="-8.26232">
        <ele>355</ele>
        <time>2026-08-15T08:49:28.000Z</time>
      </trkpt>
      <trkpt lat="41.30252" lon="-8.26274">
        <ele>352</ele>
        <time>2026-08-15T08:49:32.000Z</time>
      </trkpt>
      <trkpt lat="41.30142" lon="-8.26315">
        <ele>348</ele>
        <time>2026-08-15T08:49:36.000Z</time>
      </trkpt>
      <trkpt lat="41.30034" lon="-8.26356">
        <ele>346</ele>
        <time>2026-08-15T08:49:40.000Z</time>
      </trkpt>
      <trkpt lat="41.29925" lon="-8.26397">
        <ele>347</ele>
        <time>2026-08-15T08:49:44.000Z</time>
      </trkpt>
      <trkpt lat="41.29817" lon="-8.26438">
        <ele>347</ele>
        <time>2026-08-15T08:49:48.000Z</time>
      </trkpt>
      <trkpt lat="41.2971" lon="-8.26476">
        <ele>348</ele>
        <time>2026-08-15T08:49:52.000Z</time>
      </trkpt>
      <trkpt lat="41.29601" lon="-8.26502">
        <ele>349</ele>
        <time>2026-08-15T08:49:56.000Z</time>
      </trkpt>
      <trkpt lat="41.29491" lon="-8.26512">
        <ele>349</ele>
        <time>2026-08-15T08:50:00.000Z</time>
      </trkpt>
      <trkpt lat="41.29383" lon="-8.265">
        <ele>350</ele>
        <time>2026-08-15T08:50:04.000Z</time>
      </trkpt>
      <trkpt lat="41.29277" lon="-8.26472">
        <ele>350</ele>
        <time>2026-08-15T08:50:08.000Z</time>
      </trkpt>
      <trkpt lat="41.29174" lon="-8.26426">
        <ele>351</ele>
        <time>2026-08-15T08:50:12.000Z</time>
      </trkpt>
      <trkpt lat="41.29077" lon="-8.26362">
        <ele>349</ele>
        <time>2026-08-15T08:50:16.000Z</time>
      </trkpt>
      <trkpt lat="41.28984" lon="-8.26281">
        <ele>346</ele>
        <time>2026-08-15T08:50:20.000Z</time>
      </trkpt>
      <trkpt lat="41.28892" lon="-8.26191">
        <ele>343</ele>
        <time>2026-08-15T08:50:24.000Z</time>
      </trkpt>
      <trkpt lat="41.28799" lon="-8.26099">
        <ele>339</ele>
        <time>2026-08-15T08:50:28.000Z</time>
      </trkpt>
      <trkpt lat="41.28704" lon="-8.26006">
        <ele>333</ele>
        <time>2026-08-15T08:50:32.000Z</time>
      </trkpt>
      <trkpt lat="41.2861" lon="-8.25913">
        <ele>328</ele>
        <time>2026-08-15T08:50:36.000Z</time>
      </trkpt>
      <trkpt lat="41.28516" lon="-8.25821">
        <ele>321</ele>
        <time>2026-08-15T08:50:40.000Z</time>
      </trkpt>
      <trkpt lat="41.28424" lon="-8.25727">
        <ele>312</ele>
        <time>2026-08-15T08:50:44.000Z</time>
      </trkpt>
      <trkpt lat="41.28342" lon="-8.25621">
        <ele>305</ele>
        <time>2026-08-15T08:50:48.000Z</time>
      </trkpt>
      <trkpt lat="41.28273" lon="-8.255">
        <ele>299</ele>
        <time>2026-08-15T08:50:52.000Z</time>
      </trkpt>
      <trkpt lat="41.28223" lon="-8.25364">
        <ele>294</ele>
        <time>2026-08-15T08:50:56.000Z</time>
      </trkpt>
      <trkpt lat="41.2819" lon="-8.25218">
        <ele>289</ele>
        <time>2026-08-15T08:51:00.000Z</time>
      </trkpt>
      <trkpt lat="41.28172" lon="-8.25067">
        <ele>283</ele>
        <time>2026-08-15T08:51:04.000Z</time>
      </trkpt>
      <trkpt lat="41.28151" lon="-8.24916">
        <ele>277</ele>
        <time>2026-08-15T08:51:08.000Z</time>
      </trkpt>
      <trkpt lat="41.28114" lon="-8.2477">
        <ele>270</ele>
        <time>2026-08-15T08:51:12.000Z</time>
      </trkpt>
      <trkpt lat="41.28058" lon="-8.24636">
        <ele>265</ele>
        <time>2026-08-15T08:51:16.000Z</time>
      </trkpt>
      <trkpt lat="41.27984" lon="-8.24517">
        <ele>261</ele>
        <time>2026-08-15T08:51:20.000Z</time>
      </trkpt>
      <trkpt lat="41.27896" lon="-8.24419">
        <ele>257</ele>
        <time>2026-08-15T08:51:24.000Z</time>
      </trkpt>
      <trkpt lat="41.27797" lon="-8.24343">
        <ele>254</ele>
        <time>2026-08-15T08:51:28.000Z</time>
      </trkpt>
      <trkpt lat="41.27692" lon="-8.24283">
        <ele>253</ele>
        <time>2026-08-15T08:51:32.000Z</time>
      </trkpt>
      <trkpt lat="41.27587" lon="-8.24223">
        <ele>253</ele>
        <time>2026-08-15T08:51:36.000Z</time>
      </trkpt>
      <trkpt lat="41.27487" lon="-8.24146">
        <ele>251</ele>
        <time>2026-08-15T08:51:40.000Z</time>
      </trkpt>
      <trkpt lat="41.27396" lon="-8.24055">
        <ele>250</ele>
        <time>2026-08-15T08:51:44.000Z</time>
      </trkpt>
      <trkpt lat="41.27315" lon="-8.23952">
        <ele>249</ele>
        <time>2026-08-15T08:51:48.000Z</time>
      </trkpt>
      <trkpt lat="41.27243" lon="-8.23839">
        <ele>250</ele>
        <time>2026-08-15T08:51:52.000Z</time>
      </trkpt>
      <trkpt lat="41.27177" lon="-8.2372">
        <ele>252</ele>
        <time>2026-08-15T08:51:56.000Z</time>
      </trkpt>
      <trkpt lat="41.27111" lon="-8.236">
        <ele>254</ele>
        <time>2026-08-15T08:52:00.000Z</time>
      </trkpt>
      <trkpt lat="41.27046" lon="-8.23483">
        <ele>258</ele>
        <time>2026-08-15T08:52:04.000Z</time>
      </trkpt>
      <trkpt lat="41.26982" lon="-8.23365">
        <ele>260</ele>
        <time>2026-08-15T08:52:08.000Z</time>
      </trkpt>
      <trkpt lat="41.26918" lon="-8.23249">
        <ele>265</ele>
        <time>2026-08-15T08:52:12.000Z</time>
      </trkpt>
      <trkpt lat="41.26853" lon="-8.23129">
        <ele>270</ele>
        <time>2026-08-15T08:52:16.000Z</time>
      </trkpt>
      <trkpt lat="41.26787" lon="-8.23008">
        <ele>276</ele>
        <time>2026-08-15T08:52:20.000Z</time>
      </trkpt>
      <trkpt lat="41.26722" lon="-8.22887">
        <ele>283</ele>
        <time>2026-08-15T08:52:24.000Z</time>
      </trkpt>
      <trkpt lat="41.26656" lon="-8.22768">
        <ele>289</ele>
        <time>2026-08-15T08:52:28.000Z</time>
      </trkpt>
      <trkpt lat="41.26592" lon="-8.2265">
        <ele>295</ele>
        <time>2026-08-15T08:52:32.000Z</time>
      </trkpt>
      <trkpt lat="41.26529" lon="-8.22534">
        <ele>301</ele>
        <time>2026-08-15T08:52:36.000Z</time>
      </trkpt>
      <trkpt lat="41.26466" lon="-8.22418">
        <ele>306</ele>
        <time>2026-08-15T08:52:40.000Z</time>
      </trkpt>
      <trkpt lat="41.26402" lon="-8.22303">
        <ele>312</ele>
        <time>2026-08-15T08:52:44.000Z</time>
      </trkpt>
      <trkpt lat="41.26338" lon="-8.22187">
        <ele>317</ele>
        <time>2026-08-15T08:52:48.000Z</time>
      </trkpt>
      <trkpt lat="41.26269" lon="-8.22075">
        <ele>323</ele>
        <time>2026-08-15T08:52:52.000Z</time>
      </trkpt>
      <trkpt lat="41.26188" lon="-8.21978">
        <ele>329</ele>
        <time>2026-08-15T08:52:56.000Z</time>
      </trkpt>
      <trkpt lat="41.26096" lon="-8.21903">
        <ele>334</ele>
        <time>2026-08-15T08:53:00.000Z</time>
      </trkpt>
      <trkpt lat="41.25995" lon="-8.2185">
        <ele>338</ele>
        <time>2026-08-15T08:53:04.000Z</time>
      </trkpt>
      <trkpt lat="41.2589" lon="-8.2182">
        <ele>341</ele>
        <time>2026-08-15T08:53:08.000Z</time>
      </trkpt>
      <trkpt lat="41.25782" lon="-8.21813">
        <ele>345</ele>
        <time>2026-08-15T08:53:12.000Z</time>
      </trkpt>
      <trkpt lat="41.25674" lon="-8.21827">
        <ele>350</ele>
        <time>2026-08-15T08:53:16.000Z</time>
      </trkpt>
      <trkpt lat="41.25565" lon="-8.21843">
        <ele>353</ele>
        <time>2026-08-15T08:53:20.000Z</time>
      </trkpt>
      <trkpt lat="41.25457" lon="-8.2186">
        <ele>357</ele>
        <time>2026-08-15T08:53:24.000Z</time>
      </trkpt>
      <trkpt lat="41.25349" lon="-8.21878">
        <ele>360</ele>
        <time>2026-08-15T08:53:28.000Z</time>
      </trkpt>
      <trkpt lat="41.25239" lon="-8.21894">
        <ele>364</ele>
        <time>2026-08-15T08:53:32.000Z</time>
      </trkpt>
      <trkpt lat="41.25126" lon="-8.21896">
        <ele>368</ele>
        <time>2026-08-15T08:53:36.000Z</time>
      </trkpt>
      <trkpt lat="41.25013" lon="-8.21872">
        <ele>372</ele>
        <time>2026-08-15T08:53:40.000Z</time>
      </trkpt>
      <trkpt lat="41.24901" lon="-8.2182">
        <ele>377</ele>
        <time>2026-08-15T08:53:44.000Z</time>
      </trkpt>
      <trkpt lat="41.248" lon="-8.21744">
        <ele>381</ele>
        <time>2026-08-15T08:53:48.000Z</time>
      </trkpt>
      <trkpt lat="41.24713" lon="-8.21645">
        <ele>383</ele>
        <time>2026-08-15T08:53:52.000Z</time>
      </trkpt>
      <trkpt lat="41.24639" lon="-8.21527">
        <ele>385</ele>
        <time>2026-08-15T08:53:56.000Z</time>
      </trkpt>
      <trkpt lat="41.24584" lon="-8.21392">
        <ele>383</ele>
        <time>2026-08-15T08:54:00.000Z</time>
      </trkpt>
      <trkpt lat="41.24539" lon="-8.21255">
        <ele>379</ele>
        <time>2026-08-15T08:54:04.000Z</time>
      </trkpt>
      <trkpt lat="41.24494" lon="-8.21121">
        <ele>376</ele>
        <time>2026-08-15T08:54:08.000Z</time>
      </trkpt>
      <trkpt lat="41.2443" lon="-8.21002">
        <ele>371</ele>
        <time>2026-08-15T08:54:12.000Z</time>
      </trkpt>
      <trkpt lat="41.24348" lon="-8.20913">
        <ele>367</ele>
        <time>2026-08-15T08:54:16.000Z</time>
      </trkpt>
      <trkpt lat="41.24256" lon="-8.20855">
        <ele>357</ele>
        <time>2026-08-15T08:54:20.000Z</time>
      </trkpt>
      <trkpt lat="41.2416" lon="-8.20831">
        <ele>347</ele>
        <time>2026-08-15T08:54:24.000Z</time>
      </trkpt>
      <trkpt lat="41.24068" lon="-8.20827">
        <ele>339</ele>
        <time>2026-08-15T08:54:28.000Z</time>
      </trkpt>
      <trkpt lat="41.23981" lon="-8.20824">
        <ele>335</ele>
        <time>2026-08-15T08:54:32.000Z</time>
      </trkpt>
      <trkpt lat="41.23905" lon="-8.20821">
        <ele>330</ele>
        <time>2026-08-15T08:54:36.000Z</time>
      </trkpt>
      <trkpt lat="41.23842" lon="-8.20835">
        <ele>328</ele>
        <time>2026-08-15T08:54:40.000Z</time>
      </trkpt>
      <trkpt lat="41.23794" lon="-8.20878">
        <ele>324</ele>
        <time>2026-08-15T08:54:44.000Z</time>
      </trkpt>
      <trkpt lat="41.23748" lon="-8.20894">
        <ele>321</ele>
        <time>2026-08-15T08:54:48.000Z</time>
      </trkpt>
      <trkpt lat="41.2371" lon="-8.20854">
        <ele>317</ele>
        <time>2026-08-15T08:54:52.000Z</time>
      </trkpt>
      <trkpt lat="41.23712" lon="-8.20782">
        <ele>314</ele>
        <time>2026-08-15T08:54:56.000Z</time>
      </trkpt>
      <trkpt lat="41.23734" lon="-8.20704">
        <ele>309</ele>
        <time>2026-08-15T08:55:00.000Z</time>
      </trkpt>
      <trkpt lat="41.23757" lon="-8.20626">
        <ele>309</ele>
        <time>2026-08-15T08:55:04.000Z</time>
      </trkpt>
      <trkpt lat="41.23765" lon="-8.20542">
        <ele>308</ele>
        <time>2026-08-15T08:55:08.000Z</time>
      </trkpt>
      <trkpt lat="41.2375" lon="-8.20466">
        <ele>309</ele>
        <time>2026-08-15T08:55:12.000Z</time>
      </trkpt>
      <trkpt lat="41.23732" lon="-8.20405">
        <ele>310</ele>
        <time>2026-08-15T08:55:16.000Z</time>
      </trkpt>
      <trkpt lat="41.2372" lon="-8.20354">
        <ele>310</ele>
        <time>2026-08-15T08:55:20.000Z</time>
      </trkpt>
      <trkpt lat="41.23709" lon="-8.20312">
        <ele>311</ele>
        <time>2026-08-15T08:55:24.000Z</time>
      </trkpt>
      <trkpt lat="41.23698" lon="-8.20265">
        <ele>311</ele>
        <time>2026-08-15T08:55:28.000Z</time>
      </trkpt>
      <trkpt lat="41.23687" lon="-8.20222">
        <ele>311</ele>
        <time>2026-08-15T08:55:32.000Z</time>
      </trkpt>
      <trkpt lat="41.23677" lon="-8.20188">
        <ele>310</ele>
        <time>2026-08-15T08:55:36.000Z</time>
      </trkpt>
      <trkpt lat="41.23664" lon="-8.20161">
        <ele>310</ele>
        <time>2026-08-15T08:55:40.000Z</time>
      </trkpt>
      <trkpt lat="41.23645" lon="-8.20131">
        <ele>308</ele>
        <time>2026-08-15T08:55:44.000Z</time>
      </trkpt>
      <trkpt lat="41.23634" lon="-8.20086">
        <ele>306</ele>
        <time>2026-08-15T08:55:48.000Z</time>
      </trkpt>
      <trkpt lat="41.236" lon="-8.2005">
        <ele>303</ele>
        <time>2026-08-15T08:55:52.000Z</time>
      </trkpt>
      <trkpt lat="41.23559" lon="-8.2002">
        <ele>301</ele>
        <time>2026-08-15T08:55:56.000Z</time>
      </trkpt>
      <trkpt lat="41.23508" lon="-8.19982">
        <ele>297</ele>
        <time>2026-08-15T08:56:00.000Z</time>
      </trkpt>
      <trkpt lat="41.23452" lon="-8.19941">
        <ele>294</ele>
        <time>2026-08-15T08:56:04.000Z</time>
      </trkpt>
      <trkpt lat="41.23392" lon="-8.19899">
        <ele>288</ele>
        <time>2026-08-15T08:56:08.000Z</time>
      </trkpt>
      <trkpt lat="41.23323" lon="-8.19876">
        <ele>283</ele>
        <time>2026-08-15T08:56:12.000Z</time>
      </trkpt>
      <trkpt lat="41.23252" lon="-8.19884">
        <ele>280</ele>
        <time>2026-08-15T08:56:16.000Z</time>
      </trkpt>
      <trkpt lat="41.23188" lon="-8.19922">
        <ele>281</ele>
        <time>2026-08-15T08:56:20.000Z</time>
      </trkpt>
      <trkpt lat="41.23129" lon="-8.19978">
        <ele>284</ele>
        <time>2026-08-15T08:56:24.000Z</time>
      </trkpt>
      <trkpt lat="41.23062" lon="-8.20023">
        <ele>290</ele>
        <time>2026-08-15T08:56:28.000Z</time>
      </trkpt>
      <trkpt lat="41.2299" lon="-8.2004">
        <ele>297</ele>
        <time>2026-08-15T08:56:32.000Z</time>
      </trkpt>
      <trkpt lat="41.22923" lon="-8.20024">
        <ele>302</ele>
        <time>2026-08-15T08:56:36.000Z</time>
      </trkpt>
      <trkpt lat="41.22867" lon="-8.1998">
        <ele>304</ele>
        <time>2026-08-15T08:56:40.000Z</time>
      </trkpt>
      <trkpt lat="41.22826" lon="-8.19913">
        <ele>303</ele>
        <time>2026-08-15T08:56:44.000Z</time>
      </trkpt>
      <trkpt lat="41.22809" lon="-8.19831">
        <ele>301</ele>
        <time>2026-08-15T08:56:48.000Z</time>
      </trkpt>
      <trkpt lat="41.22796" lon="-8.19747">
        <ele>298</ele>
        <time>2026-08-15T08:56:52.000Z</time>
      </trkpt>
      <trkpt lat="41.22784" lon="-8.19662">
        <ele>293</ele>
        <time>2026-08-15T08:56:56.000Z</time>
      </trkpt>
      <trkpt lat="41.22771" lon="-8.19577">
        <ele>289</ele>
        <time>2026-08-15T08:57:00.000Z</time>
      </trkpt>
      <trkpt lat="41.22758" lon="-8.1949">
        <ele>284</ele>
        <time>2026-08-15T08:57:04.000Z</time>
      </trkpt>
      <trkpt lat="41.22746" lon="-8.19409">
        <ele>282</ele>
        <time>2026-08-15T08:57:08.000Z</time>
      </trkpt>
      <trkpt lat="41.2273" lon="-8.19334">
        <ele>281</ele>
        <time>2026-08-15T08:57:12.000Z</time>
      </trkpt>
      <trkpt lat="41.22706" lon="-8.19262">
        <ele>281</ele>
        <time>2026-08-15T08:57:16.000Z</time>
      </trkpt>
      <trkpt lat="41.22663" lon="-8.19207">
        <ele>282</ele>
        <time>2026-08-15T08:57:20.000Z</time>
      </trkpt>
      <trkpt lat="41.22619" lon="-8.19157">
        <ele>282</ele>
        <time>2026-08-15T08:57:24.000Z</time>
      </trkpt>
      <trkpt lat="41.22564" lon="-8.19125">
        <ele>282</ele>
        <time>2026-08-15T08:57:28.000Z</time>
      </trkpt>
      <trkpt lat="41.225" lon="-8.19107">
        <ele>282</ele>
        <time>2026-08-15T08:57:32.000Z</time>
      </trkpt>
      <trkpt lat="41.22433" lon="-8.19101">
        <ele>281</ele>
        <time>2026-08-15T08:57:36.000Z</time>
      </trkpt>
      <trkpt lat="41.22367" lon="-8.19099">
        <ele>278</ele>
        <time>2026-08-15T08:57:40.000Z</time>
      </trkpt>
      <trkpt lat="41.22306" lon="-8.19071">
        <ele>276</ele>
        <time>2026-08-15T08:57:44.000Z</time>
      </trkpt>
      <trkpt lat="41.22255" lon="-8.19022">
        <ele>274</ele>
        <time>2026-08-15T08:57:48.000Z</time>
      </trkpt>
      <trkpt lat="41.2222" lon="-8.18948">
        <ele>272</ele>
        <time>2026-08-15T08:57:52.000Z</time>
      </trkpt>
      <trkpt lat="41.22199" lon="-8.18859">
        <ele>271</ele>
        <time>2026-08-15T08:57:56.000Z</time>
      </trkpt>
      <trkpt lat="41.22176" lon="-8.18768">
        <ele>267</ele>
        <time>2026-08-15T08:58:00.000Z</time>
      </trkpt>
      <trkpt lat="41.2214" lon="-8.18691">
        <ele>264</ele>
        <time>2026-08-15T08:58:04.000Z</time>
      </trkpt>
      <trkpt lat="41.22091" lon="-8.18631">
        <ele>262</ele>
        <time>2026-08-15T08:58:08.000Z</time>
      </trkpt>
      <trkpt lat="41.2203" lon="-8.18592">
        <ele>262</ele>
        <time>2026-08-15T08:58:12.000Z</time>
      </trkpt>
      <trkpt lat="41.21966" lon="-8.18561">
        <ele>258</ele>
        <time>2026-08-15T08:58:16.000Z</time>
      </trkpt>
      <trkpt lat="41.2191" lon="-8.18512">
        <ele>257</ele>
        <time>2026-08-15T08:58:20.000Z</time>
      </trkpt>
      <trkpt lat="41.21872" lon="-8.1844">
        <ele>256</ele>
        <time>2026-08-15T08:58:24.000Z</time>
      </trkpt>
      <trkpt lat="41.21854" lon="-8.18351">
        <ele>256</ele>
        <time>2026-08-15T08:58:28.000Z</time>
      </trkpt>
      <trkpt lat="41.21834" lon="-8.18265">
        <ele>256</ele>
        <time>2026-08-15T08:58:32.000Z</time>
      </trkpt>
      <trkpt lat="41.21795" lon="-8.182">
        <ele>259</ele>
        <time>2026-08-15T08:58:36.000Z</time>
      </trkpt>
      <trkpt lat="41.2175" lon="-8.18141">
        <ele>261</ele>
        <time>2026-08-15T08:58:40.000Z</time>
      </trkpt>
      <trkpt lat="41.21715" lon="-8.1807">
        <ele>262</ele>
        <time>2026-08-15T08:58:44.000Z</time>
      </trkpt>
      <trkpt lat="41.217" lon="-8.17983">
        <ele>263</ele>
        <time>2026-08-15T08:58:48.000Z</time>
      </trkpt>
      <trkpt lat="41.21705" lon="-8.1789">
        <ele>264</ele>
        <time>2026-08-15T08:58:52.000Z</time>
      </trkpt>
      <trkpt lat="41.21714" lon="-8.17797">
        <ele>264</ele>
        <time>2026-08-15T08:58:56.000Z</time>
      </trkpt>
      <trkpt lat="41.21723" lon="-8.17707">
        <ele>265</ele>
        <time>2026-08-15T08:59:00.000Z</time>
      </trkpt>
      <trkpt lat="41.21732" lon="-8.17618">
        <ele>265</ele>
        <time>2026-08-15T08:59:04.000Z</time>
      </trkpt>
      <trkpt lat="41.21731" lon="-8.17529">
        <ele>265</ele>
        <time>2026-08-15T08:59:08.000Z</time>
      </trkpt>
      <trkpt lat="41.21708" lon="-8.17443">
        <ele>267</ele>
        <time>2026-08-15T08:59:12.000Z</time>
      </trkpt>
      <trkpt lat="41.21662" lon="-8.17374">
        <ele>265</ele>
        <time>2026-08-15T08:59:16.000Z</time>
      </trkpt>
      <trkpt lat="41.21605" lon="-8.17331">
        <ele>262</ele>
        <time>2026-08-15T08:59:20.000Z</time>
      </trkpt>
      <trkpt lat="41.21553" lon="-8.17282">
        <ele>260</ele>
        <time>2026-08-15T08:59:24.000Z</time>
      </trkpt>
      <trkpt lat="41.21519" lon="-8.17208">
        <ele>256</ele>
        <time>2026-08-15T08:59:28.000Z</time>
      </trkpt>
      <trkpt lat="41.21511" lon="-8.1712">
        <ele>254</ele>
        <time>2026-08-15T08:59:32.000Z</time>
      </trkpt>
      <trkpt lat="41.21509" lon="-8.17036">
        <ele>252</ele>
        <time>2026-08-15T08:59:36.000Z</time>
      </trkpt>
      <trkpt lat="41.21493" lon="-8.1696">
        <ele>249</ele>
        <time>2026-08-15T08:59:40.000Z</time>
      </trkpt>
      <trkpt lat="41.21453" lon="-8.16905">
        <ele>247</ele>
        <time>2026-08-15T08:59:44.000Z</time>
      </trkpt>
      <trkpt lat="41.21394" lon="-8.16873">
        <ele>246</ele>
        <time>2026-08-15T08:59:48.000Z</time>
      </trkpt>
      <trkpt lat="41.21327" lon="-8.16863">
        <ele>244</ele>
        <time>2026-08-15T08:59:52.000Z</time>
      </trkpt>
      <trkpt lat="41.21261" lon="-8.16848">
        <ele>242</ele>
        <time>2026-08-15T08:59:56.000Z</time>
      </trkpt>
      <trkpt lat="41.21211" lon="-8.1679">
        <ele>242</ele>
        <time>2026-08-15T09:00:00.000Z</time>
      </trkpt>
      <trkpt lat="41.21181" lon="-8.16709">
        <ele>243</ele>
        <time>2026-08-15T09:00:04.000Z</time>
      </trkpt>
      <trkpt lat="41.21147" lon="-8.16633">
        <ele>246</ele>
        <time>2026-08-15T09:00:08.000Z</time>
      </trkpt>
      <trkpt lat="41.21092" lon="-8.16586">
        <ele>247</ele>
        <time>2026-08-15T09:00:12.000Z</time>
      </trkpt>
      <trkpt lat="41.21027" lon="-8.16577">
        <ele>246</ele>
        <time>2026-08-15T09:00:16.000Z</time>
      </trkpt>
      <trkpt lat="41.20963" lon="-8.16586">
        <ele>243</ele>
        <time>2026-08-15T09:00:20.000Z</time>
      </trkpt>
      <trkpt lat="41.20898" lon="-8.16595">
        <ele>238</ele>
        <time>2026-08-15T09:00:24.000Z</time>
      </trkpt>
      <trkpt lat="41.20833" lon="-8.16604">
        <ele>234</ele>
        <time>2026-08-15T09:00:28.000Z</time>
      </trkpt>
      <trkpt lat="41.20769" lon="-8.16596">
        <ele>227</ele>
        <time>2026-08-15T09:00:32.000Z</time>
      </trkpt>
      <trkpt lat="41.20711" lon="-8.16571">
        <ele>221</ele>
        <time>2026-08-15T09:00:36.000Z</time>
      </trkpt>
      <trkpt lat="41.20663" lon="-8.16523">
        <ele>214</ele>
        <time>2026-08-15T09:00:40.000Z</time>
      </trkpt>
      <trkpt lat="41.2063" lon="-8.16457">
        <ele>208</ele>
        <time>2026-08-15T09:00:44.000Z</time>
      </trkpt>
      <trkpt lat="41.20604" lon="-8.16386">
        <ele>204</ele>
        <time>2026-08-15T09:00:48.000Z</time>
      </trkpt>
      <trkpt lat="41.20569" lon="-8.16323">
        <ele>199</ele>
        <time>2026-08-15T09:00:52.000Z</time>
      </trkpt>
      <trkpt lat="41.20521" lon="-8.16276">
        <ele>194</ele>
        <time>2026-08-15T09:00:56.000Z</time>
      </trkpt>
      <trkpt lat="41.20465" lon="-8.16252">
        <ele>190</ele>
        <time>2026-08-15T09:01:00.000Z</time>
      </trkpt>
      <trkpt lat="41.20407" lon="-8.16245">
        <ele>184</ele>
        <time>2026-08-15T09:01:04.000Z</time>
      </trkpt>
      <trkpt lat="41.20348" lon="-8.16238">
        <ele>179</ele>
        <time>2026-08-15T09:01:08.000Z</time>
      </trkpt>
      <trkpt lat="41.20294" lon="-8.16214">
        <ele>175</ele>
        <time>2026-08-15T09:01:12.000Z</time>
      </trkpt>
      <trkpt lat="41.20246" lon="-8.16174">
        <ele>170</ele>
        <time>2026-08-15T09:01:16.000Z</time>
      </trkpt>
      <trkpt lat="41.20193" lon="-8.16142">
        <ele>165</ele>
        <time>2026-08-15T09:01:20.000Z</time>
      </trkpt>
      <trkpt lat="41.20136" lon="-8.16123">
        <ele>162</ele>
        <time>2026-08-15T09:01:24.000Z</time>
      </trkpt>
      <trkpt lat="41.20074" lon="-8.16122">
        <ele>157</ele>
        <time>2026-08-15T09:01:28.000Z</time>
      </trkpt>
      <trkpt lat="41.2001" lon="-8.16133">
        <ele>151</ele>
        <time>2026-08-15T09:01:32.000Z</time>
      </trkpt>
      <trkpt lat="41.19948" lon="-8.16139">
        <ele>145</ele>
        <time>2026-08-15T09:01:36.000Z</time>
      </trkpt>
      <trkpt lat="41.19887" lon="-8.16144">
        <ele>142</ele>
        <time>2026-08-15T09:01:40.000Z</time>
      </trkpt>
      <trkpt lat="41.19831" lon="-8.16146">
        <ele>139</ele>
        <time>2026-08-15T09:01:44.000Z</time>
      </trkpt>
      <trkpt lat="41.19781" lon="-8.16166">
        <ele>136</ele>
        <time>2026-08-15T09:01:48.000Z</time>
      </trkpt>
      <trkpt lat="41.19735" lon="-8.16184">
        <ele>131</ele>
        <time>2026-08-15T09:01:52.000Z</time>
      </trkpt>
      <trkpt lat="41.19687" lon="-8.16179">
        <ele>127</ele>
        <time>2026-08-15T09:01:56.000Z</time>
      </trkpt>
      <trkpt lat="41.19641" lon="-8.16153">
        <ele>124</ele>
        <time>2026-08-15T09:02:00.000Z</time>
      </trkpt>
      <trkpt lat="41.19605" lon="-8.16115">
        <ele>124</ele>
        <time>2026-08-15T09:02:04.000Z</time>
      </trkpt>
      <trkpt lat="41.19586" lon="-8.16081">
        <ele>124</ele>
        <time>2026-08-15T09:02:08.000Z</time>
      </trkpt>
      <trkpt lat="41.19568" lon="-8.1604">
        <ele>126</ele>
        <time>2026-08-15T09:02:12.000Z</time>
      </trkpt>
      <trkpt lat="41.19547" lon="-8.15988">
        <ele>127</ele>
        <time>2026-08-15T09:02:16.000Z</time>
      </trkpt>
      <trkpt lat="41.19524" lon="-8.15927">
        <ele>128</ele>
        <time>2026-08-15T09:02:20.000Z</time>
      </trkpt>
      <trkpt lat="41.19499" lon="-8.15864">
        <ele>131</ele>
        <time>2026-08-15T09:02:24.000Z</time>
      </trkpt>
      <trkpt lat="41.19475" lon="-8.15801">
        <ele>134</ele>
        <time>2026-08-15T09:02:28.000Z</time>
      </trkpt>
      <trkpt lat="41.19453" lon="-8.15738">
        <ele>136</ele>
        <time>2026-08-15T09:02:32.000Z</time>
      </trkpt>
      <trkpt lat="41.19435" lon="-8.15671">
        <ele>138</ele>
        <time>2026-08-15T09:02:36.000Z</time>
      </trkpt>
      <trkpt lat="41.19421" lon="-8.15605">
        <ele>139</ele>
        <time>2026-08-15T09:02:40.000Z</time>
      </trkpt>
      <trkpt lat="41.19407" lon="-8.15537">
        <ele>142</ele>
        <time>2026-08-15T09:02:44.000Z</time>
      </trkpt>
      <trkpt lat="41.19389" lon="-8.15481">
        <ele>145</ele>
        <time>2026-08-15T09:02:48.000Z</time>
      </trkpt>
      <trkpt lat="41.19408" lon="-8.15415">
        <ele>149</ele>
        <time>2026-08-15T09:02:52.000Z</time>
      </trkpt>
      <trkpt lat="41.1943" lon="-8.15386">
        <ele>151</ele>
        <time>2026-08-15T09:02:56.000Z</time>
      </trkpt>
      <trkpt lat="41.19486" lon="-8.15363">
        <ele>157</ele>
        <time>2026-08-15T09:03:00.000Z</time>
      </trkpt>
      <trkpt lat="41.19525" lon="-8.15358">
        <ele>161</ele>
        <time>2026-08-15T09:03:04.000Z</time>
      </trkpt>
      <trkpt lat="41.19581" lon="-8.15327">
        <ele>164</ele>
        <time>2026-08-15T09:03:08.000Z</time>
      </trkpt>
      <trkpt lat="41.1961" lon="-8.15275">
        <ele>165</ele>
        <time>2026-08-15T09:03:12.000Z</time>
      </trkpt>
      <trkpt lat="41.19642" lon="-8.1522">
        <ele>167</ele>
        <time>2026-08-15T09:03:16.000Z</time>
      </trkpt>
      <trkpt lat="41.19673" lon="-8.15165">
        <ele>169</ele>
        <time>2026-08-15T09:03:20.000Z</time>
      </trkpt>
      <trkpt lat="41.19703" lon="-8.15104">
        <ele>173</ele>
        <time>2026-08-15T09:03:24.000Z</time>
      </trkpt>
      <trkpt lat="41.19719" lon="-8.15026">
        <ele>177</ele>
        <time>2026-08-15T09:03:28.000Z</time>
      </trkpt>
      <trkpt lat="41.19734" lon="-8.14949">
        <ele>180</ele>
        <time>2026-08-15T09:03:32.000Z</time>
      </trkpt>
      <trkpt lat="41.1975" lon="-8.14869">
        <ele>178</ele>
        <time>2026-08-15T09:03:36.000Z</time>
      </trkpt>
      <trkpt lat="41.19765" lon="-8.1479">
        <ele>175</ele>
        <time>2026-08-15T09:03:40.000Z</time>
      </trkpt>
      <trkpt lat="41.1976" lon="-8.14708">
        <ele>172</ele>
        <time>2026-08-15T09:03:44.000Z</time>
      </trkpt>
      <trkpt lat="41.19737" lon="-8.14633">
        <ele>173</ele>
        <time>2026-08-15T09:03:48.000Z</time>
      </trkpt>
      <trkpt lat="41.19706" lon="-8.14565">
        <ele>175</ele>
        <time>2026-08-15T09:03:52.000Z</time>
      </trkpt>
      <trkpt lat="41.19675" lon="-8.14498">
        <ele>179</ele>
        <time>2026-08-15T09:03:56.000Z</time>
      </trkpt>
      <trkpt lat="41.19641" lon="-8.14426">
        <ele>183</ele>
        <time>2026-08-15T09:04:00.000Z</time>
      </trkpt>
      <trkpt lat="41.19608" lon="-8.14354">
        <ele>187</ele>
        <time>2026-08-15T09:04:04.000Z</time>
      </trkpt>
      <trkpt lat="41.19575" lon="-8.14283">
        <ele>190</ele>
        <time>2026-08-15T09:04:08.000Z</time>
      </trkpt>
      <trkpt lat="41.19535" lon="-8.14216">
        <ele>192</ele>
        <time>2026-08-15T09:04:12.000Z</time>
      </trkpt>
      <trkpt lat="41.19492" lon="-8.14156">
        <ele>191</ele>
        <time>2026-08-15T09:04:16.000Z</time>
      </trkpt>
      <trkpt lat="41.19455" lon="-8.14093">
        <ele>190</ele>
        <time>2026-08-15T09:04:20.000Z</time>
      </trkpt>
      <trkpt lat="41.19437" lon="-8.14029">
        <ele>190</ele>
        <time>2026-08-15T09:04:24.000Z</time>
      </trkpt>
      <trkpt lat="41.19419" lon="-8.1396">
        <ele>190</ele>
        <time>2026-08-15T09:04:28.000Z</time>
      </trkpt>
      <trkpt lat="41.19382" lon="-8.13901">
        <ele>188</ele>
        <time>2026-08-15T09:04:32.000Z</time>
      </trkpt>
      <trkpt lat="41.19323" lon="-8.13873">
        <ele>186</ele>
        <time>2026-08-15T09:04:36.000Z</time>
      </trkpt>
      <trkpt lat="41.19258" lon="-8.13897">
        <ele>187</ele>
        <time>2026-08-15T09:04:40.000Z</time>
      </trkpt>
      <trkpt lat="41.19204" lon="-8.13954">
        <ele>187</ele>
        <time>2026-08-15T09:04:44.000Z</time>
      </trkpt>
      <trkpt lat="41.19151" lon="-8.14011">
        <ele>188</ele>
        <time>2026-08-15T09:04:48.000Z</time>
      </trkpt>
      <trkpt lat="41.19095" lon="-8.14054">
        <ele>187</ele>
        <time>2026-08-15T09:04:52.000Z</time>
      </trkpt>
      <trkpt lat="41.19031" lon="-8.1406">
        <ele>185</ele>
        <time>2026-08-15T09:04:56.000Z</time>
      </trkpt>
      <trkpt lat="41.1897" lon="-8.14025">
        <ele>181</ele>
        <time>2026-08-15T09:05:00.000Z</time>
      </trkpt>
      <trkpt lat="41.18921" lon="-8.13952">
        <ele>178</ele>
        <time>2026-08-15T09:05:04.000Z</time>
      </trkpt>
      <trkpt lat="41.18875" lon="-8.13874">
        <ele>176</ele>
        <time>2026-08-15T09:05:08.000Z</time>
      </trkpt>
      <trkpt lat="41.18829" lon="-8.13799">
        <ele>178</ele>
        <time>2026-08-15T09:05:12.000Z</time>
      </trkpt>
      <trkpt lat="41.18771" lon="-8.13742">
        <ele>179</ele>
        <time>2026-08-15T09:05:16.000Z</time>
      </trkpt>
      <trkpt lat="41.18705" lon="-8.1369">
        <ele>181</ele>
        <time>2026-08-15T09:05:20.000Z</time>
      </trkpt>
      <trkpt lat="41.18636" lon="-8.13635">
        <ele>183</ele>
        <time>2026-08-15T09:05:24.000Z</time>
      </trkpt>
      <trkpt lat="41.18566" lon="-8.13579">
        <ele>185</ele>
        <time>2026-08-15T09:05:28.000Z</time>
      </trkpt>
      <trkpt lat="41.18499" lon="-8.13527">
        <ele>188</ele>
        <time>2026-08-15T09:05:32.000Z</time>
      </trkpt>
      <trkpt lat="41.18432" lon="-8.13476">
        <ele>191</ele>
        <time>2026-08-15T09:05:36.000Z</time>
      </trkpt>
      <trkpt lat="41.18362" lon="-8.13426">
        <ele>189</ele>
        <time>2026-08-15T09:05:40.000Z</time>
      </trkpt>
      <trkpt lat="41.18297" lon="-8.13381">
        <ele>185</ele>
        <time>2026-08-15T09:05:44.000Z</time>
      </trkpt>
      <trkpt lat="41.18239" lon="-8.13342">
        <ele>182</ele>
        <time>2026-08-15T09:05:48.000Z</time>
      </trkpt>
      <trkpt lat="41.18183" lon="-8.13336">
        <ele>180</ele>
        <time>2026-08-15T09:05:52.000Z</time>
      </trkpt>
      <trkpt lat="41.18124" lon="-8.1336">
        <ele>176</ele>
        <time>2026-08-15T09:05:56.000Z</time>
      </trkpt>
      <trkpt lat="41.18062" lon="-8.13387">
        <ele>174</ele>
        <time>2026-08-15T09:06:00.000Z</time>
      </trkpt>
      <trkpt lat="41.18" lon="-8.13404">
        <ele>174</ele>
        <time>2026-08-15T09:06:04.000Z</time>
      </trkpt>
      <trkpt lat="41.17939" lon="-8.13386">
        <ele>175</ele>
        <time>2026-08-15T09:06:08.000Z</time>
      </trkpt>
      <trkpt lat="41.17891" lon="-8.13333">
        <ele>175</ele>
        <time>2026-08-15T09:06:12.000Z</time>
      </trkpt>
      <trkpt lat="41.17852" lon="-8.13264">
        <ele>175</ele>
        <time>2026-08-15T09:06:16.000Z</time>
      </trkpt>
      <trkpt lat="41.17811" lon="-8.13192">
        <ele>176</ele>
        <time>2026-08-15T09:06:20.000Z</time>
      </trkpt>
      <trkpt lat="41.1777" lon="-8.13118">
        <ele>178</ele>
        <time>2026-08-15T09:06:24.000Z</time>
      </trkpt>
      <trkpt lat="41.17728" lon="-8.13048">
        <ele>177</ele>
        <time>2026-08-15T09:06:28.000Z</time>
      </trkpt>
      <trkpt lat="41.1767" lon="-8.12995">
        <ele>180</ele>
        <time>2026-08-15T09:06:32.000Z</time>
      </trkpt>
      <trkpt lat="41.17603" lon="-8.12954">
        <ele>186</ele>
        <time>2026-08-15T09:06:36.000Z</time>
      </trkpt>
      <trkpt lat="41.17537" lon="-8.12911">
        <ele>191</ele>
        <time>2026-08-15T09:06:40.000Z</time>
      </trkpt>
      <trkpt lat="41.17478" lon="-8.12852">
        <ele>196</ele>
        <time>2026-08-15T09:06:44.000Z</time>
      </trkpt>
      <trkpt lat="41.1742" lon="-8.12792">
        <ele>203</ele>
        <time>2026-08-15T09:06:48.000Z</time>
      </trkpt>
      <trkpt lat="41.17358" lon="-8.12755">
        <ele>210</ele>
        <time>2026-08-15T09:06:52.000Z</time>
      </trkpt>
      <trkpt lat="41.17291" lon="-8.12772">
        <ele>215</ele>
        <time>2026-08-15T09:06:56.000Z</time>
      </trkpt>
      <trkpt lat="41.17235" lon="-8.1283">
        <ele>220</ele>
        <time>2026-08-15T09:07:00.000Z</time>
      </trkpt>
      <trkpt lat="41.1718" lon="-8.12894">
        <ele>224</ele>
        <time>2026-08-15T09:07:04.000Z</time>
      </trkpt>
      <trkpt lat="41.17125" lon="-8.12954">
        <ele>226</ele>
        <time>2026-08-15T09:07:08.000Z</time>
      </trkpt>
      <trkpt lat="41.17062" lon="-8.12999">
        <ele>228</ele>
        <time>2026-08-15T09:07:12.000Z</time>
      </trkpt>
      <trkpt lat="41.16992" lon="-8.1303">
        <ele>227</ele>
        <time>2026-08-15T09:07:16.000Z</time>
      </trkpt>
      <trkpt lat="41.16924" lon="-8.13059">
        <ele>228</ele>
        <time>2026-08-15T09:07:20.000Z</time>
      </trkpt>
      <trkpt lat="41.16855" lon="-8.13074">
        <ele>229</ele>
        <time>2026-08-15T09:07:24.000Z</time>
      </trkpt>
      <trkpt lat="41.16787" lon="-8.13054">
        <ele>230</ele>
        <time>2026-08-15T09:07:28.000Z</time>
      </trkpt>
      <trkpt lat="41.16727" lon="-8.13001">
        <ele>232</ele>
        <time>2026-08-15T09:07:32.000Z</time>
      </trkpt>
      <trkpt lat="41.16674" lon="-8.12931">
        <ele>234</ele>
        <time>2026-08-15T09:07:36.000Z</time>
      </trkpt>
      <trkpt lat="41.16607" lon="-8.12884">
        <ele>235</ele>
        <time>2026-08-15T09:07:40.000Z</time>
      </trkpt>
      <trkpt lat="41.16526" lon="-8.12874">
        <ele>235</ele>
        <time>2026-08-15T09:07:44.000Z</time>
      </trkpt>
      <trkpt lat="41.16436" lon="-8.12868">
        <ele>233</ele>
        <time>2026-08-15T09:07:48.000Z</time>
      </trkpt>
      <trkpt lat="41.16345" lon="-8.12862">
        <ele>230</ele>
        <time>2026-08-15T09:07:52.000Z</time>
      </trkpt>
      <trkpt lat="41.16255" lon="-8.12857">
        <ele>232</ele>
        <time>2026-08-15T09:07:56.000Z</time>
      </trkpt>
      <trkpt lat="41.16171" lon="-8.12849">
        <ele>234</ele>
        <time>2026-08-15T09:08:00.000Z</time>
      </trkpt>
      <trkpt lat="41.16091" lon="-8.12831">
        <ele>239</ele>
        <time>2026-08-15T09:08:04.000Z</time>
      </trkpt>
      <trkpt lat="41.16015" lon="-8.12799">
        <ele>241</ele>
        <time>2026-08-15T09:08:08.000Z</time>
      </trkpt>
      <trkpt lat="41.15942" lon="-8.12751">
        <ele>244</ele>
        <time>2026-08-15T09:08:12.000Z</time>
      </trkpt>
      <trkpt lat="41.15875" lon="-8.12689">
        <ele>245</ele>
        <time>2026-08-15T09:08:16.000Z</time>
      </trkpt>
      <trkpt lat="41.15811" lon="-8.12617">
        <ele>250</ele>
        <time>2026-08-15T09:08:20.000Z</time>
      </trkpt>
      <trkpt lat="41.15748" lon="-8.12544">
        <ele>255</ele>
        <time>2026-08-15T09:08:24.000Z</time>
      </trkpt>
      <trkpt lat="41.15686" lon="-8.12472">
        <ele>259</ele>
        <time>2026-08-15T09:08:28.000Z</time>
      </trkpt>
      <trkpt lat="41.15625" lon="-8.12402">
        <ele>265</ele>
        <time>2026-08-15T09:08:32.000Z</time>
      </trkpt>
      <trkpt lat="41.15563" lon="-8.12335">
        <ele>269</ele>
        <time>2026-08-15T09:08:36.000Z</time>
      </trkpt>
      <trkpt lat="41.1549" lon="-8.123">
        <ele>278</ele>
        <time>2026-08-15T09:08:40.000Z</time>
      </trkpt>
      <trkpt lat="41.15413" lon="-8.12278">
        <ele>284</ele>
        <time>2026-08-15T09:08:44.000Z</time>
      </trkpt>
      <trkpt lat="41.15342" lon="-8.12234">
        <ele>289</ele>
        <time>2026-08-15T09:08:48.000Z</time>
      </trkpt>
      <trkpt lat="41.15282" lon="-8.12164">
        <ele>294</ele>
        <time>2026-08-15T09:08:52.000Z</time>
      </trkpt>
      <trkpt lat="41.15229" lon="-8.12084">
        <ele>300</ele>
        <time>2026-08-15T09:08:56.000Z</time>
      </trkpt>
      <trkpt lat="41.15177" lon="-8.12004">
        <ele>307</ele>
        <time>2026-08-15T09:09:00.000Z</time>
      </trkpt>
      <trkpt lat="41.15134" lon="-8.11917">
        <ele>314</ele>
        <time>2026-08-15T09:09:04.000Z</time>
      </trkpt>
      <trkpt lat="41.15105" lon="-8.11827">
        <ele>320</ele>
        <time>2026-08-15T09:09:08.000Z</time>
      </trkpt>
      <trkpt lat="41.15057" lon="-8.11764">
        <ele>326</ele>
        <time>2026-08-15T09:09:12.000Z</time>
      </trkpt>
      <trkpt lat="41.14989" lon="-8.11747">
        <ele>333</ele>
        <time>2026-08-15T09:09:16.000Z</time>
      </trkpt>
      <trkpt lat="41.14932" lon="-8.11742">
        <ele>337</ele>
        <time>2026-08-15T09:09:20.000Z</time>
      </trkpt>
      <trkpt lat="41.14882" lon="-8.1171">
        <ele>342</ele>
        <time>2026-08-15T09:09:24.000Z</time>
      </trkpt>
      <trkpt lat="41.1485" lon="-8.11641">
        <ele>344</ele>
        <time>2026-08-15T09:09:28.000Z</time>
      </trkpt>
      <trkpt lat="41.1485" lon="-8.11564">
        <ele>348</ele>
        <time>2026-08-15T09:09:32.000Z</time>
      </trkpt>
      <trkpt lat="41.14873" lon="-8.11506">
        <ele>353</ele>
        <time>2026-08-15T09:09:36.000Z</time>
      </trkpt>
      <trkpt lat="41.14892" lon="-8.11471">
        <ele>355</ele>
        <time>2026-08-15T09:09:40.000Z</time>
      </trkpt>
      <trkpt lat="41.14917" lon="-8.11478">
        <ele>356</ele>
        <time>2026-08-15T09:09:44.000Z</time>
      </trkpt>
      <trkpt lat="41.14955" lon="-8.11509">
        <ele>357</ele>
        <time>2026-08-15T09:09:48.000Z</time>
      </trkpt>
      <trkpt lat="41.15002" lon="-8.11536">
        <ele>360</ele>
        <time>2026-08-15T09:09:52.000Z</time>
      </trkpt>
      <trkpt lat="41.1506" lon="-8.1154">
        <ele>365</ele>
        <time>2026-08-15T09:09:56.000Z</time>
      </trkpt>
      <trkpt lat="41.15115" lon="-8.11508">
        <ele>373</ele>
        <time>2026-08-15T09:10:00.000Z</time>
      </trkpt>
      <trkpt lat="41.15165" lon="-8.11453">
        <ele>380</ele>
        <time>2026-08-15T09:10:04.000Z</time>
      </trkpt>
      <trkpt lat="41.15214" lon="-8.11396">
        <ele>387</ele>
        <time>2026-08-15T09:10:08.000Z</time>
      </trkpt>
      <trkpt lat="41.15267" lon="-8.11335">
        <ele>392</ele>
        <time>2026-08-15T09:10:12.000Z</time>
      </trkpt>
      <trkpt lat="41.15322" lon="-8.11273">
        <ele>399</ele>
        <time>2026-08-15T09:10:16.000Z</time>
      </trkpt>
      <trkpt lat="41.15363" lon="-8.11195">
        <ele>406</ele>
        <time>2026-08-15T09:10:20.000Z</time>
      </trkpt>
      <trkpt lat="41.15384" lon="-8.11097">
        <ele>414</ele>
        <time>2026-08-15T09:10:24.000Z</time>
      </trkpt>
      <trkpt lat="41.15404" lon="-8.11002">
        <ele>420</ele>
        <time>2026-08-15T09:10:28.000Z</time>
      </trkpt>
      <trkpt lat="41.15451" lon="-8.10941">
        <ele>423</ele>
        <time>2026-08-15T09:10:32.000Z</time>
      </trkpt>
      <trkpt lat="41.15519" lon="-8.10916">
        <ele>425</ele>
        <time>2026-08-15T09:10:36.000Z</time>
      </trkpt>
      <trkpt lat="41.15587" lon="-8.10881">
        <ele>428</ele>
        <time>2026-08-15T09:10:40.000Z</time>
      </trkpt>
      <trkpt lat="41.15626" lon="-8.10805">
        <ele>433</ele>
        <time>2026-08-15T09:10:44.000Z</time>
      </trkpt>
      <trkpt lat="41.15622" lon="-8.1071">
        <ele>438</ele>
        <time>2026-08-15T09:10:48.000Z</time>
      </trkpt>
      <trkpt lat="41.15619" lon="-8.1062">
        <ele>441</ele>
        <time>2026-08-15T09:10:52.000Z</time>
      </trkpt>
      <trkpt lat="41.15656" lon="-8.10547">
        <ele>443</ele>
        <time>2026-08-15T09:10:56.000Z</time>
      </trkpt>
      <trkpt lat="41.15719" lon="-8.1051">
        <ele>446</ele>
        <time>2026-08-15T09:11:00.000Z</time>
      </trkpt>
      <trkpt lat="41.15788" lon="-8.10477">
        <ele>452</ele>
        <time>2026-08-15T09:11:04.000Z</time>
      </trkpt>
      <trkpt lat="41.15841" lon="-8.10413">
        <ele>460</ele>
        <time>2026-08-15T09:11:08.000Z</time>
      </trkpt>
      <trkpt lat="41.15879" lon="-8.10344">
        <ele>465</ele>
        <time>2026-08-15T09:11:12.000Z</time>
      </trkpt>
      <trkpt lat="41.159" lon="-8.10292">
        <ele>468</ele>
        <time>2026-08-15T09:11:16.000Z</time>
      </trkpt>
      <trkpt lat="41.15917" lon="-8.10264">
        <ele>472</ele>
        <time>2026-08-15T09:11:20.000Z</time>
      </trkpt>
      <trkpt lat="41.15931" lon="-8.10263">
        <ele>474</ele>
        <time>2026-08-15T09:11:24.000Z</time>
      </trkpt>
      <trkpt lat="41.15955" lon="-8.10261">
        <ele>475</ele>
        <time>2026-08-15T09:11:28.000Z</time>
      </trkpt>
      <trkpt lat="41.15965" lon="-8.10233">
        <ele>476</ele>
        <time>2026-08-15T09:11:32.000Z</time>
      </trkpt>
      <trkpt lat="41.15958" lon="-8.10207">
        <ele>475</ele>
        <time>2026-08-15T09:11:36.000Z</time>
      </trkpt>
      <trkpt lat="41.15945" lon="-8.10188">
        <ele>475</ele>
        <time>2026-08-15T09:11:40.000Z</time>
      </trkpt>
      <trkpt lat="41.15926" lon="-8.10164">
        <ele>474</ele>
        <time>2026-08-15T09:11:44.000Z</time>
      </trkpt>
      <trkpt lat="41.15902" lon="-8.10134">
        <ele>473</ele>
        <time>2026-08-15T09:11:48.000Z</time>
      </trkpt>
      <trkpt lat="41.15879" lon="-8.10104">
        <ele>474</ele>
        <time>2026-08-15T09:11:52.000Z</time>
      </trkpt>
      <trkpt lat="41.15849" lon="-8.10084">
        <ele>475</ele>
        <time>2026-08-15T09:11:56.000Z</time>
      </trkpt>
      <trkpt lat="41.1581" lon="-8.10063">
        <ele>479</ele>
        <time>2026-08-15T09:12:00.000Z</time>
      </trkpt>
      <trkpt lat="41.15767" lon="-8.10045">
        <ele>483</ele>
        <time>2026-08-15T09:12:04.000Z</time>
      </trkpt>
      <trkpt lat="41.15737" lon="-8.10014">
        <ele>488</ele>
        <time>2026-08-15T09:12:08.000Z</time>
      </trkpt>
      <trkpt lat="41.15731" lon="-8.09979">
        <ele>491</ele>
        <time>2026-08-15T09:12:12.000Z</time>
      </trkpt>
      <trkpt lat="41.1572" lon="-8.09973">
        <ele>494</ele>
        <time>2026-08-15T09:12:16.000Z</time>
      </trkpt>
      <trkpt lat="41.15693" lon="-8.09967">
        <ele>494</ele>
        <time>2026-08-15T09:12:20.000Z</time>
      </trkpt>
      <trkpt lat="41.15662" lon="-8.0997">
        <ele>494</ele>
        <time>2026-08-15T09:12:24.000Z</time>
      </trkpt>
      <trkpt lat="41.15641" lon="-8.0999">
        <ele>490</ele>
        <time>2026-08-15T09:12:28.000Z</time>
      </trkpt>
      <trkpt lat="41.15612" lon="-8.10013">
        <ele>487</ele>
        <time>2026-08-15T09:12:32.000Z</time>
      </trkpt>
      <trkpt lat="41.15582" lon="-8.10033">
        <ele>487</ele>
        <time>2026-08-15T09:12:36.000Z</time>
      </trkpt>
      <trkpt lat="41.15558" lon="-8.10058">
        <ele>484</ele>
        <time>2026-08-15T09:12:40.000Z</time>
      </trkpt>
      <trkpt lat="41.15547" lon="-8.101">
        <ele>483</ele>
        <time>2026-08-15T09:12:44.000Z</time>
      </trkpt>
      <trkpt lat="41.1554" lon="-8.10144">
        <ele>481</ele>
        <time>2026-08-15T09:12:48.000Z</time>
      </trkpt>
      <trkpt lat="41.15523" lon="-8.10182">
        <ele>478</ele>
        <time>2026-08-15T09:12:52.000Z</time>
      </trkpt>
      <trkpt lat="41.15493" lon="-8.10218">
        <ele>475</ele>
        <time>2026-08-15T09:12:56.000Z</time>
      </trkpt>
      <trkpt lat="41.15461" lon="-8.10258">
        <ele>470</ele>
        <time>2026-08-15T09:13:00.000Z</time>
      </trkpt>
      <trkpt lat="41.15428" lon="-8.10294">
        <ele>466</ele>
        <time>2026-08-15T09:13:04.000Z</time>
      </trkpt>
      <trkpt lat="41.15402" lon="-8.10339">
        <ele>462</ele>
        <time>2026-08-15T09:13:08.000Z</time>
      </trkpt>
      <trkpt lat="41.15388" lon="-8.10384">
        <ele>457</ele>
        <time>2026-08-15T09:13:12.000Z</time>
      </trkpt>
      <trkpt lat="41.15398" lon="-8.10423">
        <ele>453</ele>
        <time>2026-08-15T09:13:16.000Z</time>
      </trkpt>
      <trkpt lat="41.15406" lon="-8.10464">
        <ele>451</ele>
        <time>2026-08-15T09:13:20.000Z</time>
      </trkpt>
      <trkpt lat="41.15394" lon="-8.105">
        <ele>447</ele>
        <time>2026-08-15T09:13:24.000Z</time>
      </trkpt>
      <trkpt lat="41.15372" lon="-8.10535">
        <ele>444</ele>
        <time>2026-08-15T09:13:28.000Z</time>
      </trkpt>
      <trkpt lat="41.1535" lon="-8.10559">
        <ele>442</ele>
        <time>2026-08-15T09:13:32.000Z</time>
      </trkpt>
      <trkpt lat="41.1532" lon="-8.10557">
        <ele>438</ele>
        <time>2026-08-15T09:13:36.000Z</time>
      </trkpt>
      <trkpt lat="41.15283" lon="-8.10542">
        <ele>434</ele>
        <time>2026-08-15T09:13:40.000Z</time>
      </trkpt>
      <trkpt lat="41.15243" lon="-8.10521">
        <ele>430</ele>
        <time>2026-08-15T09:13:44.000Z</time>
      </trkpt>
      <trkpt lat="41.15205" lon="-8.10503">
        <ele>427</ele>
        <time>2026-08-15T09:13:48.000Z</time>
      </trkpt>
      <trkpt lat="41.15166" lon="-8.10491">
        <ele>424</ele>
        <time>2026-08-15T09:13:52.000Z</time>
      </trkpt>
      <trkpt lat="41.15126" lon="-8.10497">
        <ele>421</ele>
        <time>2026-08-15T09:13:56.000Z</time>
      </trkpt>
      <trkpt lat="41.15101" lon="-8.10536">
        <ele>422</ele>
        <time>2026-08-15T09:14:00.000Z</time>
      </trkpt>
      <trkpt lat="41.15087" lon="-8.10581">
        <ele>424</ele>
        <time>2026-08-15T09:14:04.000Z</time>
      </trkpt>
      <trkpt lat="41.15058" lon="-8.10604">
        <ele>427</ele>
        <time>2026-08-15T09:14:08.000Z</time>
      </trkpt>
      <trkpt lat="41.15019" lon="-8.10609">
        <ele>425</ele>
        <time>2026-08-15T09:14:12.000Z</time>
      </trkpt>
      <trkpt lat="41.14981" lon="-8.10613">
        <ele>420</ele>
        <time>2026-08-15T09:14:16.000Z</time>
      </trkpt>
      <trkpt lat="41.14942" lon="-8.10618">
        <ele>418</ele>
        <time>2026-08-15T09:14:20.000Z</time>
      </trkpt>
      <trkpt lat="41.14914" lon="-8.10641">
        <ele>416</ele>
        <time>2026-08-15T09:14:24.000Z</time>
      </trkpt>
      <trkpt lat="41.14892" lon="-8.10675">
        <ele>412</ele>
        <time>2026-08-15T09:14:28.000Z</time>
      </trkpt>
      <trkpt lat="41.1488" lon="-8.10715">
        <ele>409</ele>
        <time>2026-08-15T09:14:32.000Z</time>
      </trkpt>
      <trkpt lat="41.14885" lon="-8.10762">
        <ele>406</ele>
        <time>2026-08-15T09:14:36.000Z</time>
      </trkpt>
      <trkpt lat="41.14893" lon="-8.10807">
        <ele>403</ele>
        <time>2026-08-15T09:14:40.000Z</time>
      </trkpt>
      <trkpt lat="41.14887" lon="-8.10855">
        <ele>400</ele>
        <time>2026-08-15T09:14:44.000Z</time>
      </trkpt>
      <trkpt lat="41.1488" lon="-8.10906">
        <ele>399</ele>
        <time>2026-08-15T09:14:48.000Z</time>
      </trkpt>
      <trkpt lat="41.14874" lon="-8.10951">
        <ele>398</ele>
        <time>2026-08-15T09:14:52.000Z</time>
      </trkpt>
      <trkpt lat="41.14871" lon="-8.11">
        <ele>395</ele>
        <time>2026-08-15T09:14:56.000Z</time>
      </trkpt>
      <trkpt lat="41.14871" lon="-8.11054">
        <ele>392</ele>
        <time>2026-08-15T09:15:00.000Z</time>
      </trkpt>
      <trkpt lat="41.14872" lon="-8.11103">
        <ele>387</ele>
        <time>2026-08-15T09:15:04.000Z</time>
      </trkpt>
      <trkpt lat="41.14857" lon="-8.1114">
        <ele>383</ele>
        <time>2026-08-15T09:15:08.000Z</time>
      </trkpt>
      <trkpt lat="41.14823" lon="-8.11157">
        <ele>377</ele>
        <time>2026-08-15T09:15:12.000Z</time>
      </trkpt>
      <trkpt lat="41.14782" lon="-8.11163">
        <ele>372</ele>
        <time>2026-08-15T09:15:16.000Z</time>
      </trkpt>
      <trkpt lat="41.14744" lon="-8.11178">
        <ele>368</ele>
        <time>2026-08-15T09:15:20.000Z</time>
      </trkpt>
      <trkpt lat="41.14706" lon="-8.11196">
        <ele>365</ele>
        <time>2026-08-15T09:15:24.000Z</time>
      </trkpt>
      <trkpt lat="41.14669" lon="-8.11218">
        <ele>362</ele>
        <time>2026-08-15T09:15:28.000Z</time>
      </trkpt>
      <trkpt lat="41.14636" lon="-8.11248">
        <ele>359</ele>
        <time>2026-08-15T09:15:32.000Z</time>
      </trkpt>
      <trkpt lat="41.14604" lon="-8.1128">
        <ele>357</ele>
        <time>2026-08-15T09:15:36.000Z</time>
      </trkpt>
      <trkpt lat="41.14566" lon="-8.11306">
        <ele>354</ele>
        <time>2026-08-15T09:15:40.000Z</time>
      </trkpt>
      <trkpt lat="41.14526" lon="-8.11327">
        <ele>353</ele>
        <time>2026-08-15T09:15:44.000Z</time>
      </trkpt>
      <trkpt lat="41.14492" lon="-8.11352">
        <ele>350</ele>
        <time>2026-08-15T09:15:48.000Z</time>
      </trkpt>
      <trkpt lat="41.14471" lon="-8.11386">
        <ele>347</ele>
        <time>2026-08-15T09:15:52.000Z</time>
      </trkpt>
      <trkpt lat="41.14457" lon="-8.11422">
        <ele>345</ele>
        <time>2026-08-15T09:15:56.000Z</time>
      </trkpt>
      <trkpt lat="41.14427" lon="-8.1144">
        <ele>343</ele>
        <time>2026-08-15T09:16:00.000Z</time>
      </trkpt>
      <trkpt lat="41.144" lon="-8.11441">
        <ele>340</ele>
        <time>2026-08-15T09:16:04.000Z</time>
      </trkpt>
      <trkpt lat="41.14371" lon="-8.11429">
        <ele>336</ele>
        <time>2026-08-15T09:16:08.000Z</time>
      </trkpt>
      <trkpt lat="41.14349" lon="-8.11423">
        <ele>333</ele>
        <time>2026-08-15T09:16:12.000Z</time>
      </trkpt>
      <trkpt lat="41.14325" lon="-8.11431">
        <ele>330</ele>
        <time>2026-08-15T09:16:16.000Z</time>
      </trkpt>
      <trkpt lat="41.14302" lon="-8.11455">
        <ele>328</ele>
        <time>2026-08-15T09:16:20.000Z</time>
      </trkpt>
      <trkpt lat="41.14293" lon="-8.11496">
        <ele>326</ele>
        <time>2026-08-15T09:16:24.000Z</time>
      </trkpt>
      <trkpt lat="41.14303" lon="-8.11543">
        <ele>322</ele>
        <time>2026-08-15T09:16:28.000Z</time>
      </trkpt>
      <trkpt lat="41.14315" lon="-8.11592">
        <ele>318</ele>
        <time>2026-08-15T09:16:32.000Z</time>
      </trkpt>
      <trkpt lat="41.14322" lon="-8.11636">
        <ele>313</ele>
        <time>2026-08-15T09:16:36.000Z</time>
      </trkpt>
      <trkpt lat="41.14313" lon="-8.11677">
        <ele>309</ele>
        <time>2026-08-15T09:16:40.000Z</time>
      </trkpt>
      <trkpt lat="41.14285" lon="-8.11704">
        <ele>306</ele>
        <time>2026-08-15T09:16:44.000Z</time>
      </trkpt>
      <trkpt lat="41.14249" lon="-8.11704">
        <ele>301</ele>
        <time>2026-08-15T09:16:48.000Z</time>
      </trkpt>
      <trkpt lat="41.1422" lon="-8.11672">
        <ele>296</ele>
        <time>2026-08-15T09:16:52.000Z</time>
      </trkpt>
      <trkpt lat="41.14193" lon="-8.11633">
        <ele>293</ele>
        <time>2026-08-15T09:16:56.000Z</time>
      </trkpt>
      <trkpt lat="41.14165" lon="-8.11592">
        <ele>289</ele>
        <time>2026-08-15T09:17:00.000Z</time>
      </trkpt>
      <trkpt lat="41.1414" lon="-8.11547">
        <ele>285</ele>
        <time>2026-08-15T09:17:04.000Z</time>
      </trkpt>
      <trkpt lat="41.14116" lon="-8.11504">
        <ele>281</ele>
        <time>2026-08-15T09:17:08.000Z</time>
      </trkpt>
      <trkpt lat="41.14092" lon="-8.1147">
        <ele>278</ele>
        <time>2026-08-15T09:17:12.000Z</time>
      </trkpt>
      <trkpt lat="41.1408" lon="-8.11434">
        <ele>276</ele>
        <time>2026-08-15T09:17:16.000Z</time>
      </trkpt>
      <trkpt lat="41.14076" lon="-8.11393">
        <ele>274</ele>
        <time>2026-08-15T09:17:20.000Z</time>
      </trkpt>
      <trkpt lat="41.14072" lon="-8.11347">
        <ele>272</ele>
        <time>2026-08-15T09:17:24.000Z</time>
      </trkpt>
      <trkpt lat="41.14067" lon="-8.11301">
        <ele>273</ele>
        <time>2026-08-15T09:17:28.000Z</time>
      </trkpt>
      <trkpt lat="41.1406" lon="-8.11258">
        <ele>274</ele>
        <time>2026-08-15T09:17:32.000Z</time>
      </trkpt>
      <trkpt lat="41.14041" lon="-8.1123">
        <ele>275</ele>
        <time>2026-08-15T09:17:36.000Z</time>
      </trkpt>
      <trkpt lat="41.14012" lon="-8.11237">
        <ele>274</ele>
        <time>2026-08-15T09:17:40.000Z</time>
      </trkpt>
      <trkpt lat="41.14006" lon="-8.11274">
        <ele>272</ele>
        <time>2026-08-15T09:17:44.000Z</time>
      </trkpt>
      <trkpt lat="41.14017" lon="-8.11314">
        <ele>269</ele>
        <time>2026-08-15T09:17:48.000Z</time>
      </trkpt>
      <trkpt lat="41.1403" lon="-8.11358">
        <ele>266</ele>
        <time>2026-08-15T09:17:52.000Z</time>
      </trkpt>
      <trkpt lat="41.14029" lon="-8.11405">
        <ele>263</ele>
        <time>2026-08-15T09:17:56.000Z</time>
      </trkpt>
      <trkpt lat="41.14021" lon="-8.11457">
        <ele>256</ele>
        <time>2026-08-15T09:18:00.000Z</time>
      </trkpt>
      <trkpt lat="41.14023" lon="-8.11511">
        <ele>250</ele>
        <time>2026-08-15T09:18:04.000Z</time>
      </trkpt>
      <trkpt lat="41.14028" lon="-8.1155">
        <ele>247</ele>
        <time>2026-08-15T09:18:08.000Z</time>
      </trkpt>
      <trkpt lat="41.14024" lon="-8.11569">
        <ele>245</ele>
        <time>2026-08-15T09:18:12.000Z</time>
      </trkpt>
      <trkpt lat="41.14005" lon="-8.11579">
        <ele>245</ele>
        <time>2026-08-15T09:18:16.000Z</time>
      </trkpt>
      <trkpt lat="41.13988" lon="-8.11609">
        <ele>246</ele>
        <time>2026-08-15T09:18:20.000Z</time>
      </trkpt>
      <trkpt lat="41.13954" lon="-8.11614">
        <ele>249</ele>
        <time>2026-08-15T09:18:24.000Z</time>
      </trkpt>
      <trkpt lat="41.13921" lon="-8.11626">
        <ele>254</ele>
        <time>2026-08-15T09:18:28.000Z</time>
      </trkpt>
      <trkpt lat="41.13891" lon="-8.11634">
        <ele>257</ele>
        <time>2026-08-15T09:18:32.000Z</time>
      </trkpt>
      <trkpt lat="41.1386" lon="-8.11605">
        <ele>260</ele>
        <time>2026-08-15T09:18:36.000Z</time>
      </trkpt>
      <trkpt lat="41.13834" lon="-8.11571">
        <ele>262</ele>
        <time>2026-08-15T09:18:40.000Z</time>
      </trkpt>
      <trkpt lat="41.13806" lon="-8.11567">
        <ele>265</ele>
        <time>2026-08-15T09:18:44.000Z</time>
      </trkpt>
      <trkpt lat="41.138" lon="-8.11612">
        <ele>267</ele>
        <time>2026-08-15T09:18:48.000Z</time>
      </trkpt>
      <trkpt lat="41.13798" lon="-8.11648">
        <ele>267</ele>
        <time>2026-08-15T09:18:52.000Z</time>
      </trkpt>
      <trkpt lat="41.13774" lon="-8.11658">
        <ele>268</ele>
        <time>2026-08-15T09:18:56.000Z</time>
      </trkpt>
      <trkpt lat="41.13744" lon="-8.11627">
        <ele>270</ele>
        <time>2026-08-15T09:19:00.000Z</time>
      </trkpt>
      <trkpt lat="41.13713" lon="-8.11631">
        <ele>273</ele>
        <time>2026-08-15T09:19:04.000Z</time>
      </trkpt>
      <trkpt lat="41.1369" lon="-8.11665">
        <ele>274</ele>
        <time>2026-08-15T09:19:08.000Z</time>
      </trkpt>
      <trkpt lat="41.1365" lon="-8.11673">
        <ele>279</ele>
        <time>2026-08-15T09:19:12.000Z</time>
      </trkpt>
      <trkpt lat="41.13607" lon="-8.11687">
        <ele>283</ele>
        <time>2026-08-15T09:19:16.000Z</time>
      </trkpt>
      <trkpt lat="41.13572" lon="-8.11716">
        <ele>289</ele>
        <time>2026-08-15T09:19:20.000Z</time>
      </trkpt>
      <trkpt lat="41.13539" lon="-8.11711">
        <ele>292</ele>
        <time>2026-08-15T09:19:24.000Z</time>
      </trkpt>
      <trkpt lat="41.13526" lon="-8.11668">
        <ele>295</ele>
        <time>2026-08-15T09:19:28.000Z</time>
      </trkpt>
      <trkpt lat="41.13504" lon="-8.11634">
        <ele>297</ele>
        <time>2026-08-15T09:19:32.000Z</time>
      </trkpt>
      <trkpt lat="41.13506" lon="-8.11588">
        <ele>300</ele>
        <time>2026-08-15T09:19:36.000Z</time>
      </trkpt>
      <trkpt lat="41.13483" lon="-8.1156">
        <ele>303</ele>
        <time>2026-08-15T09:19:40.000Z</time>
      </trkpt>
      <trkpt lat="41.13444" lon="-8.11571">
        <ele>306</ele>
        <time>2026-08-15T09:19:44.000Z</time>
      </trkpt>
      <trkpt lat="41.13425" lon="-8.11618">
        <ele>310</ele>
        <time>2026-08-15T09:19:48.000Z</time>
      </trkpt>
      <trkpt lat="41.13402" lon="-8.11646">
        <ele>313</ele>
        <time>2026-08-15T09:19:52.000Z</time>
      </trkpt>
      <trkpt lat="41.13365" lon="-8.11638">
        <ele>316</ele>
        <time>2026-08-15T09:19:56.000Z</time>
      </trkpt>
      <trkpt lat="41.13322" lon="-8.11646">
        <ele>319</ele>
        <time>2026-08-15T09:20:00.000Z</time>
      </trkpt>
      <trkpt lat="41.13277" lon="-8.1166">
        <ele>323</ele>
        <time>2026-08-15T09:20:04.000Z</time>
      </trkpt>
      <trkpt lat="41.13236" lon="-8.11656">
        <ele>328</ele>
        <time>2026-08-15T09:20:08.000Z</time>
      </trkpt>
      <trkpt lat="41.13207" lon="-8.11617">
        <ele>331</ele>
        <time>2026-08-15T09:20:12.000Z</time>
      </trkpt>
      <trkpt lat="41.13182" lon="-8.11587">
        <ele>332</ele>
        <time>2026-08-15T09:20:16.000Z</time>
      </trkpt>
      <trkpt lat="41.13162" lon="-8.1158">
        <ele>334</ele>
        <time>2026-08-15T09:20:20.000Z</time>
      </trkpt>
      <trkpt lat="41.13148" lon="-8.11584">
        <ele>336</ele>
        <time>2026-08-15T09:20:24.000Z</time>
      </trkpt>
      <trkpt lat="41.13135" lon="-8.11598">
        <ele>336</ele>
        <time>2026-08-15T09:20:28.000Z</time>
      </trkpt>
      <trkpt lat="41.13113" lon="-8.11591">
        <ele>337</ele>
        <time>2026-08-15T09:20:32.000Z</time>
      </trkpt>
      <trkpt lat="41.1308" lon="-8.11595">
        <ele>339</ele>
        <time>2026-08-15T09:20:36.000Z</time>
      </trkpt>
      <trkpt lat="41.13037" lon="-8.116">
        <ele>341</ele>
        <time>2026-08-15T09:20:40.000Z</time>
      </trkpt>
      <trkpt lat="41.12996" lon="-8.11616">
        <ele>344</ele>
        <time>2026-08-15T09:20:44.000Z</time>
      </trkpt>
      <trkpt lat="41.12967" lon="-8.1164">
        <ele>343</ele>
        <time>2026-08-15T09:20:48.000Z</time>
      </trkpt>
      <trkpt lat="41.12926" lon="-8.1163">
        <ele>341</ele>
        <time>2026-08-15T09:20:52.000Z</time>
      </trkpt>
      <trkpt lat="41.12881" lon="-8.11604">
        <ele>340</ele>
        <time>2026-08-15T09:20:56.000Z</time>
      </trkpt>
      <trkpt lat="41.12834" lon="-8.11595">
        <ele>341</ele>
        <time>2026-08-15T09:21:00.000Z</time>
      </trkpt>
      <trkpt lat="41.12786" lon="-8.116">
        <ele>340</ele>
        <time>2026-08-15T09:21:04.000Z</time>
      </trkpt>
      <trkpt lat="41.12741" lon="-8.1158">
        <ele>341</ele>
        <time>2026-08-15T09:21:08.000Z</time>
      </trkpt>
      <trkpt lat="41.12699" lon="-8.11576">
        <ele>344</ele>
        <time>2026-08-15T09:21:12.000Z</time>
      </trkpt>
      <trkpt lat="41.12668" lon="-8.11598">
        <ele>346</ele>
        <time>2026-08-15T09:21:16.000Z</time>
      </trkpt>
      <trkpt lat="41.12637" lon="-8.11628">
        <ele>346</ele>
        <time>2026-08-15T09:21:20.000Z</time>
      </trkpt>
      <trkpt lat="41.12597" lon="-8.1162">
        <ele>348</ele>
        <time>2026-08-15T09:21:24.000Z</time>
      </trkpt>
      <trkpt lat="41.12555" lon="-8.11611">
        <ele>350</ele>
        <time>2026-08-15T09:21:28.000Z</time>
      </trkpt>
      <trkpt lat="41.12509" lon="-8.11629">
        <ele>354</ele>
        <time>2026-08-15T09:21:32.000Z</time>
      </trkpt>
      <trkpt lat="41.12458" lon="-8.11629">
        <ele>356</ele>
        <time>2026-08-15T09:21:36.000Z</time>
      </trkpt>
      <trkpt lat="41.12414" lon="-8.11633">
        <ele>353</ele>
        <time>2026-08-15T09:21:40.000Z</time>
      </trkpt>
      <trkpt lat="41.1238" lon="-8.11604">
        <ele>350</ele>
        <time>2026-08-15T09:21:44.000Z</time>
      </trkpt>
      <trkpt lat="41.12351" lon="-8.11551">
        <ele>348</ele>
        <time>2026-08-15T09:21:48.000Z</time>
      </trkpt>
      <trkpt lat="41.12313" lon="-8.11501">
        <ele>346</ele>
        <time>2026-08-15T09:21:52.000Z</time>
      </trkpt>
      <trkpt lat="41.12301" lon="-8.11438">
        <ele>343</ele>
        <time>2026-08-15T09:21:56.000Z</time>
      </trkpt>
      <trkpt lat="41.12298" lon="-8.11373">
        <ele>341</ele>
        <time>2026-08-15T09:22:00.000Z</time>
      </trkpt>
      <trkpt lat="41.12287" lon="-8.1132">
        <ele>340</ele>
        <time>2026-08-15T09:22:04.000Z</time>
      </trkpt>
      <trkpt lat="41.12271" lon="-8.11281">
        <ele>338</ele>
        <time>2026-08-15T09:22:08.000Z</time>
      </trkpt>
      <trkpt lat="41.1225" lon="-8.11263">
        <ele>337</ele>
        <time>2026-08-15T09:22:12.000Z</time>
      </trkpt>
      <trkpt lat="41.12215" lon="-8.11273">
        <ele>334</ele>
        <time>2026-08-15T09:22:16.000Z</time>
      </trkpt>
      <trkpt lat="41.12188" lon="-8.11318">
        <ele>330</ele>
        <time>2026-08-15T09:22:20.000Z</time>
      </trkpt>
      <trkpt lat="41.1216" lon="-8.11359">
        <ele>325</ele>
        <time>2026-08-15T09:22:24.000Z</time>
      </trkpt>
      <trkpt lat="41.12119" lon="-8.11381">
        <ele>321</ele>
        <time>2026-08-15T09:22:28.000Z</time>
      </trkpt>
      <trkpt lat="41.12082" lon="-8.11416">
        <ele>317</ele>
        <time>2026-08-15T09:22:32.000Z</time>
      </trkpt>
      <trkpt lat="41.12055" lon="-8.11462">
        <ele>313</ele>
        <time>2026-08-15T09:22:36.000Z</time>
      </trkpt>
      <trkpt lat="41.12029" lon="-8.11504">
        <ele>308</ele>
        <time>2026-08-15T09:22:40.000Z</time>
      </trkpt>
      <trkpt lat="41.11993" lon="-8.11511">
        <ele>302</ele>
        <time>2026-08-15T09:22:44.000Z</time>
      </trkpt>
      <trkpt lat="41.11961" lon="-8.11473">
        <ele>303</ele>
        <time>2026-08-15T09:22:48.000Z</time>
      </trkpt>
      <trkpt lat="41.11928" lon="-8.11418">
        <ele>303</ele>
        <time>2026-08-15T09:22:52.000Z</time>
      </trkpt>
      <trkpt lat="41.11894" lon="-8.11363">
        <ele>300</ele>
        <time>2026-08-15T09:22:56.000Z</time>
      </trkpt>
      <trkpt lat="41.11851" lon="-8.11316">
        <ele>296</ele>
        <time>2026-08-15T09:23:00.000Z</time>
      </trkpt>
      <trkpt lat="41.11806" lon="-8.11267">
        <ele>293</ele>
        <time>2026-08-15T09:23:04.000Z</time>
      </trkpt>
      <trkpt lat="41.1177" lon="-8.11228">
        <ele>295</ele>
        <time>2026-08-15T09:23:08.000Z</time>
      </trkpt>
      <trkpt lat="41.11738" lon="-8.1121">
        <ele>298</ele>
        <time>2026-08-15T09:23:12.000Z</time>
      </trkpt>
      <trkpt lat="41.11702" lon="-8.11218">
        <ele>299</ele>
        <time>2026-08-15T09:23:16.000Z</time>
      </trkpt>
      <trkpt lat="41.11663" lon="-8.11206">
        <ele>299</ele>
        <time>2026-08-15T09:23:20.000Z</time>
      </trkpt>
      <trkpt lat="41.11627" lon="-8.11175">
        <ele>300</ele>
        <time>2026-08-15T09:23:24.000Z</time>
      </trkpt>
      <trkpt lat="41.11585" lon="-8.11184">
        <ele>301</ele>
        <time>2026-08-15T09:23:28.000Z</time>
      </trkpt>
      <trkpt lat="41.11542" lon="-8.1122">
        <ele>302</ele>
        <time>2026-08-15T09:23:32.000Z</time>
      </trkpt>
      <trkpt lat="41.115" lon="-8.11255">
        <ele>305</ele>
        <time>2026-08-15T09:23:36.000Z</time>
      </trkpt>
      <trkpt lat="41.1146" lon="-8.11272">
        <ele>308</ele>
        <time>2026-08-15T09:23:40.000Z</time>
      </trkpt>
      <trkpt lat="41.11422" lon="-8.11252">
        <ele>309</ele>
        <time>2026-08-15T09:23:44.000Z</time>
      </trkpt>
      <trkpt lat="41.11405" lon="-8.1121">
        <ele>308</ele>
        <time>2026-08-15T09:23:48.000Z</time>
      </trkpt>
      <trkpt lat="41.11417" lon="-8.11157">
        <ele>310</ele>
        <time>2026-08-15T09:23:52.000Z</time>
      </trkpt>
      <trkpt lat="41.11426" lon="-8.111">
        <ele>310</ele>
        <time>2026-08-15T09:23:56.000Z</time>
      </trkpt>
      <trkpt lat="41.11404" lon="-8.11056">
        <ele>310</ele>
        <time>2026-08-15T09:24:00.000Z</time>
      </trkpt>
      <trkpt lat="41.11366" lon="-8.11033">
        <ele>309</ele>
        <time>2026-08-15T09:24:04.000Z</time>
      </trkpt>
      <trkpt lat="41.11321" lon="-8.11016">
        <ele>306</ele>
        <time>2026-08-15T09:24:08.000Z</time>
      </trkpt>
      <trkpt lat="41.11275" lon="-8.11005">
        <ele>304</ele>
        <time>2026-08-15T09:24:12.000Z</time>
      </trkpt>
      <trkpt lat="41.11228" lon="-8.1101">
        <ele>303</ele>
        <time>2026-08-15T09:24:16.000Z</time>
      </trkpt>
      <trkpt lat="41.11182" lon="-8.11014">
        <ele>302</ele>
        <time>2026-08-15T09:24:20.000Z</time>
      </trkpt>
      <trkpt lat="41.11138" lon="-8.11001">
        <ele>301</ele>
        <time>2026-08-15T09:24:24.000Z</time>
      </trkpt>
      <trkpt lat="41.1109" lon="-8.10995">
        <ele>299</ele>
        <time>2026-08-15T09:24:28.000Z</time>
      </trkpt>
      <trkpt lat="41.11035" lon="-8.10998">
        <ele>295</ele>
        <time>2026-08-15T09:24:32.000Z</time>
      </trkpt>
      <trkpt lat="41.10978" lon="-8.11003">
        <ele>293</ele>
        <time>2026-08-15T09:24:36.000Z</time>
      </trkpt>
      <trkpt lat="41.10934" lon="-8.11002">
        <ele>293</ele>
        <time>2026-08-15T09:24:40.000Z</time>
      </trkpt>
      <trkpt lat="41.10919" lon="-8.10957">
        <ele>294</ele>
        <time>2026-08-15T09:24:44.000Z</time>
      </trkpt>
      <trkpt lat="41.10911" lon="-8.10896">
        <ele>295</ele>
        <time>2026-08-15T09:24:48.000Z</time>
      </trkpt>
      <trkpt lat="41.10904" lon="-8.10839">
        <ele>297</ele>
        <time>2026-08-15T09:24:52.000Z</time>
      </trkpt>
      <trkpt lat="41.10914" lon="-8.1079">
        <ele>297</ele>
        <time>2026-08-15T09:24:56.000Z</time>
      </trkpt>
      <trkpt lat="41.10913" lon="-8.10741">
        <ele>296</ele>
        <time>2026-08-15T09:25:00.000Z</time>
      </trkpt>
      <trkpt lat="41.10882" lon="-8.10704">
        <ele>295</ele>
        <time>2026-08-15T09:25:04.000Z</time>
      </trkpt>
      <trkpt lat="41.10838" lon="-8.10687">
        <ele>293</ele>
        <time>2026-08-15T09:25:08.000Z</time>
      </trkpt>
      <trkpt lat="41.1079" lon="-8.10677">
        <ele>290</ele>
        <time>2026-08-15T09:25:12.000Z</time>
      </trkpt>
      <trkpt lat="41.10743" lon="-8.10666">
        <ele>287</ele>
        <time>2026-08-15T09:25:16.000Z</time>
      </trkpt>
      <trkpt lat="41.10709" lon="-8.10624">
        <ele>285</ele>
        <time>2026-08-15T09:25:20.000Z</time>
      </trkpt>
      <trkpt lat="41.10676" lon="-8.10567">
        <ele>284</ele>
        <time>2026-08-15T09:25:24.000Z</time>
      </trkpt>
      <trkpt lat="41.10635" lon="-8.1052">
        <ele>282</ele>
        <time>2026-08-15T09:25:28.000Z</time>
      </trkpt>
      <trkpt lat="41.10595" lon="-8.10507">
        <ele>280</ele>
        <time>2026-08-15T09:25:32.000Z</time>
      </trkpt>
      <trkpt lat="41.10549" lon="-8.10532">
        <ele>278</ele>
        <time>2026-08-15T09:25:36.000Z</time>
      </trkpt>
      <trkpt lat="41.10502" lon="-8.10561">
        <ele>276</ele>
        <time>2026-08-15T09:25:40.000Z</time>
      </trkpt>
      <trkpt lat="41.10459" lon="-8.10596">
        <ele>269</ele>
        <time>2026-08-15T09:25:44.000Z</time>
      </trkpt>
      <trkpt lat="41.10418" lon="-8.10638">
        <ele>263</ele>
        <time>2026-08-15T09:25:48.000Z</time>
      </trkpt>
      <trkpt lat="41.10388" lon="-8.1069">
        <ele>259</ele>
        <time>2026-08-15T09:25:52.000Z</time>
      </trkpt>
      <trkpt lat="41.10359" lon="-8.10747">
        <ele>254</ele>
        <time>2026-08-15T09:25:56.000Z</time>
      </trkpt>
      <trkpt lat="41.10339" lon="-8.10807">
        <ele>250</ele>
        <time>2026-08-15T09:26:00.000Z</time>
      </trkpt>
      <trkpt lat="41.10318" lon="-8.1085">
        <ele>244</ele>
        <time>2026-08-15T09:26:04.000Z</time>
      </trkpt>
      <trkpt lat="41.10281" lon="-8.10861">
        <ele>240</ele>
        <time>2026-08-15T09:26:08.000Z</time>
      </trkpt>
      <trkpt lat="41.10249" lon="-8.10869">
        <ele>239</ele>
        <time>2026-08-15T09:26:12.000Z</time>
      </trkpt>
      <trkpt lat="41.10233" lon="-8.10881">
        <ele>238</ele>
        <time>2026-08-15T09:26:16.000Z</time>
      </trkpt>
      <trkpt lat="41.10225" lon="-8.10876">
        <ele>237</ele>
        <time>2026-08-15T09:26:20.000Z</time>
      </trkpt>
      <trkpt lat="41.10233" lon="-8.10844">
        <ele>236</ele>
        <time>2026-08-15T09:26:24.000Z</time>
      </trkpt>
      <trkpt lat="41.10242" lon="-8.10804">
        <ele>233</ele>
        <time>2026-08-15T09:26:28.000Z</time>
      </trkpt>
      <trkpt lat="41.10251" lon="-8.10761">
        <ele>230</ele>
        <time>2026-08-15T09:26:32.000Z</time>
      </trkpt>
      <trkpt lat="41.10268" lon="-8.10714">
        <ele>229</ele>
        <time>2026-08-15T09:26:36.000Z</time>
      </trkpt>
      <trkpt lat="41.10299" lon="-8.10682">
        <ele>226</ele>
        <time>2026-08-15T09:26:40.000Z</time>
      </trkpt>
      <trkpt lat="41.10327" lon="-8.10641">
        <ele>223</ele>
        <time>2026-08-15T09:26:44.000Z</time>
      </trkpt>
      <trkpt lat="41.1034" lon="-8.10587">
        <ele>218</ele>
        <time>2026-08-15T09:26:48.000Z</time>
      </trkpt>
      <trkpt lat="41.10349" lon="-8.10537">
        <ele>214</ele>
        <time>2026-08-15T09:26:52.000Z</time>
      </trkpt>
      <trkpt lat="41.10327" lon="-8.10502">
        <ele>212</ele>
        <time>2026-08-15T09:26:56.000Z</time>
      </trkpt>
      <trkpt lat="41.10288" lon="-8.10487">
        <ele>209</ele>
        <time>2026-08-15T09:27:00.000Z</time>
      </trkpt>
      <trkpt lat="41.10258" lon="-8.10454">
        <ele>206</ele>
        <time>2026-08-15T09:27:04.000Z</time>
      </trkpt>
      <trkpt lat="41.10242" lon="-8.10393">
        <ele>204</ele>
        <time>2026-08-15T09:27:08.000Z</time>
      </trkpt>
      <trkpt lat="41.10229" lon="-8.10331">
        <ele>200</ele>
        <time>2026-08-15T09:27:12.000Z</time>
      </trkpt>
      <trkpt lat="41.10232" lon="-8.10273">
        <ele>196</ele>
        <time>2026-08-15T09:27:16.000Z</time>
      </trkpt>
      <trkpt lat="41.10246" lon="-8.10212">
        <ele>194</ele>
        <time>2026-08-15T09:27:20.000Z</time>
      </trkpt>
      <trkpt lat="41.10265" lon="-8.10156">
        <ele>190</ele>
        <time>2026-08-15T09:27:24.000Z</time>
      </trkpt>
      <trkpt lat="41.10299" lon="-8.10116">
        <ele>186</ele>
        <time>2026-08-15T09:27:28.000Z</time>
      </trkpt>
      <trkpt lat="41.10341" lon="-8.10084">
        <ele>183</ele>
        <time>2026-08-15T09:27:32.000Z</time>
      </trkpt>
      <trkpt lat="41.10376" lon="-8.10044">
        <ele>181</ele>
        <time>2026-08-15T09:27:36.000Z</time>
      </trkpt>
      <trkpt lat="41.10417" lon="-8.10023">
        <ele>178</ele>
        <time>2026-08-15T09:27:40.000Z</time>
      </trkpt>
      <trkpt lat="41.1045" lon="-8.09985">
        <ele>175</ele>
        <time>2026-08-15T09:27:44.000Z</time>
      </trkpt>
      <trkpt lat="41.1046" lon="-8.09933">
        <ele>172</ele>
        <time>2026-08-15T09:27:48.000Z</time>
      </trkpt>
      <trkpt lat="41.10495" lon="-8.09921">
        <ele>168</ele>
        <time>2026-08-15T09:27:52.000Z</time>
      </trkpt>
      <trkpt lat="41.10531" lon="-8.09955">
        <ele>165</ele>
        <time>2026-08-15T09:27:56.000Z</time>
      </trkpt>
      <trkpt lat="41.10568" lon="-8.10004">
        <ele>162</ele>
        <time>2026-08-15T09:28:00.000Z</time>
      </trkpt>
      <trkpt lat="41.10598" lon="-8.10056">
        <ele>160</ele>
        <time>2026-08-15T09:28:04.000Z</time>
      </trkpt>
      <trkpt lat="41.10638" lon="-8.10082">
        <ele>154</ele>
        <time>2026-08-15T09:28:08.000Z</time>
      </trkpt>
      <trkpt lat="41.10667" lon="-8.10105">
        <ele>151</ele>
        <time>2026-08-15T09:28:12.000Z</time>
      </trkpt>
      <trkpt lat="41.10698" lon="-8.10137">
        <ele>147</ele>
        <time>2026-08-15T09:28:16.000Z</time>
      </trkpt>
      <trkpt lat="41.10729" lon="-8.10118">
        <ele>145</ele>
        <time>2026-08-15T09:28:20.000Z</time>
      </trkpt>
      <trkpt lat="41.10761" lon="-8.10085">
        <ele>142</ele>
        <time>2026-08-15T09:28:24.000Z</time>
      </trkpt>
      <trkpt lat="41.10793" lon="-8.10076">
        <ele>140</ele>
        <time>2026-08-15T09:28:28.000Z</time>
      </trkpt>
      <trkpt lat="41.10816" lon="-8.10101">
        <ele>137</ele>
        <time>2026-08-15T09:28:32.000Z</time>
      </trkpt>
      <trkpt lat="41.10824" lon="-8.10151">
        <ele>134</ele>
        <time>2026-08-15T09:28:36.000Z</time>
      </trkpt>
      <trkpt lat="41.10839" lon="-8.10201">
        <ele>134</ele>
        <time>2026-08-15T09:28:40.000Z</time>
      </trkpt>
      <trkpt lat="41.10878" lon="-8.10227">
        <ele>132</ele>
        <time>2026-08-15T09:28:44.000Z</time>
      </trkpt>
      <trkpt lat="41.10919" lon="-8.10228">
        <ele>130</ele>
        <time>2026-08-15T09:28:48.000Z</time>
      </trkpt>
      <trkpt lat="41.10944" lon="-8.1019">
        <ele>129</ele>
        <time>2026-08-15T09:28:52.000Z</time>
      </trkpt>
      <trkpt lat="41.10951" lon="-8.1014">
        <ele>129</ele>
        <time>2026-08-15T09:28:56.000Z</time>
      </trkpt>
      <trkpt lat="41.10952" lon="-8.10082">
        <ele>129</ele>
        <time>2026-08-15T09:29:00.000Z</time>
      </trkpt>
      <trkpt lat="41.10944" lon="-8.10022">
        <ele>131</ele>
        <time>2026-08-15T09:29:04.000Z</time>
      </trkpt>
      <trkpt lat="41.10917" lon="-8.09965">
        <ele>135</ele>
        <time>2026-08-15T09:29:08.000Z</time>
      </trkpt>
      <trkpt lat="41.10889" lon="-8.09904">
        <ele>136</ele>
        <time>2026-08-15T09:29:12.000Z</time>
      </trkpt>
      <trkpt lat="41.10861" lon="-8.09851">
        <ele>138</ele>
        <time>2026-08-15T09:29:16.000Z</time>
      </trkpt>
      <trkpt lat="41.10819" lon="-8.09827">
        <ele>140</ele>
        <time>2026-08-15T09:29:20.000Z</time>
      </trkpt>
      <trkpt lat="41.10779" lon="-8.09793">
        <ele>140</ele>
        <time>2026-08-15T09:29:24.000Z</time>
      </trkpt>
      <trkpt lat="41.10754" lon="-8.09736">
        <ele>142</ele>
        <time>2026-08-15T09:29:28.000Z</time>
      </trkpt>
      <trkpt lat="41.10739" lon="-8.09686">
        <ele>144</ele>
        <time>2026-08-15T09:29:32.000Z</time>
      </trkpt>
      <trkpt lat="41.10701" lon="-8.09678">
        <ele>146</ele>
        <time>2026-08-15T09:29:36.000Z</time>
      </trkpt>
      <trkpt lat="41.10656" lon="-8.09685">
        <ele>148</ele>
        <time>2026-08-15T09:29:40.000Z</time>
      </trkpt>
      <trkpt lat="41.10616" lon="-8.0968">
        <ele>149</ele>
        <time>2026-08-15T09:29:44.000Z</time>
      </trkpt>
      <trkpt lat="41.10581" lon="-8.09647">
        <ele>149</ele>
        <time>2026-08-15T09:29:48.000Z</time>
      </trkpt>
      <trkpt lat="41.10546" lon="-8.09607">
        <ele>148</ele>
        <time>2026-08-15T09:29:52.000Z</time>
      </trkpt>
      <trkpt lat="41.1051" lon="-8.09566">
        <ele>147</ele>
        <time>2026-08-15T09:29:56.000Z</time>
      </trkpt>
      <trkpt lat="41.10474" lon="-8.09531">
        <ele>147</ele>
        <time>2026-08-15T09:30:00.000Z</time>
      </trkpt>
      <trkpt lat="41.10433" lon="-8.09505">
        <ele>148</ele>
        <time>2026-08-15T09:30:04.000Z</time>
      </trkpt>
      <trkpt lat="41.10395" lon="-8.0946">
        <ele>148</ele>
        <time>2026-08-15T09:30:08.000Z</time>
      </trkpt>
      <trkpt lat="41.10379" lon="-8.09395">
        <ele>150</ele>
        <time>2026-08-15T09:30:12.000Z</time>
      </trkpt>
      <trkpt lat="41.10369" lon="-8.09325">
        <ele>150</ele>
        <time>2026-08-15T09:30:16.000Z</time>
      </trkpt>
      <trkpt lat="41.1036" lon="-8.09257">
        <ele>151</ele>
        <time>2026-08-15T09:30:20.000Z</time>
      </trkpt>
      <trkpt lat="41.1035" lon="-8.09185">
        <ele>151</ele>
        <time>2026-08-15T09:30:24.000Z</time>
      </trkpt>
      <trkpt lat="41.10337" lon="-8.09112">
        <ele>152</ele>
        <time>2026-08-15T09:30:28.000Z</time>
      </trkpt>
      <trkpt lat="41.10322" lon="-8.09041">
        <ele>154</ele>
        <time>2026-08-15T09:30:32.000Z</time>
      </trkpt>
      <trkpt lat="41.10308" lon="-8.08974">
        <ele>154</ele>
        <time>2026-08-15T09:30:36.000Z</time>
      </trkpt>
      <trkpt lat="41.10293" lon="-8.08917">
        <ele>155</ele>
        <time>2026-08-15T09:30:40.000Z</time>
      </trkpt>
      <trkpt lat="41.10275" lon="-8.08868">
        <ele>155</ele>
        <time>2026-08-15T09:30:44.000Z</time>
      </trkpt>
      <trkpt lat="41.10237" lon="-8.08834">
        <ele>154</ele>
        <time>2026-08-15T09:30:48.000Z</time>
      </trkpt>
      <trkpt lat="41.10213" lon="-8.08784">
        <ele>153</ele>
        <time>2026-08-15T09:30:52.000Z</time>
      </trkpt>
      <trkpt lat="41.10217" lon="-8.08738">
        <ele>155</ele>
        <time>2026-08-15T09:30:56.000Z</time>
      </trkpt>
      <trkpt lat="41.10207" lon="-8.08712">
        <ele>155</ele>
        <time>2026-08-15T09:31:00.000Z</time>
      </trkpt>
      <trkpt lat="41.10186" lon="-8.08704">
        <ele>155</ele>
        <time>2026-08-15T09:31:04.000Z</time>
      </trkpt>
      <trkpt lat="41.10164" lon="-8.0873">
        <ele>152</ele>
        <time>2026-08-15T09:31:08.000Z</time>
      </trkpt>
      <trkpt lat="41.10171" lon="-8.0878">
        <ele>148</ele>
        <time>2026-08-15T09:31:12.000Z</time>
      </trkpt>
      <trkpt lat="41.10181" lon="-8.0883">
        <ele>145</ele>
        <time>2026-08-15T09:31:16.000Z</time>
      </trkpt>
      <trkpt lat="41.10196" lon="-8.08876">
        <ele>141</ele>
        <time>2026-08-15T09:31:20.000Z</time>
      </trkpt>
      <trkpt lat="41.10226" lon="-8.08891">
        <ele>139</ele>
        <time>2026-08-15T09:31:24.000Z</time>
      </trkpt>
      <trkpt lat="41.10241" lon="-8.08906">
        <ele>136</ele>
        <time>2026-08-15T09:31:28.000Z</time>
      </trkpt>
      <trkpt lat="41.10245" lon="-8.08948">
        <ele>133</ele>
        <time>2026-08-15T09:31:32.000Z</time>
      </trkpt>
      <trkpt lat="41.1025" lon="-8.08997">
        <ele>131</ele>
        <time>2026-08-15T09:31:36.000Z</time>
      </trkpt>
      <trkpt lat="41.10264" lon="-8.09033">
        <ele>129</ele>
        <time>2026-08-15T09:31:40.000Z</time>
      </trkpt>
      <trkpt lat="41.10257" lon="-8.09076">
        <ele>126</ele>
        <time>2026-08-15T09:31:44.000Z</time>
      </trkpt>
      <trkpt lat="41.10244" lon="-8.09108">
        <ele>123</ele>
        <time>2026-08-15T09:31:48.000Z</time>
      </trkpt>
      <trkpt lat="41.1022" lon="-8.09098">
        <ele>119</ele>
        <time>2026-08-15T09:31:52.000Z</time>
      </trkpt>
      <trkpt lat="41.1022" lon="-8.09054">
        <ele>117</ele>
        <time>2026-08-15T09:31:56.000Z</time>
      </trkpt>
      <trkpt lat="41.10208" lon="-8.09023">
        <ele>115</ele>
        <time>2026-08-15T09:32:00.000Z</time>
      </trkpt>
      <trkpt lat="41.10176" lon="-8.09016">
        <ele>113</ele>
        <time>2026-08-15T09:32:04.000Z</time>
      </trkpt>
      <trkpt lat="41.1014" lon="-8.09002">
        <ele>111</ele>
        <time>2026-08-15T09:32:08.000Z</time>
      </trkpt>
      <trkpt lat="41.10106" lon="-8.08977">
        <ele>108</ele>
        <time>2026-08-15T09:32:12.000Z</time>
      </trkpt>
      <trkpt lat="41.10077" lon="-8.08945">
        <ele>106</ele>
        <time>2026-08-15T09:32:16.000Z</time>
      </trkpt>
      <trkpt lat="41.10061" lon="-8.08899">
        <ele>105</ele>
        <time>2026-08-15T09:32:20.000Z</time>
      </trkpt>
      <trkpt lat="41.10046" lon="-8.08853">
        <ele>104</ele>
        <time>2026-08-15T09:32:24.000Z</time>
      </trkpt>
      <trkpt lat="41.10031" lon="-8.08808">
        <ele>105</ele>
        <time>2026-08-15T09:32:28.000Z</time>
      </trkpt>
      <trkpt lat="41.10016" lon="-8.0876">
        <ele>105</ele>
        <time>2026-08-15T09:32:32.000Z</time>
      </trkpt>
      <trkpt lat="41.10001" lon="-8.08709">
        <ele>106</ele>
        <time>2026-08-15T09:32:36.000Z</time>
      </trkpt>
      <trkpt lat="41.09993" lon="-8.0866">
        <ele>107</ele>
        <time>2026-08-15T09:32:40.000Z</time>
      </trkpt>
      <trkpt lat="41.10009" lon="-8.08616">
        <ele>107</ele>
        <time>2026-08-15T09:32:44.000Z</time>
      </trkpt>
      <trkpt lat="41.10045" lon="-8.08604">
        <ele>107</ele>
        <time>2026-08-15T09:32:48.000Z</time>
      </trkpt>
      <trkpt lat="41.10089" lon="-8.08602">
        <ele>107</ele>
        <time>2026-08-15T09:32:52.000Z</time>
      </trkpt>
      <trkpt lat="41.10129" lon="-8.08601">
        <ele>107</ele>
        <time>2026-08-15T09:32:56.000Z</time>
      </trkpt>
      <trkpt lat="41.10154" lon="-8.08576">
        <ele>108</ele>
        <time>2026-08-15T09:33:00.000Z</time>
      </trkpt>
      <trkpt lat="41.10143" lon="-8.08537">
        <ele>107</ele>
        <time>2026-08-15T09:33:04.000Z</time>
      </trkpt>
      <trkpt lat="41.10108" lon="-8.08521">
        <ele>107</ele>
        <time>2026-08-15T09:33:08.000Z</time>
      </trkpt>
      <trkpt lat="41.1007" lon="-8.08504">
        <ele>107</ele>
        <time>2026-08-15T09:33:12.000Z</time>
      </trkpt>
      <trkpt lat="41.1004" lon="-8.08483">
        <ele>107</ele>
        <time>2026-08-15T09:33:16.000Z</time>
      </trkpt>
      <trkpt lat="41.10017" lon="-8.08456">
        <ele>107</ele>
        <time>2026-08-15T09:33:20.000Z</time>
      </trkpt>
      <trkpt lat="41.09996" lon="-8.08427">
        <ele>106</ele>
        <time>2026-08-15T09:33:24.000Z</time>
      </trkpt>
      <trkpt lat="41.09965" lon="-8.08397">
        <ele>107</ele>
        <time>2026-08-15T09:33:28.000Z</time>
      </trkpt>
      <trkpt lat="41.09929" lon="-8.08366">
        <ele>108</ele>
        <time>2026-08-15T09:33:32.000Z</time>
      </trkpt>
      <trkpt lat="41.09908" lon="-8.08321">
        <ele>110</ele>
        <time>2026-08-15T09:33:36.000Z</time>
      </trkpt>
      <trkpt lat="41.09902" lon="-8.08279">
        <ele>110</ele>
        <time>2026-08-15T09:33:40.000Z</time>
      </trkpt>
      <trkpt lat="41.09884" lon="-8.0825">
        <ele>110</ele>
        <time>2026-08-15T09:33:44.000Z</time>
      </trkpt>
      <trkpt lat="41.09846" lon="-8.08248">
        <ele>109</ele>
        <time>2026-08-15T09:33:48.000Z</time>
      </trkpt>
      <trkpt lat="41.09806" lon="-8.08258">
        <ele>110</ele>
        <time>2026-08-15T09:33:52.000Z</time>
      </trkpt>
      <trkpt lat="41.09768" lon="-8.08275">
        <ele>110</ele>
        <time>2026-08-15T09:33:56.000Z</time>
      </trkpt>
      <trkpt lat="41.09729" lon="-8.0828">
        <ele>112</ele>
        <time>2026-08-15T09:34:00.000Z</time>
      </trkpt>
      <trkpt lat="41.09692" lon="-8.08285">
        <ele>114</ele>
        <time>2026-08-15T09:34:04.000Z</time>
      </trkpt>
      <trkpt lat="41.09657" lon="-8.08288">
        <ele>114</ele>
        <time>2026-08-15T09:34:08.000Z</time>
      </trkpt>
      <trkpt lat="41.0962" lon="-8.08282">
        <ele>115</ele>
        <time>2026-08-15T09:34:12.000Z</time>
      </trkpt>
      <trkpt lat="41.0959" lon="-8.08273">
        <ele>115</ele>
        <time>2026-08-15T09:34:16.000Z</time>
      </trkpt>
      <trkpt lat="41.09567" lon="-8.08243">
        <ele>116</ele>
        <time>2026-08-15T09:34:20.000Z</time>
      </trkpt>
      <trkpt lat="41.09541" lon="-8.08212">
        <ele>118</ele>
        <time>2026-08-15T09:34:24.000Z</time>
      </trkpt>
      <trkpt lat="41.09513" lon="-8.08202">
        <ele>119</ele>
        <time>2026-08-15T09:34:28.000Z</time>
      </trkpt>
      <trkpt lat="41.09485" lon="-8.08174">
        <ele>120</ele>
        <time>2026-08-15T09:34:32.000Z</time>
      </trkpt>
      <trkpt lat="41.09455" lon="-8.08142">
        <ele>120</ele>
        <time>2026-08-15T09:34:36.000Z</time>
      </trkpt>
      <trkpt lat="41.09419" lon="-8.08119">
        <ele>120</ele>
        <time>2026-08-15T09:34:40.000Z</time>
      </trkpt>
      <trkpt lat="41.09385" lon="-8.08097">
        <ele>120</ele>
        <time>2026-08-15T09:34:44.000Z</time>
      </trkpt>
      <trkpt lat="41.09366" lon="-8.0806">
        <ele>119</ele>
        <time>2026-08-15T09:34:48.000Z</time>
      </trkpt>
      <trkpt lat="41.09347" lon="-8.08025">
        <ele>118</ele>
        <time>2026-08-15T09:34:52.000Z</time>
      </trkpt>
      <trkpt lat="41.09334" lon="-8.07981">
        <ele>116</ele>
        <time>2026-08-15T09:34:56.000Z</time>
      </trkpt>
      <trkpt lat="41.09328" lon="-8.07934">
        <ele>114</ele>
        <time>2026-08-15T09:35:00.000Z</time>
      </trkpt>
      <trkpt lat="41.09336" lon="-8.07881">
        <ele>110</ele>
        <time>2026-08-15T09:35:04.000Z</time>
      </trkpt>
      <trkpt lat="41.09346" lon="-8.07836">
        <ele>108</ele>
        <time>2026-08-15T09:35:08.000Z</time>
      </trkpt>
      <trkpt lat="41.09342" lon="-8.07801">
        <ele>107</ele>
        <time>2026-08-15T09:35:12.000Z</time>
      </trkpt>
      <trkpt lat="41.09319" lon="-8.07792">
        <ele>107</ele>
        <time>2026-08-15T09:35:16.000Z</time>
      </trkpt>
      <trkpt lat="41.09286" lon="-8.07789">
        <ele>108</ele>
        <time>2026-08-15T09:35:20.000Z</time>
      </trkpt>
      <trkpt lat="41.09246" lon="-8.07785">
        <ele>110</ele>
        <time>2026-08-15T09:35:24.000Z</time>
      </trkpt>
      <trkpt lat="41.09207" lon="-8.07782">
        <ele>111</ele>
        <time>2026-08-15T09:35:28.000Z</time>
      </trkpt>
      <trkpt lat="41.09168" lon="-8.07779">
        <ele>111</ele>
        <time>2026-08-15T09:35:32.000Z</time>
      </trkpt>
      <trkpt lat="41.09133" lon="-8.07775">
        <ele>109</ele>
        <time>2026-08-15T09:35:36.000Z</time>
      </trkpt>
      <trkpt lat="41.091" lon="-8.07788">
        <ele>107</ele>
        <time>2026-08-15T09:35:40.000Z</time>
      </trkpt>
      <trkpt lat="41.09081" lon="-8.07821">
        <ele>108</ele>
        <time>2026-08-15T09:35:44.000Z</time>
      </trkpt>
      <trkpt lat="41.09069" lon="-8.07849">
        <ele>108</ele>
        <time>2026-08-15T09:35:48.000Z</time>
      </trkpt>
      <trkpt lat="41.09059" lon="-8.07863">
        <ele>108</ele>
        <time>2026-08-15T09:35:52.000Z</time>
      </trkpt>
      <trkpt lat="41.09039" lon="-8.07877">
        <ele>110</ele>
        <time>2026-08-15T09:35:56.000Z</time>
      </trkpt>
      <trkpt lat="41.09021" lon="-8.07891">
        <ele>111</ele>
        <time>2026-08-15T09:36:00.000Z</time>
      </trkpt>
      <trkpt lat="41.09012" lon="-8.07898">
        <ele>114</ele>
        <time>2026-08-15T09:36:17.000Z</time>
      </trkpt>
      <trkpt lat="41.08997" lon="-8.07909">
        <ele>113</ele>
        <time>2026-08-15T09:36:21.000Z</time>
      </trkpt>
      <trkpt lat="41.0899" lon="-8.07914">
        <ele>113</ele>
        <time>2026-08-15T09:36:25.000Z</time>
      </trkpt>
      <trkpt lat="41.08992" lon="-8.0795">
        <ele>113</ele>
        <time>2026-08-15T09:36:29.000Z</time>
      </trkpt>
      <trkpt lat="41.08989" lon="-8.07961">
        <ele>113</ele>
        <time>2026-08-15T09:36:33.000Z</time>
      </trkpt>
      <trkpt lat="41.08981" lon="-8.07969">
        <ele>113</ele>
        <time>2026-08-15T09:36:37.000Z</time>
      </trkpt>
      <trkpt lat="41.08973" lon="-8.07975">
        <ele>113</ele>
        <time>2026-08-15T09:36:41.000Z</time>
      </trkpt>
      <trkpt lat="41.08972" lon="-8.07985">
        <ele>106</ele>
        <time>2026-08-15T09:37:22.000Z</time>
      </trkpt>
      <trkpt lat="41.08983" lon="-8.07983">
        <ele>106</ele>
        <time>2026-08-15T10:23:27.000Z</time>
      </trkpt>
      <trkpt lat="41.08986" lon="-8.07973">
        <ele>106</ele>
        <time>2026-08-15T10:23:32.000Z</time>
      </trkpt>
      <trkpt lat="41.08989" lon="-8.07962">
        <ele>112</ele>
        <time>2026-08-15T10:26:28.000Z</time>
      </trkpt>
      <trkpt lat="41.08994" lon="-8.07952">
        <ele>112</ele>
        <time>2026-08-15T10:26:32.000Z</time>
      </trkpt>
      <trkpt lat="41.0899" lon="-8.07914">
        <ele>112</ele>
        <time>2026-08-15T10:26:36.000Z</time>
      </trkpt>
      <trkpt lat="41.09005" lon="-8.07922">
        <ele>113</ele>
        <time>2026-08-15T10:26:40.000Z</time>
      </trkpt>
      <trkpt lat="41.09012" lon="-8.0791">
        <ele>113</ele>
        <time>2026-08-15T10:26:44.000Z</time>
      </trkpt>
      <trkpt lat="41.09013" lon="-8.07897">
        <ele>113</ele>
        <time>2026-08-15T10:26:49.000Z</time>
      </trkpt>
      <trkpt lat="41.09002" lon="-8.07905">
        <ele>113</ele>
        <time>2026-08-15T10:26:54.000Z</time>
      </trkpt>
      <trkpt lat="41.0898" lon="-8.07919">
        <ele>113</ele>
        <time>2026-08-15T10:26:58.000Z</time>
      </trkpt>
      <trkpt lat="41.08952" lon="-8.07914">
        <ele>113</ele>
        <time>2026-08-15T10:27:02.000Z</time>
      </trkpt>
      <trkpt lat="41.08944" lon="-8.07887">
        <ele>118</ele>
        <time>2026-08-15T10:27:06.000Z</time>
      </trkpt>
      <trkpt lat="41.08956" lon="-8.07864">
        <ele>118</ele>
        <time>2026-08-15T10:27:10.000Z</time>
      </trkpt>
      <trkpt lat="41.08978" lon="-8.07843">
        <ele>118</ele>
        <time>2026-08-15T10:27:14.000Z</time>
      </trkpt>
      <trkpt lat="41.09002" lon="-8.07819">
        <ele>118</ele>
        <time>2026-08-15T10:27:18.000Z</time>
      </trkpt>
      <trkpt lat="41.09022" lon="-8.07779">
        <ele>118</ele>
        <time>2026-08-15T10:27:22.000Z</time>
      </trkpt>
      <trkpt lat="41.09039" lon="-8.07734">
        <ele>118</ele>
        <time>2026-08-15T10:27:26.000Z</time>
      </trkpt>
      <trkpt lat="41.09061" lon="-8.07702">
        <ele>118</ele>
        <time>2026-08-15T10:27:30.000Z</time>
      </trkpt>
      <trkpt lat="41.09073" lon="-8.07663">
        <ele>118</ele>
        <time>2026-08-15T10:27:34.000Z</time>
      </trkpt>
      <trkpt lat="41.09063" lon="-8.07613">
        <ele>118</ele>
        <time>2026-08-15T10:27:38.000Z</time>
      </trkpt>
      <trkpt lat="41.09046" lon="-8.07556">
        <ele>118</ele>
        <time>2026-08-15T10:27:42.000Z</time>
      </trkpt>
      <trkpt lat="41.09026" lon="-8.07494">
        <ele>118</ele>
        <time>2026-08-15T10:27:46.000Z</time>
      </trkpt>
      <trkpt lat="41.09008" lon="-8.07433">
        <ele>118</ele>
        <time>2026-08-15T10:27:50.000Z</time>
      </trkpt>
      <trkpt lat="41.09007" lon="-8.0737">
        <ele>118</ele>
        <time>2026-08-15T10:27:54.000Z</time>
      </trkpt>
      <trkpt lat="41.09001" lon="-8.07316">
        <ele>118</ele>
        <time>2026-08-15T10:27:58.000Z</time>
      </trkpt>
      <trkpt lat="41.08996" lon="-8.0728">
        <ele>118</ele>
        <time>2026-08-15T10:28:02.000Z</time>
      </trkpt>
      <trkpt lat="41.08996" lon="-8.07258">
        <ele>118</ele>
        <time>2026-08-15T10:28:06.000Z</time>
      </trkpt>
      <trkpt lat="41.08999" lon="-8.07234">
        <ele>118</ele>
        <time>2026-08-15T10:28:10.000Z</time>
      </trkpt>
      <trkpt lat="41.09001" lon="-8.07196">
        <ele>118</ele>
        <time>2026-08-15T10:28:14.000Z</time>
      </trkpt>
      <trkpt lat="41.08996" lon="-8.07151">
        <ele>118</ele>
        <time>2026-08-15T10:28:18.000Z</time>
      </trkpt>
      <trkpt lat="41.09" lon="-8.07106">
        <ele>118</ele>
        <time>2026-08-15T10:28:22.000Z</time>
      </trkpt>
      <trkpt lat="41.09008" lon="-8.07071">
        <ele>118</ele>
        <time>2026-08-15T10:28:26.000Z</time>
      </trkpt>
      <trkpt lat="41.09005" lon="-8.07083">
        <ele>164</ele>
        <time>2026-08-15T10:30:19.000Z</time>
      </trkpt>
      <trkpt lat="41.09001" lon="-8.07098">
        <ele>164</ele>
        <time>2026-08-15T10:30:23.000Z</time>
      </trkpt>
      <trkpt lat="41.08998" lon="-8.07124">
        <ele>162</ele>
        <time>2026-08-15T10:30:27.000Z</time>
      </trkpt>
      <trkpt lat="41.08999" lon="-8.07158">
        <ele>160</ele>
        <time>2026-08-15T10:30:31.000Z</time>
      </trkpt>
      <trkpt lat="41.09002" lon="-8.07198">
        <ele>157</ele>
        <time>2026-08-15T10:30:35.000Z</time>
      </trkpt>
      <trkpt lat="41.08998" lon="-8.0724">
        <ele>155</ele>
        <time>2026-08-15T10:30:39.000Z</time>
      </trkpt>
      <trkpt lat="41.08998" lon="-8.07292">
        <ele>154</ele>
        <time>2026-08-15T10:30:43.000Z</time>
      </trkpt>
      <trkpt lat="41.08994" lon="-8.073">
        <ele>154</ele>
        <time>2026-08-15T10:30:49.000Z</time>
      </trkpt>
      <trkpt lat="41.08982" lon="-8.07324">
        <ele>153</ele>
        <time>2026-08-15T10:30:53.000Z</time>
      </trkpt>
      <trkpt lat="41.08966" lon="-8.07354">
        <ele>154</ele>
        <time>2026-08-15T10:30:57.000Z</time>
      </trkpt>
      <trkpt lat="41.08949" lon="-8.07386">
        <ele>154</ele>
        <time>2026-08-15T10:31:01.000Z</time>
      </trkpt>
      <trkpt lat="41.08928" lon="-8.07393">
        <ele>157</ele>
        <time>2026-08-15T10:31:05.000Z</time>
      </trkpt>
      <trkpt lat="41.0892" lon="-8.07369">
        <ele>159</ele>
        <time>2026-08-15T10:31:09.000Z</time>
      </trkpt>
      <trkpt lat="41.08932" lon="-8.07326">
        <ele>164</ele>
        <time>2026-08-15T10:31:13.000Z</time>
      </trkpt>
      <trkpt lat="41.08944" lon="-8.07283">
        <ele>167</ele>
        <time>2026-08-15T10:31:17.000Z</time>
      </trkpt>
      <trkpt lat="41.08957" lon="-8.07238">
        <ele>170</ele>
        <time>2026-08-15T10:31:21.000Z</time>
      </trkpt>
      <trkpt lat="41.08967" lon="-8.07199">
        <ele>172</ele>
        <time>2026-08-15T10:31:25.000Z</time>
      </trkpt>
      <trkpt lat="41.08954" lon="-8.07179">
        <ele>175</ele>
        <time>2026-08-15T10:31:29.000Z</time>
      </trkpt>
      <trkpt lat="41.08935" lon="-8.07195">
        <ele>179</ele>
        <time>2026-08-15T10:31:33.000Z</time>
      </trkpt>
      <trkpt lat="41.08927" lon="-8.07237">
        <ele>184</ele>
        <time>2026-08-15T10:31:37.000Z</time>
      </trkpt>
      <trkpt lat="41.08908" lon="-8.07271">
        <ele>188</ele>
        <time>2026-08-15T10:31:41.000Z</time>
      </trkpt>
      <trkpt lat="41.08878" lon="-8.07302">
        <ele>192</ele>
        <time>2026-08-15T10:31:45.000Z</time>
      </trkpt>
      <trkpt lat="41.08848" lon="-8.07333">
        <ele>194</ele>
        <time>2026-08-15T10:31:49.000Z</time>
      </trkpt>
      <trkpt lat="41.08816" lon="-8.07353">
        <ele>198</ele>
        <time>2026-08-15T10:31:53.000Z</time>
      </trkpt>
      <trkpt lat="41.08782" lon="-8.07343">
        <ele>201</ele>
        <time>2026-08-15T10:31:57.000Z</time>
      </trkpt>
      <trkpt lat="41.08755" lon="-8.07319">
        <ele>205</ele>
        <time>2026-08-15T10:32:01.000Z</time>
      </trkpt>
      <trkpt lat="41.08741" lon="-8.0729">
        <ele>209</ele>
        <time>2026-08-15T10:32:05.000Z</time>
      </trkpt>
      <trkpt lat="41.08712" lon="-8.07274">
        <ele>213</ele>
        <time>2026-08-15T10:32:09.000Z</time>
      </trkpt>
      <trkpt lat="41.08679" lon="-8.07245">
        <ele>216</ele>
        <time>2026-08-15T10:32:13.000Z</time>
      </trkpt>
      <trkpt lat="41.08646" lon="-8.07204">
        <ele>219</ele>
        <time>2026-08-15T10:32:17.000Z</time>
      </trkpt>
      <trkpt lat="41.08616" lon="-8.07162">
        <ele>223</ele>
        <time>2026-08-15T10:32:21.000Z</time>
      </trkpt>
      <trkpt lat="41.08612" lon="-8.07136">
        <ele>227</ele>
        <time>2026-08-15T10:32:25.000Z</time>
      </trkpt>
      <trkpt lat="41.08628" lon="-8.07139">
        <ele>231</ele>
        <time>2026-08-15T10:32:29.000Z</time>
      </trkpt>
      <trkpt lat="41.08652" lon="-8.07171">
        <ele>234</ele>
        <time>2026-08-15T10:32:33.000Z</time>
      </trkpt>
      <trkpt lat="41.08682" lon="-8.072">
        <ele>235</ele>
        <time>2026-08-15T10:32:37.000Z</time>
      </trkpt>
      <trkpt lat="41.0872" lon="-8.07216">
        <ele>236</ele>
        <time>2026-08-15T10:32:41.000Z</time>
      </trkpt>
      <trkpt lat="41.08761" lon="-8.07223">
        <ele>239</ele>
        <time>2026-08-15T10:32:45.000Z</time>
      </trkpt>
      <trkpt lat="41.08792" lon="-8.07205">
        <ele>243</ele>
        <time>2026-08-15T10:32:49.000Z</time>
      </trkpt>
      <trkpt lat="41.08809" lon="-8.07175">
        <ele>246</ele>
        <time>2026-08-15T10:32:53.000Z</time>
      </trkpt>
      <trkpt lat="41.08795" lon="-8.07142">
        <ele>249</ele>
        <time>2026-08-15T10:32:57.000Z</time>
      </trkpt>
      <trkpt lat="41.08767" lon="-8.07107">
        <ele>253</ele>
        <time>2026-08-15T10:33:01.000Z</time>
      </trkpt>
      <trkpt lat="41.0874" lon="-8.07069">
        <ele>258</ele>
        <time>2026-08-15T10:33:05.000Z</time>
      </trkpt>
      <trkpt lat="41.08739" lon="-8.07012">
        <ele>263</ele>
        <time>2026-08-15T10:33:09.000Z</time>
      </trkpt>
      <trkpt lat="41.0874" lon="-8.06949">
        <ele>268</ele>
        <time>2026-08-15T10:33:13.000Z</time>
      </trkpt>
      <trkpt lat="41.0875" lon="-8.06886">
        <ele>274</ele>
        <time>2026-08-15T10:33:17.000Z</time>
      </trkpt>
      <trkpt lat="41.08767" lon="-8.06825">
        <ele>279</ele>
        <time>2026-08-15T10:33:21.000Z</time>
      </trkpt>
      <trkpt lat="41.08782" lon="-8.06769">
        <ele>282</ele>
        <time>2026-08-15T10:33:25.000Z</time>
      </trkpt>
      <trkpt lat="41.08797" lon="-8.06717">
        <ele>285</ele>
        <time>2026-08-15T10:33:29.000Z</time>
      </trkpt>
      <trkpt lat="41.08806" lon="-8.06679">
        <ele>287</ele>
        <time>2026-08-15T10:33:33.000Z</time>
      </trkpt>
      <trkpt lat="41.08799" lon="-8.06656">
        <ele>289</ele>
        <time>2026-08-15T10:33:37.000Z</time>
      </trkpt>
      <trkpt lat="41.0878" lon="-8.06672">
        <ele>292</ele>
        <time>2026-08-15T10:33:41.000Z</time>
      </trkpt>
      <trkpt lat="41.08766" lon="-8.06716">
        <ele>295</ele>
        <time>2026-08-15T10:33:45.000Z</time>
      </trkpt>
      <trkpt lat="41.08739" lon="-8.06761">
        <ele>298</ele>
        <time>2026-08-15T10:33:49.000Z</time>
      </trkpt>
      <trkpt lat="41.08711" lon="-8.06803">
        <ele>302</ele>
        <time>2026-08-15T10:33:53.000Z</time>
      </trkpt>
      <trkpt lat="41.0868" lon="-8.06832">
        <ele>304</ele>
        <time>2026-08-15T10:33:57.000Z</time>
      </trkpt>
      <trkpt lat="41.08641" lon="-8.0683">
        <ele>306</ele>
        <time>2026-08-15T10:34:01.000Z</time>
      </trkpt>
      <trkpt lat="41.086" lon="-8.06821">
        <ele>310</ele>
        <time>2026-08-15T10:34:05.000Z</time>
      </trkpt>
      <trkpt lat="41.08564" lon="-8.06798">
        <ele>313</ele>
        <time>2026-08-15T10:34:09.000Z</time>
      </trkpt>
      <trkpt lat="41.08538" lon="-8.06754">
        <ele>319</ele>
        <time>2026-08-15T10:34:13.000Z</time>
      </trkpt>
      <trkpt lat="41.08515" lon="-8.06709">
        <ele>324</ele>
        <time>2026-08-15T10:34:17.000Z</time>
      </trkpt>
      <trkpt lat="41.08486" lon="-8.06691">
        <ele>328</ele>
        <time>2026-08-15T10:34:21.000Z</time>
      </trkpt>
      <trkpt lat="41.08446" lon="-8.06701">
        <ele>332</ele>
        <time>2026-08-15T10:34:25.000Z</time>
      </trkpt>
      <trkpt lat="41.08414" lon="-8.06676">
        <ele>337</ele>
        <time>2026-08-15T10:34:29.000Z</time>
      </trkpt>
      <trkpt lat="41.08382" lon="-8.06641">
        <ele>342</ele>
        <time>2026-08-15T10:34:33.000Z</time>
      </trkpt>
      <trkpt lat="41.08344" lon="-8.06611">
        <ele>347</ele>
        <time>2026-08-15T10:34:37.000Z</time>
      </trkpt>
      <trkpt lat="41.0831" lon="-8.06576">
        <ele>351</ele>
        <time>2026-08-15T10:34:41.000Z</time>
      </trkpt>
      <trkpt lat="41.08275" lon="-8.06544">
        <ele>357</ele>
        <time>2026-08-15T10:34:45.000Z</time>
      </trkpt>
      <trkpt lat="41.08244" lon="-8.06508">
        <ele>361</ele>
        <time>2026-08-15T10:34:49.000Z</time>
      </trkpt>
      <trkpt lat="41.08228" lon="-8.06451">
        <ele>366</ele>
        <time>2026-08-15T10:34:53.000Z</time>
      </trkpt>
      <trkpt lat="41.08215" lon="-8.06388">
        <ele>373</ele>
        <time>2026-08-15T10:34:57.000Z</time>
      </trkpt>
      <trkpt lat="41.08225" lon="-8.06334">
        <ele>378</ele>
        <time>2026-08-15T10:35:01.000Z</time>
      </trkpt>
      <trkpt lat="41.08261" lon="-8.063">
        <ele>382</ele>
        <time>2026-08-15T10:35:05.000Z</time>
      </trkpt>
      <trkpt lat="41.0829" lon="-8.06252">
        <ele>385</ele>
        <time>2026-08-15T10:35:09.000Z</time>
      </trkpt>
      <trkpt lat="41.08316" lon="-8.06191">
        <ele>387</ele>
        <time>2026-08-15T10:35:13.000Z</time>
      </trkpt>
      <trkpt lat="41.08337" lon="-8.06128">
        <ele>388</ele>
        <time>2026-08-15T10:35:17.000Z</time>
      </trkpt>
      <trkpt lat="41.08355" lon="-8.06064">
        <ele>389</ele>
        <time>2026-08-15T10:35:21.000Z</time>
      </trkpt>
      <trkpt lat="41.0837" lon="-8.06008">
        <ele>392</ele>
        <time>2026-08-15T10:35:25.000Z</time>
      </trkpt>
      <trkpt lat="41.08373" lon="-8.05958">
        <ele>397</ele>
        <time>2026-08-15T10:35:29.000Z</time>
      </trkpt>
      <trkpt lat="41.08368" lon="-8.05903">
        <ele>402</ele>
        <time>2026-08-15T10:35:33.000Z</time>
      </trkpt>
      <trkpt lat="41.08351" lon="-8.05848">
        <ele>407</ele>
        <time>2026-08-15T10:35:37.000Z</time>
      </trkpt>
      <trkpt lat="41.08334" lon="-8.05793">
        <ele>412</ele>
        <time>2026-08-15T10:35:41.000Z</time>
      </trkpt>
      <trkpt lat="41.08308" lon="-8.05748">
        <ele>416</ele>
        <time>2026-08-15T10:35:45.000Z</time>
      </trkpt>
      <trkpt lat="41.08278" lon="-8.05718">
        <ele>421</ele>
        <time>2026-08-15T10:35:49.000Z</time>
      </trkpt>
      <trkpt lat="41.0828" lon="-8.05667">
        <ele>425</ele>
        <time>2026-08-15T10:35:53.000Z</time>
      </trkpt>
      <trkpt lat="41.08292" lon="-8.05614">
        <ele>431</ele>
        <time>2026-08-15T10:35:57.000Z</time>
      </trkpt>
      <trkpt lat="41.08275" lon="-8.05568">
        <ele>437</ele>
        <time>2026-08-15T10:36:01.000Z</time>
      </trkpt>
      <trkpt lat="41.08243" lon="-8.05531">
        <ele>440</ele>
        <time>2026-08-15T10:36:05.000Z</time>
      </trkpt>
      <trkpt lat="41.08224" lon="-8.05497">
        <ele>444</ele>
        <time>2026-08-15T10:36:09.000Z</time>
      </trkpt>
      <trkpt lat="41.08213" lon="-8.05463">
        <ele>445</ele>
        <time>2026-08-15T10:36:13.000Z</time>
      </trkpt>
      <trkpt lat="41.08196" lon="-8.05449">
        <ele>447</ele>
        <time>2026-08-15T10:36:17.000Z</time>
      </trkpt>
      <trkpt lat="41.0817" lon="-8.05445">
        <ele>448</ele>
        <time>2026-08-15T10:36:21.000Z</time>
      </trkpt>
      <trkpt lat="41.08142" lon="-8.05457">
        <ele>449</ele>
        <time>2026-08-15T10:36:25.000Z</time>
      </trkpt>
      <trkpt lat="41.08116" lon="-8.05488">
        <ele>451</ele>
        <time>2026-08-15T10:36:29.000Z</time>
      </trkpt>
      <trkpt lat="41.08082" lon="-8.05502">
        <ele>454</ele>
        <time>2026-08-15T10:36:33.000Z</time>
      </trkpt>
      <trkpt lat="41.0805" lon="-8.05509">
        <ele>458</ele>
        <time>2026-08-15T10:36:37.000Z</time>
      </trkpt>
      <trkpt lat="41.08018" lon="-8.05504">
        <ele>461</ele>
        <time>2026-08-15T10:36:41.000Z</time>
      </trkpt>
      <trkpt lat="41.07985" lon="-8.05484">
        <ele>464</ele>
        <time>2026-08-15T10:36:45.000Z</time>
      </trkpt>
      <trkpt lat="41.07951" lon="-8.05449">
        <ele>467</ele>
        <time>2026-08-15T10:36:49.000Z</time>
      </trkpt>
      <trkpt lat="41.07919" lon="-8.05417">
        <ele>470</ele>
        <time>2026-08-15T10:36:53.000Z</time>
      </trkpt>
      <trkpt lat="41.07882" lon="-8.05381">
        <ele>472</ele>
        <time>2026-08-15T10:36:57.000Z</time>
      </trkpt>
      <trkpt lat="41.07844" lon="-8.05343">
        <ele>474</ele>
        <time>2026-08-15T10:37:01.000Z</time>
      </trkpt>
      <trkpt lat="41.07807" lon="-8.05315">
        <ele>475</ele>
        <time>2026-08-15T10:37:05.000Z</time>
      </trkpt>
      <trkpt lat="41.07767" lon="-8.05327">
        <ele>480</ele>
        <time>2026-08-15T10:37:09.000Z</time>
      </trkpt>
      <trkpt lat="41.07727" lon="-8.05354">
        <ele>484</ele>
        <time>2026-08-15T10:37:13.000Z</time>
      </trkpt>
      <trkpt lat="41.07694" lon="-8.05352">
        <ele>489</ele>
        <time>2026-08-15T10:37:17.000Z</time>
      </trkpt>
      <trkpt lat="41.07659" lon="-8.05326">
        <ele>491</ele>
        <time>2026-08-15T10:37:21.000Z</time>
      </trkpt>
      <trkpt lat="41.07614" lon="-8.05302">
        <ele>495</ele>
        <time>2026-08-15T10:37:25.000Z</time>
      </trkpt>
      <trkpt lat="41.07567" lon="-8.05278">
        <ele>497</ele>
        <time>2026-08-15T10:37:29.000Z</time>
      </trkpt>
      <trkpt lat="41.0752" lon="-8.0526">
        <ele>497</ele>
        <time>2026-08-15T10:37:33.000Z</time>
      </trkpt>
      <trkpt lat="41.07466" lon="-8.05266">
        <ele>499</ele>
        <time>2026-08-15T10:37:37.000Z</time>
      </trkpt>
      <trkpt lat="41.07416" lon="-8.05291">
        <ele>499</ele>
        <time>2026-08-15T10:37:41.000Z</time>
      </trkpt>
      <trkpt lat="41.07364" lon="-8.05319">
        <ele>500</ele>
        <time>2026-08-15T10:37:45.000Z</time>
      </trkpt>
      <trkpt lat="41.07309" lon="-8.05349">
        <ele>499</ele>
        <time>2026-08-15T10:37:49.000Z</time>
      </trkpt>
      <trkpt lat="41.0726" lon="-8.05376">
        <ele>499</ele>
        <time>2026-08-15T10:37:53.000Z</time>
      </trkpt>
      <trkpt lat="41.0722" lon="-8.05397">
        <ele>502</ele>
        <time>2026-08-15T10:37:57.000Z</time>
      </trkpt>
      <trkpt lat="41.07176" lon="-8.05409">
        <ele>503</ele>
        <time>2026-08-15T10:38:01.000Z</time>
      </trkpt>
      <trkpt lat="41.07133" lon="-8.05413">
        <ele>502</ele>
        <time>2026-08-15T10:38:05.000Z</time>
      </trkpt>
      <trkpt lat="41.07088" lon="-8.0539">
        <ele>500</ele>
        <time>2026-08-15T10:38:09.000Z</time>
      </trkpt>
      <trkpt lat="41.07047" lon="-8.05365">
        <ele>499</ele>
        <time>2026-08-15T10:38:13.000Z</time>
      </trkpt>
      <trkpt lat="41.07" lon="-8.05371">
        <ele>500</ele>
        <time>2026-08-15T10:38:17.000Z</time>
      </trkpt>
      <trkpt lat="41.06949" lon="-8.05383">
        <ele>500</ele>
        <time>2026-08-15T10:38:21.000Z</time>
      </trkpt>
      <trkpt lat="41.06901" lon="-8.05395">
        <ele>501</ele>
        <time>2026-08-15T10:38:25.000Z</time>
      </trkpt>
      <trkpt lat="41.06861" lon="-8.05411">
        <ele>500</ele>
        <time>2026-08-15T10:38:29.000Z</time>
      </trkpt>
      <trkpt lat="41.06826" lon="-8.05422">
        <ele>499</ele>
        <time>2026-08-15T10:38:33.000Z</time>
      </trkpt>
      <trkpt lat="41.06792" lon="-8.05403">
        <ele>498</ele>
        <time>2026-08-15T10:38:37.000Z</time>
      </trkpt>
      <trkpt lat="41.06757" lon="-8.05374">
        <ele>498</ele>
        <time>2026-08-15T10:38:41.000Z</time>
      </trkpt>
      <trkpt lat="41.06718" lon="-8.0537">
        <ele>497</ele>
        <time>2026-08-15T10:38:45.000Z</time>
      </trkpt>
      <trkpt lat="41.06687" lon="-8.05357">
        <ele>496</ele>
        <time>2026-08-15T10:38:49.000Z</time>
      </trkpt>
      <trkpt lat="41.06666" lon="-8.05327">
        <ele>495</ele>
        <time>2026-08-15T10:38:53.000Z</time>
      </trkpt>
      <trkpt lat="41.06652" lon="-8.05293">
        <ele>495</ele>
        <time>2026-08-15T10:38:57.000Z</time>
      </trkpt>
      <trkpt lat="41.06647" lon="-8.05254">
        <ele>496</ele>
        <time>2026-08-15T10:39:01.000Z</time>
      </trkpt>
      <trkpt lat="41.06654" lon="-8.05213">
        <ele>498</ele>
        <time>2026-08-15T10:39:05.000Z</time>
      </trkpt>
      <trkpt lat="41.06661" lon="-8.05178">
        <ele>499</ele>
        <time>2026-08-15T10:39:09.000Z</time>
      </trkpt>
      <trkpt lat="41.06654" lon="-8.0515">
        <ele>501</ele>
        <time>2026-08-15T10:39:13.000Z</time>
      </trkpt>
      <trkpt lat="41.06642" lon="-8.05135">
        <ele>500</ele>
        <time>2026-08-15T10:39:17.000Z</time>
      </trkpt>
      <trkpt lat="41.06634" lon="-8.05126">
        <ele>506</ele>
        <time>2026-08-15T10:39:54.000Z</time>
      </trkpt>
      <trkpt lat="41.06631" lon="-8.05117">
        <ele>506</ele>
        <time>2026-08-15T10:40:14.000Z</time>
      </trkpt>
      <trkpt lat="41.06628" lon="-8.05108">
        <ele>506</ele>
        <time>2026-08-15T10:40:18.000Z</time>
      </trkpt>
      <trkpt lat="41.06625" lon="-8.05098">
        <ele>506</ele>
        <time>2026-08-15T10:40:23.000Z</time>
      </trkpt>
      <trkpt lat="41.06622" lon="-8.05088">
        <ele>506</ele>
        <time>2026-08-15T10:40:30.000Z</time>
      </trkpt>
      <trkpt lat="41.06618" lon="-8.0508">
        <ele>506</ele>
        <time>2026-08-15T10:40:39.000Z</time>
      </trkpt>
      <trkpt lat="41.06608" lon="-8.05075">
        <ele>506</ele>
        <time>2026-08-15T10:40:45.000Z</time>
      </trkpt>
      <trkpt lat="41.06592" lon="-8.05097">
        <ele>504</ele>
        <time>2026-08-15T10:41:48.000Z</time>
      </trkpt>
      <trkpt lat="41.06588" lon="-8.05106">
        <ele>504</ele>
        <time>2026-08-15T10:41:54.000Z</time>
      </trkpt>
      <trkpt lat="41.06585" lon="-8.05114">
        <ele>505</ele>
        <time>2026-08-15T10:41:59.000Z</time>
      </trkpt>
      <trkpt lat="41.06575" lon="-8.0513">
        <ele>504</ele>
        <time>2026-08-15T10:42:17.000Z</time>
      </trkpt>
      <trkpt lat="41.0657" lon="-8.05137">
        <ele>504</ele>
        <time>2026-08-15T10:42:21.000Z</time>
      </trkpt>
      <trkpt lat="41.06563" lon="-8.05144">
        <ele>503</ele>
        <time>2026-08-15T10:42:29.000Z</time>
      </trkpt>
      <trkpt lat="41.06547" lon="-8.05154">
        <ele>558</ele>
        <time>2026-08-15T10:42:53.000Z</time>
      </trkpt>
      <trkpt lat="41.06537" lon="-8.05157">
        <ele>509</ele>
        <time>2026-08-15T10:43:14.000Z</time>
      </trkpt>
      <trkpt lat="41.06527" lon="-8.05159">
        <ele>509</ele>
        <time>2026-08-15T10:43:21.000Z</time>
      </trkpt>
      <trkpt lat="41.06517" lon="-8.05161">
        <ele>508</ele>
        <time>2026-08-15T10:43:53.000Z</time>
      </trkpt>
      <trkpt lat="41.06508" lon="-8.05162">
        <ele>504</ele>
        <time>2026-08-15T10:43:59.000Z</time>
      </trkpt>
      <trkpt lat="41.06498" lon="-8.05164">
        <ele>558</ele>
        <time>2026-08-15T10:44:08.000Z</time>
      </trkpt>
      <trkpt lat="41.06488" lon="-8.05166">
        <ele>505</ele>
        <time>2026-08-15T10:44:14.000Z</time>
      </trkpt>
      <trkpt lat="41.06473" lon="-8.05175">
        <ele>558</ele>
        <time>2026-08-15T10:44:26.000Z</time>
      </trkpt>
      <trkpt lat="41.06467" lon="-8.05181">
        <ele>509</ele>
        <time>2026-08-15T10:44:32.000Z</time>
      </trkpt>
      <trkpt lat="41.0646" lon="-8.05194">
        <ele>509</ele>
        <time>2026-08-15T10:44:36.000Z</time>
      </trkpt>
      <trkpt lat="41.06447" lon="-8.05218">
        <ele>509</ele>
        <time>2026-08-15T10:45:00.000Z</time>
      </trkpt>
      <trkpt lat="41.06429" lon="-8.05223">
        <ele>515</ele>
        <time>2026-08-15T10:45:45.000Z</time>
      </trkpt>
      <trkpt lat="41.06419" lon="-8.05225">
        <ele>516</ele>
        <time>2026-08-15T10:45:55.000Z</time>
      </trkpt>
      <trkpt lat="41.06402" lon="-8.0523">
        <ele>513</ele>
        <time>2026-08-15T10:46:13.000Z</time>
      </trkpt>
      <trkpt lat="41.06391" lon="-8.05233">
        <ele>512</ele>
        <time>2026-08-15T10:46:17.000Z</time>
      </trkpt>
      <trkpt lat="41.06378" lon="-8.05235">
        <ele>512</ele>
        <time>2026-08-15T10:46:21.000Z</time>
      </trkpt>
      <trkpt lat="41.06364" lon="-8.05233">
        <ele>512</ele>
        <time>2026-08-15T10:46:25.000Z</time>
      </trkpt>
      <trkpt lat="41.06348" lon="-8.05229">
        <ele>518</ele>
        <time>2026-08-15T10:46:29.000Z</time>
      </trkpt>
      <trkpt lat="41.06331" lon="-8.05222">
        <ele>518</ele>
        <time>2026-08-15T10:46:33.000Z</time>
      </trkpt>
      <trkpt lat="41.06314" lon="-8.05213">
        <ele>518</ele>
        <time>2026-08-15T10:46:37.000Z</time>
      </trkpt>
      <trkpt lat="41.06302" lon="-8.05205">
        <ele>518</ele>
        <time>2026-08-15T10:46:41.000Z</time>
      </trkpt>
      <trkpt lat="41.06295" lon="-8.05198">
        <ele>518</ele>
        <time>2026-08-15T10:46:45.000Z</time>
      </trkpt>
      <trkpt lat="41.06288" lon="-8.05191">
        <ele>518</ele>
        <time>2026-08-15T10:46:49.000Z</time>
      </trkpt>
      <trkpt lat="41.06279" lon="-8.05182">
        <ele>519</ele>
        <time>2026-08-15T10:46:53.000Z</time>
      </trkpt>
      <trkpt lat="41.06269" lon="-8.05172">
        <ele>519</ele>
        <time>2026-08-15T10:46:57.000Z</time>
      </trkpt>
      <trkpt lat="41.06258" lon="-8.05161">
        <ele>519</ele>
        <time>2026-08-15T10:47:01.000Z</time>
      </trkpt>
      <trkpt lat="41.06244" lon="-8.05147">
        <ele>519</ele>
        <time>2026-08-15T10:47:05.000Z</time>
      </trkpt>
      <trkpt lat="41.06227" lon="-8.0513">
        <ele>519</ele>
        <time>2026-08-15T10:47:09.000Z</time>
      </trkpt>
      <trkpt lat="41.0621" lon="-8.05113">
        <ele>519</ele>
        <time>2026-08-15T10:47:13.000Z</time>
      </trkpt>
      <trkpt lat="41.06195" lon="-8.05098">
        <ele>519</ele>
        <time>2026-08-15T10:47:17.000Z</time>
      </trkpt>
      <trkpt lat="41.06179" lon="-8.0507">
        <ele>519</ele>
        <time>2026-08-15T10:47:21.000Z</time>
      </trkpt>
      <trkpt lat="41.06167" lon="-8.05049">
        <ele>519</ele>
        <time>2026-08-15T10:47:25.000Z</time>
      </trkpt>
      <trkpt lat="41.06156" lon="-8.05028">
        <ele>519</ele>
        <time>2026-08-15T10:47:29.000Z</time>
      </trkpt>
      <trkpt lat="41.0614" lon="-8.04999">
        <ele>519</ele>
        <time>2026-08-15T10:47:33.000Z</time>
      </trkpt>
      <trkpt lat="41.06122" lon="-8.04982">
        <ele>519</ele>
        <time>2026-08-15T10:47:37.000Z</time>
      </trkpt>
      <trkpt lat="41.06101" lon="-8.04992">
        <ele>519</ele>
        <time>2026-08-15T10:47:41.000Z</time>
      </trkpt>
      <trkpt lat="41.0609" lon="-8.05009">
        <ele>519</ele>
        <time>2026-08-15T10:47:45.000Z</time>
      </trkpt>
      <trkpt lat="41.06084" lon="-8.05018">
        <ele>519</ele>
        <time>2026-08-15T10:47:49.000Z</time>
      </trkpt>
      <trkpt lat="41.06073" lon="-8.05034">
        <ele>519</ele>
        <time>2026-08-15T10:47:53.000Z</time>
      </trkpt>
      <trkpt lat="41.0606" lon="-8.05053">
        <ele>519</ele>
        <time>2026-08-15T10:47:57.000Z</time>
      </trkpt>
      <trkpt lat="41.06051" lon="-8.05067">
        <ele>519</ele>
        <time>2026-08-15T10:48:01.000Z</time>
      </trkpt>
      <trkpt lat="41.06034" lon="-8.05088">
        <ele>519</ele>
        <time>2026-08-15T10:48:05.000Z</time>
      </trkpt>
      <trkpt lat="41.06011" lon="-8.05116">
        <ele>519</ele>
        <time>2026-08-15T10:48:09.000Z</time>
      </trkpt>
      <trkpt lat="41.05982" lon="-8.05135">
        <ele>519</ele>
        <time>2026-08-15T10:48:13.000Z</time>
      </trkpt>
      <trkpt lat="41.0595" lon="-8.05146">
        <ele>519</ele>
        <time>2026-08-15T10:48:17.000Z</time>
      </trkpt>
      <trkpt lat="41.05913" lon="-8.05153">
        <ele>519</ele>
        <time>2026-08-15T10:48:21.000Z</time>
      </trkpt>
      <trkpt lat="41.05877" lon="-8.05159">
        <ele>519</ele>
        <time>2026-08-15T10:48:25.000Z</time>
      </trkpt>
      <trkpt lat="41.0584" lon="-8.05166">
        <ele>519</ele>
        <time>2026-08-15T10:48:29.000Z</time>
      </trkpt>
      <trkpt lat="41.05813" lon="-8.05161">
        <ele>583</ele>
        <time>2026-08-15T10:48:33.000Z</time>
      </trkpt>
      <trkpt lat="41.05798" lon="-8.05125">
        <ele>588</ele>
        <time>2026-08-15T10:48:37.000Z</time>
      </trkpt>
      <trkpt lat="41.05786" lon="-8.05077">
        <ele>591</ele>
        <time>2026-08-15T10:48:41.000Z</time>
      </trkpt>
      <trkpt lat="41.0576" lon="-8.05049">
        <ele>595</ele>
        <time>2026-08-15T10:48:45.000Z</time>
      </trkpt>
      <trkpt lat="41.05721" lon="-8.05049">
        <ele>599</ele>
        <time>2026-08-15T10:48:49.000Z</time>
      </trkpt>
      <trkpt lat="41.05678" lon="-8.05048">
        <ele>602</ele>
        <time>2026-08-15T10:48:53.000Z</time>
      </trkpt>
      <trkpt lat="41.05633" lon="-8.05047">
        <ele>606</ele>
        <time>2026-08-15T10:48:57.000Z</time>
      </trkpt>
      <trkpt lat="41.05592" lon="-8.05025">
        <ele>609</ele>
        <time>2026-08-15T10:49:01.000Z</time>
      </trkpt>
      <trkpt lat="41.05547" lon="-8.04986">
        <ele>612</ele>
        <time>2026-08-15T10:49:05.000Z</time>
      </trkpt>
      <trkpt lat="41.05505" lon="-8.0495">
        <ele>615</ele>
        <time>2026-08-15T10:49:09.000Z</time>
      </trkpt>
      <trkpt lat="41.05471" lon="-8.0492">
        <ele>618</ele>
        <time>2026-08-15T10:49:13.000Z</time>
      </trkpt>
      <trkpt lat="41.05464" lon="-8.04888">
        <ele>621</ele>
        <time>2026-08-15T10:49:17.000Z</time>
      </trkpt>
      <trkpt lat="41.05466" lon="-8.04837">
        <ele>621</ele>
        <time>2026-08-15T10:49:21.000Z</time>
      </trkpt>
      <trkpt lat="41.05468" lon="-8.04783">
        <ele>621</ele>
        <time>2026-08-15T10:49:25.000Z</time>
      </trkpt>
      <trkpt lat="41.05464" lon="-8.04737">
        <ele>621</ele>
        <time>2026-08-15T10:49:29.000Z</time>
      </trkpt>
      <trkpt lat="41.05456" lon="-8.047">
        <ele>620</ele>
        <time>2026-08-15T10:49:33.000Z</time>
      </trkpt>
      <trkpt lat="41.05439" lon="-8.0467">
        <ele>620</ele>
        <time>2026-08-15T10:49:37.000Z</time>
      </trkpt>
      <trkpt lat="41.05414" lon="-8.04648">
        <ele>621</ele>
        <time>2026-08-15T10:49:41.000Z</time>
      </trkpt>
      <trkpt lat="41.05377" lon="-8.04635">
        <ele>622</ele>
        <time>2026-08-15T10:49:45.000Z</time>
      </trkpt>
      <trkpt lat="41.05335" lon="-8.04624">
        <ele>623</ele>
        <time>2026-08-15T10:49:49.000Z</time>
      </trkpt>
      <trkpt lat="41.05288" lon="-8.04613">
        <ele>625</ele>
        <time>2026-08-15T10:49:53.000Z</time>
      </trkpt>
      <trkpt lat="41.05247" lon="-8.04603">
        <ele>629</ele>
        <time>2026-08-15T10:49:57.000Z</time>
      </trkpt>
      <trkpt lat="41.05203" lon="-8.04593">
        <ele>632</ele>
        <time>2026-08-15T10:50:01.000Z</time>
      </trkpt>
      <trkpt lat="41.05154" lon="-8.0458">
        <ele>637</ele>
        <time>2026-08-15T10:50:05.000Z</time>
      </trkpt>
      <trkpt lat="41.05106" lon="-8.04567">
        <ele>643</ele>
        <time>2026-08-15T10:50:09.000Z</time>
      </trkpt>
      <trkpt lat="41.05059" lon="-8.0455">
        <ele>647</ele>
        <time>2026-08-15T10:50:13.000Z</time>
      </trkpt>
      <trkpt lat="41.05015" lon="-8.04521">
        <ele>651</ele>
        <time>2026-08-15T10:50:17.000Z</time>
      </trkpt>
      <trkpt lat="41.04971" lon="-8.04492">
        <ele>655</ele>
        <time>2026-08-15T10:50:21.000Z</time>
      </trkpt>
      <trkpt lat="41.04928" lon="-8.04473">
        <ele>657</ele>
        <time>2026-08-15T10:50:25.000Z</time>
      </trkpt>
      <trkpt lat="41.04887" lon="-8.04464">
        <ele>658</ele>
        <time>2026-08-15T10:50:29.000Z</time>
      </trkpt>
      <trkpt lat="41.04842" lon="-8.04461">
        <ele>658</ele>
        <time>2026-08-15T10:50:33.000Z</time>
      </trkpt>
      <trkpt lat="41.04798" lon="-8.04459">
        <ele>657</ele>
        <time>2026-08-15T10:50:37.000Z</time>
      </trkpt>
      <trkpt lat="41.04754" lon="-8.04455">
        <ele>657</ele>
        <time>2026-08-15T10:50:41.000Z</time>
      </trkpt>
      <trkpt lat="41.04713" lon="-8.04447">
        <ele>657</ele>
        <time>2026-08-15T10:50:45.000Z</time>
      </trkpt>
      <trkpt lat="41.04684" lon="-8.04444">
        <ele>659</ele>
        <time>2026-08-15T10:50:49.000Z</time>
      </trkpt>
      <trkpt lat="41.04651" lon="-8.04449">
        <ele>661</ele>
        <time>2026-08-15T10:50:53.000Z</time>
      </trkpt>
      <trkpt lat="41.0461" lon="-8.04452">
        <ele>663</ele>
        <time>2026-08-15T10:50:57.000Z</time>
      </trkpt>
      <trkpt lat="41.04573" lon="-8.04433">
        <ele>666</ele>
        <time>2026-08-15T10:51:01.000Z</time>
      </trkpt>
      <trkpt lat="41.04538" lon="-8.04402">
        <ele>670</ele>
        <time>2026-08-15T10:51:05.000Z</time>
      </trkpt>
      <trkpt lat="41.04504" lon="-8.04371">
        <ele>674</ele>
        <time>2026-08-15T10:51:09.000Z</time>
      </trkpt>
      <trkpt lat="41.04471" lon="-8.04341">
        <ele>677</ele>
        <time>2026-08-15T10:51:13.000Z</time>
      </trkpt>
      <trkpt lat="41.04439" lon="-8.04312">
        <ele>681</ele>
        <time>2026-08-15T10:51:17.000Z</time>
      </trkpt>
      <trkpt lat="41.04406" lon="-8.04283">
        <ele>684</ele>
        <time>2026-08-15T10:51:21.000Z</time>
      </trkpt>
      <trkpt lat="41.04371" lon="-8.04252">
        <ele>688</ele>
        <time>2026-08-15T10:51:25.000Z</time>
      </trkpt>
      <trkpt lat="41.04331" lon="-8.04217">
        <ele>691</ele>
        <time>2026-08-15T10:51:29.000Z</time>
      </trkpt>
      <trkpt lat="41.0429" lon="-8.0418">
        <ele>696</ele>
        <time>2026-08-15T10:51:33.000Z</time>
      </trkpt>
      <trkpt lat="41.04254" lon="-8.04147">
        <ele>702</ele>
        <time>2026-08-15T10:51:37.000Z</time>
      </trkpt>
      <trkpt lat="41.04235" lon="-8.04102">
        <ele>705</ele>
        <time>2026-08-15T10:51:41.000Z</time>
      </trkpt>
      <trkpt lat="41.04238" lon="-8.04054">
        <ele>706</ele>
        <time>2026-08-15T10:51:45.000Z</time>
      </trkpt>
      <trkpt lat="41.04249" lon="-8.04009">
        <ele>705</ele>
        <time>2026-08-15T10:51:49.000Z</time>
      </trkpt>
      <trkpt lat="41.04278" lon="-8.03962">
        <ele>705</ele>
        <time>2026-08-15T10:51:53.000Z</time>
      </trkpt>
      <trkpt lat="41.04312" lon="-8.03918">
        <ele>705</ele>
        <time>2026-08-15T10:51:57.000Z</time>
      </trkpt>
      <trkpt lat="41.04345" lon="-8.03875">
        <ele>706</ele>
        <time>2026-08-15T10:52:01.000Z</time>
      </trkpt>
      <trkpt lat="41.04376" lon="-8.03834">
        <ele>708</ele>
        <time>2026-08-15T10:52:05.000Z</time>
      </trkpt>
      <trkpt lat="41.04401" lon="-8.03794">
        <ele>709</ele>
        <time>2026-08-15T10:52:09.000Z</time>
      </trkpt>
      <trkpt lat="41.044" lon="-8.0375">
        <ele>708</ele>
        <time>2026-08-15T10:52:13.000Z</time>
      </trkpt>
      <trkpt lat="41.0436" lon="-8.03724">
        <ele>707</ele>
        <time>2026-08-15T10:52:17.000Z</time>
      </trkpt>
      <trkpt lat="41.04307" lon="-8.03709">
        <ele>707</ele>
        <time>2026-08-15T10:52:21.000Z</time>
      </trkpt>
      <trkpt lat="41.04258" lon="-8.03696">
        <ele>708</ele>
        <time>2026-08-15T10:52:25.000Z</time>
      </trkpt>
      <trkpt lat="41.04208" lon="-8.03705">
        <ele>708</ele>
        <time>2026-08-15T10:52:29.000Z</time>
      </trkpt>
      <trkpt lat="41.0416" lon="-8.03718">
        <ele>709</ele>
        <time>2026-08-15T10:52:33.000Z</time>
      </trkpt>
      <trkpt lat="41.04113" lon="-8.03706">
        <ele>709</ele>
        <time>2026-08-15T10:52:37.000Z</time>
      </trkpt>
      <trkpt lat="41.04071" lon="-8.03675">
        <ele>710</ele>
        <time>2026-08-15T10:52:41.000Z</time>
      </trkpt>
      <trkpt lat="41.04035" lon="-8.03621">
        <ele>710</ele>
        <time>2026-08-15T10:52:45.000Z</time>
      </trkpt>
      <trkpt lat="41.04001" lon="-8.03561">
        <ele>710</ele>
        <time>2026-08-15T10:52:49.000Z</time>
      </trkpt>
      <trkpt lat="41.03969" lon="-8.03505">
        <ele>712</ele>
        <time>2026-08-15T10:52:53.000Z</time>
      </trkpt>
      <trkpt lat="41.0394" lon="-8.03452">
        <ele>712</ele>
        <time>2026-08-15T10:52:57.000Z</time>
      </trkpt>
      <trkpt lat="41.03922" lon="-8.03387">
        <ele>712</ele>
        <time>2026-08-15T10:53:01.000Z</time>
      </trkpt>
      <trkpt lat="41.03903" lon="-8.03321">
        <ele>712</ele>
        <time>2026-08-15T10:53:05.000Z</time>
      </trkpt>
      <trkpt lat="41.03887" lon="-8.03268">
        <ele>713</ele>
        <time>2026-08-15T10:53:09.000Z</time>
      </trkpt>
      <trkpt lat="41.03856" lon="-8.03246">
        <ele>714</ele>
        <time>2026-08-15T10:53:13.000Z</time>
      </trkpt>
      <trkpt lat="41.03818" lon="-8.03256">
        <ele>716</ele>
        <time>2026-08-15T10:53:17.000Z</time>
      </trkpt>
      <trkpt lat="41.03777" lon="-8.03252">
        <ele>716</ele>
        <time>2026-08-15T10:53:21.000Z</time>
      </trkpt>
      <trkpt lat="41.0373" lon="-8.03228">
        <ele>717</ele>
        <time>2026-08-15T10:53:25.000Z</time>
      </trkpt>
      <trkpt lat="41.03683" lon="-8.03191">
        <ele>718</ele>
        <time>2026-08-15T10:53:29.000Z</time>
      </trkpt>
      <trkpt lat="41.03642" lon="-8.03152">
        <ele>721</ele>
        <time>2026-08-15T10:53:33.000Z</time>
      </trkpt>
      <trkpt lat="41.03623" lon="-8.03113">
        <ele>725</ele>
        <time>2026-08-15T10:53:37.000Z</time>
      </trkpt>
      <trkpt lat="41.03625" lon="-8.03062">
        <ele>729</ele>
        <time>2026-08-15T10:53:41.000Z</time>
      </trkpt>
      <trkpt lat="41.03623" lon="-8.03008">
        <ele>731</ele>
        <time>2026-08-15T10:53:45.000Z</time>
      </trkpt>
      <trkpt lat="41.03589" lon="-8.02984">
        <ele>735</ele>
        <time>2026-08-15T10:53:49.000Z</time>
      </trkpt>
      <trkpt lat="41.03546" lon="-8.02973">
        <ele>738</ele>
        <time>2026-08-15T10:53:53.000Z</time>
      </trkpt>
      <trkpt lat="41.03501" lon="-8.02986">
        <ele>741</ele>
        <time>2026-08-15T10:53:57.000Z</time>
      </trkpt>
      <trkpt lat="41.03455" lon="-8.03003">
        <ele>746</ele>
        <time>2026-08-15T10:54:01.000Z</time>
      </trkpt>
      <trkpt lat="41.03412" lon="-8.0301">
        <ele>752</ele>
        <time>2026-08-15T10:54:05.000Z</time>
      </trkpt>
      <trkpt lat="41.03375" lon="-8.03001">
        <ele>756</ele>
        <time>2026-08-15T10:54:09.000Z</time>
      </trkpt>
      <trkpt lat="41.03345" lon="-8.03021">
        <ele>758</ele>
        <time>2026-08-15T10:54:13.000Z</time>
      </trkpt>
      <trkpt lat="41.03312" lon="-8.03054">
        <ele>761</ele>
        <time>2026-08-15T10:54:17.000Z</time>
      </trkpt>
      <trkpt lat="41.03272" lon="-8.03064">
        <ele>763</ele>
        <time>2026-08-15T10:54:21.000Z</time>
      </trkpt>
      <trkpt lat="41.03223" lon="-8.03061">
        <ele>767</ele>
        <time>2026-08-15T10:54:25.000Z</time>
      </trkpt>
      <trkpt lat="41.03176" lon="-8.03059">
        <ele>771</ele>
        <time>2026-08-15T10:54:29.000Z</time>
      </trkpt>
      <trkpt lat="41.03129" lon="-8.03056">
        <ele>775</ele>
        <time>2026-08-15T10:54:33.000Z</time>
      </trkpt>
      <trkpt lat="41.03078" lon="-8.03053">
        <ele>778</ele>
        <time>2026-08-15T10:54:37.000Z</time>
      </trkpt>
      <trkpt lat="41.03028" lon="-8.0305">
        <ele>781</ele>
        <time>2026-08-15T10:54:41.000Z</time>
      </trkpt>
      <trkpt lat="41.02981" lon="-8.03071">
        <ele>783</ele>
        <time>2026-08-15T10:54:45.000Z</time>
      </trkpt>
      <trkpt lat="41.02938" lon="-8.03097">
        <ele>787</ele>
        <time>2026-08-15T10:54:49.000Z</time>
      </trkpt>
      <trkpt lat="41.02901" lon="-8.03109">
        <ele>790</ele>
        <time>2026-08-15T10:54:53.000Z</time>
      </trkpt>
      <trkpt lat="41.02862" lon="-8.03091">
        <ele>794</ele>
        <time>2026-08-15T10:54:57.000Z</time>
      </trkpt>
      <trkpt lat="41.02822" lon="-8.03069">
        <ele>796</ele>
        <time>2026-08-15T10:55:01.000Z</time>
      </trkpt>
      <trkpt lat="41.02786" lon="-8.03049">
        <ele>796</ele>
        <time>2026-08-15T10:55:05.000Z</time>
      </trkpt>
      <trkpt lat="41.02753" lon="-8.03025">
        <ele>796</ele>
        <time>2026-08-15T10:55:09.000Z</time>
      </trkpt>
      <trkpt lat="41.02727" lon="-8.02989">
        <ele>795</ele>
        <time>2026-08-15T10:55:13.000Z</time>
      </trkpt>
      <trkpt lat="41.02705" lon="-8.02958">
        <ele>793</ele>
        <time>2026-08-15T10:55:17.000Z</time>
      </trkpt>
      <trkpt lat="41.02689" lon="-8.02935">
        <ele>793</ele>
        <time>2026-08-15T10:55:21.000Z</time>
      </trkpt>
      <trkpt lat="41.0268" lon="-8.02924">
        <ele>792</ele>
        <time>2026-08-15T10:55:25.000Z</time>
      </trkpt>
      <trkpt lat="41.02711" lon="-8.02921">
        <ele>793</ele>
        <time>2026-08-15T10:55:29.000Z</time>
      </trkpt>
      <trkpt lat="41.02749" lon="-8.02929">
        <ele>796</ele>
        <time>2026-08-15T10:55:33.000Z</time>
      </trkpt>
      <trkpt lat="41.02794" lon="-8.02939">
        <ele>801</ele>
        <time>2026-08-15T10:55:37.000Z</time>
      </trkpt>
      <trkpt lat="41.0284" lon="-8.02944">
        <ele>806</ele>
        <time>2026-08-15T10:55:41.000Z</time>
      </trkpt>
      <trkpt lat="41.02888" lon="-8.02935">
        <ele>812</ele>
        <time>2026-08-15T10:55:45.000Z</time>
      </trkpt>
      <trkpt lat="41.02937" lon="-8.02913">
        <ele>816</ele>
        <time>2026-08-15T10:55:49.000Z</time>
      </trkpt>
      <trkpt lat="41.02981" lon="-8.02874">
        <ele>820</ele>
        <time>2026-08-15T10:55:53.000Z</time>
      </trkpt>
      <trkpt lat="41.03021" lon="-8.02838">
        <ele>825</ele>
        <time>2026-08-15T10:55:57.000Z</time>
      </trkpt>
      <trkpt lat="41.03062" lon="-8.02801">
        <ele>829</ele>
        <time>2026-08-15T10:56:01.000Z</time>
      </trkpt>
      <trkpt lat="41.03109" lon="-8.0276">
        <ele>830</ele>
        <time>2026-08-15T10:56:05.000Z</time>
      </trkpt>
      <trkpt lat="41.03157" lon="-8.02717">
        <ele>829</ele>
        <time>2026-08-15T10:56:09.000Z</time>
      </trkpt>
      <trkpt lat="41.03206" lon="-8.02673">
        <ele>830</ele>
        <time>2026-08-15T10:56:13.000Z</time>
      </trkpt>
      <trkpt lat="41.03253" lon="-8.0263">
        <ele>834</ele>
        <time>2026-08-15T10:56:17.000Z</time>
      </trkpt>
      <trkpt lat="41.03299" lon="-8.02591">
        <ele>840</ele>
        <time>2026-08-15T10:56:21.000Z</time>
      </trkpt>
      <trkpt lat="41.03351" lon="-8.02566">
        <ele>844</ele>
        <time>2026-08-15T10:56:25.000Z</time>
      </trkpt>
      <trkpt lat="41.03414" lon="-8.02544">
        <ele>848</ele>
        <time>2026-08-15T10:56:29.000Z</time>
      </trkpt>
      <trkpt lat="41.03481" lon="-8.02523">
        <ele>853</ele>
        <time>2026-08-15T10:56:33.000Z</time>
      </trkpt>
      <trkpt lat="41.03544" lon="-8.02516">
        <ele>860</ele>
        <time>2026-08-15T10:56:37.000Z</time>
      </trkpt>
      <trkpt lat="41.03596" lon="-8.02514">
        <ele>867</ele>
        <time>2026-08-15T10:56:41.000Z</time>
      </trkpt>
      <trkpt lat="41.03645" lon="-8.025">
        <ele>872</ele>
        <time>2026-08-15T10:56:45.000Z</time>
      </trkpt>
      <trkpt lat="41.03697" lon="-8.02477">
        <ele>878</ele>
        <time>2026-08-15T10:56:49.000Z</time>
      </trkpt>
      <trkpt lat="41.03752" lon="-8.02451">
        <ele>886</ele>
        <time>2026-08-15T10:56:53.000Z</time>
      </trkpt>
      <trkpt lat="41.03809" lon="-8.02426">
        <ele>893</ele>
        <time>2026-08-15T10:56:57.000Z</time>
      </trkpt>
      <trkpt lat="41.03867" lon="-8.024">
        <ele>899</ele>
        <time>2026-08-15T10:57:01.000Z</time>
      </trkpt>
      <trkpt lat="41.03924" lon="-8.02375">
        <ele>905</ele>
        <time>2026-08-15T10:57:05.000Z</time>
      </trkpt>
      <trkpt lat="41.03985" lon="-8.02348">
        <ele>910</ele>
        <time>2026-08-15T10:57:09.000Z</time>
      </trkpt>
      <trkpt lat="41.04044" lon="-8.02326">
        <ele>917</ele>
        <time>2026-08-15T10:57:13.000Z</time>
      </trkpt>
      <trkpt lat="41.0409" lon="-8.02312">
        <ele>921</ele>
        <time>2026-08-15T10:57:17.000Z</time>
      </trkpt>
      <trkpt lat="41.04134" lon="-8.02296">
        <ele>923</ele>
        <time>2026-08-15T10:57:21.000Z</time>
      </trkpt>
      <trkpt lat="41.04169" lon="-8.02257">
        <ele>926</ele>
        <time>2026-08-15T10:57:25.000Z</time>
      </trkpt>
      <trkpt lat="41.04166" lon="-8.02208">
        <ele>929</ele>
        <time>2026-08-15T10:57:29.000Z</time>
      </trkpt>
      <trkpt lat="41.04135" lon="-8.02164">
        <ele>932</ele>
        <time>2026-08-15T10:57:33.000Z</time>
      </trkpt>
      <trkpt lat="41.041" lon="-8.02117">
        <ele>930</ele>
        <time>2026-08-15T10:57:37.000Z</time>
      </trkpt>
      <trkpt lat="41.04062" lon="-8.02064">
        <ele>925</ele>
        <time>2026-08-15T10:57:41.000Z</time>
      </trkpt>
      <trkpt lat="41.04023" lon="-8.0201">
        <ele>922</ele>
        <time>2026-08-15T10:57:45.000Z</time>
      </trkpt>
      <trkpt lat="41.04001" lon="-8.01949">
        <ele>919</ele>
        <time>2026-08-15T10:57:49.000Z</time>
      </trkpt>
      <trkpt lat="41.03999" lon="-8.01871">
        <ele>916</ele>
        <time>2026-08-15T10:57:53.000Z</time>
      </trkpt>
      <trkpt lat="41.03997" lon="-8.01787">
        <ele>915</ele>
        <time>2026-08-15T10:57:57.000Z</time>
      </trkpt>
      <trkpt lat="41.03995" lon="-8.01714">
        <ele>916</ele>
        <time>2026-08-15T10:58:01.000Z</time>
      </trkpt>
      <trkpt lat="41.03986" lon="-8.01656">
        <ele>918</ele>
        <time>2026-08-15T10:58:05.000Z</time>
      </trkpt>
      <trkpt lat="41.0395" lon="-8.01623">
        <ele>921</ele>
        <time>2026-08-15T10:58:09.000Z</time>
      </trkpt>
      <trkpt lat="41.03903" lon="-8.01588">
        <ele>924</ele>
        <time>2026-08-15T10:58:13.000Z</time>
      </trkpt>
      <trkpt lat="41.0385" lon="-8.01549">
        <ele>929</ele>
        <time>2026-08-15T10:58:17.000Z</time>
      </trkpt>
      <trkpt lat="41.03793" lon="-8.01507">
        <ele>933</ele>
        <time>2026-08-15T10:58:21.000Z</time>
      </trkpt>
      <trkpt lat="41.03732" lon="-8.01462">
        <ele>938</ele>
        <time>2026-08-15T10:58:25.000Z</time>
      </trkpt>
      <trkpt lat="41.0367" lon="-8.01416">
        <ele>944</ele>
        <time>2026-08-15T10:58:29.000Z</time>
      </trkpt>
      <trkpt lat="41.0362" lon="-8.0138">
        <ele>951</ele>
        <time>2026-08-15T10:58:33.000Z</time>
      </trkpt>
      <trkpt lat="41.03572" lon="-8.01344">
        <ele>954</ele>
        <time>2026-08-15T10:58:37.000Z</time>
      </trkpt>
      <trkpt lat="41.03524" lon="-8.01309">
        <ele>955</ele>
        <time>2026-08-15T10:58:41.000Z</time>
      </trkpt>
      <trkpt lat="41.03477" lon="-8.01282">
        <ele>955</ele>
        <time>2026-08-15T10:58:45.000Z</time>
      </trkpt>
      <trkpt lat="41.03418" lon="-8.01269">
        <ele>954</ele>
        <time>2026-08-15T10:58:49.000Z</time>
      </trkpt>
      <trkpt lat="41.03348" lon="-8.01259">
        <ele>954</ele>
        <time>2026-08-15T10:58:53.000Z</time>
      </trkpt>
      <trkpt lat="41.03282" lon="-8.01248">
        <ele>957</ele>
        <time>2026-08-15T10:58:57.000Z</time>
      </trkpt>
      <trkpt lat="41.0322" lon="-8.01231">
        <ele>961</ele>
        <time>2026-08-15T10:59:01.000Z</time>
      </trkpt>
      <trkpt lat="41.03167" lon="-8.01186">
        <ele>966</ele>
        <time>2026-08-15T10:59:05.000Z</time>
      </trkpt>
      <trkpt lat="41.03116" lon="-8.0115">
        <ele>971</ele>
        <time>2026-08-15T10:59:09.000Z</time>
      </trkpt>
      <trkpt lat="41.03084" lon="-8.01109">
        <ele>976</ele>
        <time>2026-08-15T10:59:13.000Z</time>
      </trkpt>
      <trkpt lat="41.03065" lon="-8.01052">
        <ele>980</ele>
        <time>2026-08-15T10:59:17.000Z</time>
      </trkpt>
      <trkpt lat="41.03035" lon="-8.01016">
        <ele>982</ele>
        <time>2026-08-15T10:59:21.000Z</time>
      </trkpt>
      <trkpt lat="41.0299" lon="-8.0099">
        <ele>985</ele>
        <time>2026-08-15T10:59:25.000Z</time>
      </trkpt>
      <trkpt lat="41.02931" lon="-8.00957">
        <ele>985</ele>
        <time>2026-08-15T10:59:29.000Z</time>
      </trkpt>
      <trkpt lat="41.02872" lon="-8.00923">
        <ele>987</ele>
        <time>2026-08-15T10:59:33.000Z</time>
      </trkpt>
      <trkpt lat="41.02812" lon="-8.00889">
        <ele>993</ele>
        <time>2026-08-15T10:59:37.000Z</time>
      </trkpt>
      <trkpt lat="41.02755" lon="-8.00854">
        <ele>1001</ele>
        <time>2026-08-15T10:59:41.000Z</time>
      </trkpt>
      <trkpt lat="41.02697" lon="-8.00815">
        <ele>1009</ele>
        <time>2026-08-15T10:59:45.000Z</time>
      </trkpt>
      <trkpt lat="41.02641" lon="-8.00772">
        <ele>1016</ele>
        <time>2026-08-15T10:59:49.000Z</time>
      </trkpt>
      <trkpt lat="41.02591" lon="-8.00734">
        <ele>1022</ele>
        <time>2026-08-15T10:59:53.000Z</time>
      </trkpt>
      <trkpt lat="41.02553" lon="-8.00692">
        <ele>1027</ele>
        <time>2026-08-15T10:59:57.000Z</time>
      </trkpt>
      <trkpt lat="41.0253" lon="-8.0063">
        <ele>1030</ele>
        <time>2026-08-15T11:00:01.000Z</time>
      </trkpt>
      <trkpt lat="41.02516" lon="-8.00568">
        <ele>1033</ele>
        <time>2026-08-15T11:00:05.000Z</time>
      </trkpt>
      <trkpt lat="41.02522" lon="-8.00495">
        <ele>1036</ele>
        <time>2026-08-15T11:00:09.000Z</time>
      </trkpt>
      <trkpt lat="41.02533" lon="-8.00414">
        <ele>1040</ele>
        <time>2026-08-15T11:00:13.000Z</time>
      </trkpt>
      <trkpt lat="41.02544" lon="-8.00332">
        <ele>1044</ele>
        <time>2026-08-15T11:00:17.000Z</time>
      </trkpt>
      <trkpt lat="41.02558" lon="-8.00249">
        <ele>1048</ele>
        <time>2026-08-15T11:00:21.000Z</time>
      </trkpt>
      <trkpt lat="41.02573" lon="-8.00167">
        <ele>1052</ele>
        <time>2026-08-15T11:00:25.000Z</time>
      </trkpt>
      <trkpt lat="41.02585" lon="-8.00101">
        <ele>1057</ele>
        <time>2026-08-15T11:00:29.000Z</time>
      </trkpt>
      <trkpt lat="41.02579" lon="-8.00047">
        <ele>1060</ele>
        <time>2026-08-15T11:00:33.000Z</time>
      </trkpt>
      <trkpt lat="41.02559" lon="-7.99985">
        <ele>1064</ele>
        <time>2026-08-15T11:00:37.000Z</time>
      </trkpt>
      <trkpt lat="41.02537" lon="-7.99918">
        <ele>1068</ele>
        <time>2026-08-15T11:00:41.000Z</time>
      </trkpt>
      <trkpt lat="41.02514" lon="-7.99845">
        <ele>1073</ele>
        <time>2026-08-15T11:00:45.000Z</time>
      </trkpt>
      <trkpt lat="41.02491" lon="-7.99776">
        <ele>1076</ele>
        <time>2026-08-15T11:00:49.000Z</time>
      </trkpt>
      <trkpt lat="41.02469" lon="-7.9971">
        <ele>1077</ele>
        <time>2026-08-15T11:00:53.000Z</time>
      </trkpt>
      <trkpt lat="41.02428" lon="-7.99657">
        <ele>1078</ele>
        <time>2026-08-15T11:00:57.000Z</time>
      </trkpt>
      <trkpt lat="41.02384" lon="-7.99602">
        <ele>1078</ele>
        <time>2026-08-15T11:01:01.000Z</time>
      </trkpt>
      <trkpt lat="41.02347" lon="-7.99556">
        <ele>1080</ele>
        <time>2026-08-15T11:01:05.000Z</time>
      </trkpt>
      <trkpt lat="41.02317" lon="-7.99517">
        <ele>1082</ele>
        <time>2026-08-15T11:01:09.000Z</time>
      </trkpt>
      <trkpt lat="41.02317" lon="-7.99475">
        <ele>1083</ele>
        <time>2026-08-15T11:01:13.000Z</time>
      </trkpt>
      <trkpt lat="41.02346" lon="-7.9943">
        <ele>1084</ele>
        <time>2026-08-15T11:01:17.000Z</time>
      </trkpt>
      <trkpt lat="41.02376" lon="-7.99383">
        <ele>1087</ele>
        <time>2026-08-15T11:01:21.000Z</time>
      </trkpt>
      <trkpt lat="41.02384" lon="-7.99339">
        <ele>1090</ele>
        <time>2026-08-15T11:01:25.000Z</time>
      </trkpt>
      <trkpt lat="41.02373" lon="-7.99283">
        <ele>1093</ele>
        <time>2026-08-15T11:01:29.000Z</time>
      </trkpt>
      <trkpt lat="41.02359" lon="-7.99224">
        <ele>1094</ele>
        <time>2026-08-15T11:01:33.000Z</time>
      </trkpt>
      <trkpt lat="41.02346" lon="-7.99171">
        <ele>1094</ele>
        <time>2026-08-15T11:01:37.000Z</time>
      </trkpt>
      <trkpt lat="41.02336" lon="-7.99127">
        <ele>1094</ele>
        <time>2026-08-15T11:01:41.000Z</time>
      </trkpt>
      <trkpt lat="41.02289" lon="-7.99127">
        <ele>1094</ele>
        <time>2026-08-15T11:01:45.000Z</time>
      </trkpt>
      <trkpt lat="41.02234" lon="-7.9913">
        <ele>1096</ele>
        <time>2026-08-15T11:01:49.000Z</time>
      </trkpt>
      <trkpt lat="41.02176" lon="-7.99134">
        <ele>1098</ele>
        <time>2026-08-15T11:01:53.000Z</time>
      </trkpt>
      <trkpt lat="41.02114" lon="-7.99137">
        <ele>1101</ele>
        <time>2026-08-15T11:01:57.000Z</time>
      </trkpt>
      <trkpt lat="41.02051" lon="-7.99141">
        <ele>1105</ele>
        <time>2026-08-15T11:02:01.000Z</time>
      </trkpt>
      <trkpt lat="41.01986" lon="-7.99145">
        <ele>1109</ele>
        <time>2026-08-15T11:02:05.000Z</time>
      </trkpt>
      <trkpt lat="41.01925" lon="-7.99149">
        <ele>1117</ele>
        <time>2026-08-15T11:02:09.000Z</time>
      </trkpt>
      <trkpt lat="41.01864" lon="-7.99149">
        <ele>1123</ele>
        <time>2026-08-15T11:02:13.000Z</time>
      </trkpt>
      <trkpt lat="41.01804" lon="-7.99144">
        <ele>1129</ele>
        <time>2026-08-15T11:02:17.000Z</time>
      </trkpt>
      <trkpt lat="41.01759" lon="-7.99159">
        <ele>1133</ele>
        <time>2026-08-15T11:02:21.000Z</time>
      </trkpt>
      <trkpt lat="41.01722" lon="-7.99205">
        <ele>1136</ele>
        <time>2026-08-15T11:02:25.000Z</time>
      </trkpt>
      <trkpt lat="41.01681" lon="-7.99263">
        <ele>1139</ele>
        <time>2026-08-15T11:02:29.000Z</time>
      </trkpt>
      <trkpt lat="41.01638" lon="-7.99316">
        <ele>1141</ele>
        <time>2026-08-15T11:02:33.000Z</time>
      </trkpt>
      <trkpt lat="41.01582" lon="-7.99331">
        <ele>1146</ele>
        <time>2026-08-15T11:02:37.000Z</time>
      </trkpt>
      <trkpt lat="41.01525" lon="-7.99334">
        <ele>1153</ele>
        <time>2026-08-15T11:02:41.000Z</time>
      </trkpt>
      <trkpt lat="41.0147" lon="-7.99332">
        <ele>1159</ele>
        <time>2026-08-15T11:02:45.000Z</time>
      </trkpt>
      <trkpt lat="41.01415" lon="-7.9932">
        <ele>1163</ele>
        <time>2026-08-15T11:02:49.000Z</time>
      </trkpt>
      <trkpt lat="41.01357" lon="-7.99306">
        <ele>1168</ele>
        <time>2026-08-15T11:02:53.000Z</time>
      </trkpt>
      <trkpt lat="41.01302" lon="-7.99277">
        <ele>1174</ele>
        <time>2026-08-15T11:02:57.000Z</time>
      </trkpt>
      <trkpt lat="41.01251" lon="-7.99247">
        <ele>1178</ele>
        <time>2026-08-15T11:03:01.000Z</time>
      </trkpt>
      <trkpt lat="41.01203" lon="-7.99198">
        <ele>1180</ele>
        <time>2026-08-15T11:03:05.000Z</time>
      </trkpt>
      <trkpt lat="41.01154" lon="-7.99143">
        <ele>1184</ele>
        <time>2026-08-15T11:03:09.000Z</time>
      </trkpt>
      <trkpt lat="41.01116" lon="-7.99095">
        <ele>1189</ele>
        <time>2026-08-15T11:03:13.000Z</time>
      </trkpt>
      <trkpt lat="41.01091" lon="-7.99036">
        <ele>1192</ele>
        <time>2026-08-15T11:03:17.000Z</time>
      </trkpt>
      <trkpt lat="41.01061" lon="-7.98966">
        <ele>1196</ele>
        <time>2026-08-15T11:03:21.000Z</time>
      </trkpt>
      <trkpt lat="41.0103" lon="-7.98894">
        <ele>1201</ele>
        <time>2026-08-15T11:03:25.000Z</time>
      </trkpt>
      <trkpt lat="41.01001" lon="-7.98825">
        <ele>1204</ele>
        <time>2026-08-15T11:03:29.000Z</time>
      </trkpt>
      <trkpt lat="41.00974" lon="-7.98753">
        <ele>1204</ele>
        <time>2026-08-15T11:03:33.000Z</time>
      </trkpt>
      <trkpt lat="41.00961" lon="-7.9867">
        <ele>1204</ele>
        <time>2026-08-15T11:03:37.000Z</time>
      </trkpt>
      <trkpt lat="41.00949" lon="-7.98591">
        <ele>1204</ele>
        <time>2026-08-15T11:03:41.000Z</time>
      </trkpt>
      <trkpt lat="41.00931" lon="-7.98528">
        <ele>1204</ele>
        <time>2026-08-15T11:03:45.000Z</time>
      </trkpt>
      <trkpt lat="41.00896" lon="-7.98469">
        <ele>1203</ele>
        <time>2026-08-15T11:03:49.000Z</time>
      </trkpt>
      <trkpt lat="41.00861" lon="-7.98407">
        <ele>1198</ele>
        <time>2026-08-15T11:03:53.000Z</time>
      </trkpt>
      <trkpt lat="41.00842" lon="-7.98342">
        <ele>1194</ele>
        <time>2026-08-15T11:03:57.000Z</time>
      </trkpt>
      <trkpt lat="41.00838" lon="-7.98268">
        <ele>1188</ele>
        <time>2026-08-15T11:04:01.000Z</time>
      </trkpt>
      <trkpt lat="41.00832" lon="-7.98196">
        <ele>1182</ele>
        <time>2026-08-15T11:04:05.000Z</time>
      </trkpt>
      <trkpt lat="41.0081" lon="-7.98148">
        <ele>1178</ele>
        <time>2026-08-15T11:04:09.000Z</time>
      </trkpt>
      <trkpt lat="41.00767" lon="-7.98111">
        <ele>1174</ele>
        <time>2026-08-15T11:04:13.000Z</time>
      </trkpt>
      <trkpt lat="41.00727" lon="-7.98076">
        <ele>1170</ele>
        <time>2026-08-15T11:04:17.000Z</time>
      </trkpt>
      <trkpt lat="41.00682" lon="-7.98067">
        <ele>1168</ele>
        <time>2026-08-15T11:04:21.000Z</time>
      </trkpt>
      <trkpt lat="41.00639" lon="-7.98054">
        <ele>1166</ele>
        <time>2026-08-15T11:04:25.000Z</time>
      </trkpt>
      <trkpt lat="41.00616" lon="-7.98001">
        <ele>1166</ele>
        <time>2026-08-15T11:04:29.000Z</time>
      </trkpt>
      <trkpt lat="41.00588" lon="-7.97941">
        <ele>1167</ele>
        <time>2026-08-15T11:04:33.000Z</time>
      </trkpt>
      <trkpt lat="41.00546" lon="-7.97883">
        <ele>1165</ele>
        <time>2026-08-15T11:04:37.000Z</time>
      </trkpt>
      <trkpt lat="41.00505" lon="-7.97826">
        <ele>1164</ele>
        <time>2026-08-15T11:04:41.000Z</time>
      </trkpt>
      <trkpt lat="41.00473" lon="-7.97775">
        <ele>1164</ele>
        <time>2026-08-15T11:04:45.000Z</time>
      </trkpt>
      <trkpt lat="41.0046" lon="-7.9772">
        <ele>1162</ele>
        <time>2026-08-15T11:04:49.000Z</time>
      </trkpt>
      <trkpt lat="41.00479" lon="-7.97662">
        <ele>1161</ele>
        <time>2026-08-15T11:04:53.000Z</time>
      </trkpt>
      <trkpt lat="41.00525" lon="-7.97617">
        <ele>1163</ele>
        <time>2026-08-15T11:04:57.000Z</time>
      </trkpt>
      <trkpt lat="41.00572" lon="-7.97576">
        <ele>1168</ele>
        <time>2026-08-15T11:05:01.000Z</time>
      </trkpt>
      <trkpt lat="41.00613" lon="-7.97538">
        <ele>1173</ele>
        <time>2026-08-15T11:05:05.000Z</time>
      </trkpt>
      <trkpt lat="41.00644" lon="-7.97487">
        <ele>1176</ele>
        <time>2026-08-15T11:05:09.000Z</time>
      </trkpt>
      <trkpt lat="41.00658" lon="-7.97425">
        <ele>1179</ele>
        <time>2026-08-15T11:05:13.000Z</time>
      </trkpt>
      <trkpt lat="41.00665" lon="-7.97364">
        <ele>1180</ele>
        <time>2026-08-15T11:05:17.000Z</time>
      </trkpt>
      <trkpt lat="41.00664" lon="-7.97313">
        <ele>1182</ele>
        <time>2026-08-15T11:05:21.000Z</time>
      </trkpt>
      <trkpt lat="41.00645" lon="-7.9728">
        <ele>1185</ele>
        <time>2026-08-15T11:05:25.000Z</time>
      </trkpt>
      <trkpt lat="41.00621" lon="-7.97266">
        <ele>1187</ele>
        <time>2026-08-15T11:05:29.000Z</time>
      </trkpt>
      <trkpt lat="41.00588" lon="-7.97261">
        <ele>1187</ele>
        <time>2026-08-15T11:05:33.000Z</time>
      </trkpt>
      <trkpt lat="41.00554" lon="-7.97257">
        <ele>1189</ele>
        <time>2026-08-15T11:05:37.000Z</time>
      </trkpt>
      <trkpt lat="41.00525" lon="-7.97263">
        <ele>1189</ele>
        <time>2026-08-15T11:05:41.000Z</time>
      </trkpt>
      <trkpt lat="41.00493" lon="-7.97274">
        <ele>1189</ele>
        <time>2026-08-15T11:05:45.000Z</time>
      </trkpt>
      <trkpt lat="41.00462" lon="-7.97279">
        <ele>1188</ele>
        <time>2026-08-15T11:05:49.000Z</time>
      </trkpt>
      <trkpt lat="41.00433" lon="-7.97263">
        <ele>1187</ele>
        <time>2026-08-15T11:05:53.000Z</time>
      </trkpt>
      <trkpt lat="41.00411" lon="-7.97233">
        <ele>1185</ele>
        <time>2026-08-15T11:05:57.000Z</time>
      </trkpt>
      <trkpt lat="41.00399" lon="-7.97197">
        <ele>1182</ele>
        <time>2026-08-15T11:06:01.000Z</time>
      </trkpt>
      <trkpt lat="41.00385" lon="-7.9716">
        <ele>1179</ele>
        <time>2026-08-15T11:06:05.000Z</time>
      </trkpt>
      <trkpt lat="41.00365" lon="-7.9713">
        <ele>1176</ele>
        <time>2026-08-15T11:06:09.000Z</time>
      </trkpt>
      <trkpt lat="41.00342" lon="-7.97102">
        <ele>1174</ele>
        <time>2026-08-15T11:06:13.000Z</time>
      </trkpt>
      <trkpt lat="41.00319" lon="-7.97073">
        <ele>1171</ele>
        <time>2026-08-15T11:06:17.000Z</time>
      </trkpt>
      <trkpt lat="41.00291" lon="-7.97039">
        <ele>1170</ele>
        <time>2026-08-15T11:06:21.000Z</time>
      </trkpt>
      <trkpt lat="41.00266" lon="-7.96999">
        <ele>1169</ele>
        <time>2026-08-15T11:06:25.000Z</time>
      </trkpt>
      <trkpt lat="41.00247" lon="-7.96964">
        <ele>1166</ele>
        <time>2026-08-15T11:06:29.000Z</time>
      </trkpt>
      <trkpt lat="41.00223" lon="-7.96947">
        <ele>1160</ele>
        <time>2026-08-15T11:06:33.000Z</time>
      </trkpt>
      <trkpt lat="41.00205" lon="-7.96921">
        <ele>1156</ele>
        <time>2026-08-15T11:06:37.000Z</time>
      </trkpt>
      <trkpt lat="41.00195" lon="-7.96894">
        <ele>1154</ele>
        <time>2026-08-15T11:06:41.000Z</time>
      </trkpt>
      <trkpt lat="41.00209" lon="-7.96867">
        <ele>1152</ele>
        <time>2026-08-15T11:06:45.000Z</time>
      </trkpt>
      <trkpt lat="41.0023" lon="-7.96832">
        <ele>1153</ele>
        <time>2026-08-15T11:06:49.000Z</time>
      </trkpt>
      <trkpt lat="41.00243" lon="-7.96787">
        <ele>1157</ele>
        <time>2026-08-15T11:06:53.000Z</time>
      </trkpt>
      <trkpt lat="41.00242" lon="-7.96738">
        <ele>1161</ele>
        <time>2026-08-15T11:06:57.000Z</time>
      </trkpt>
      <trkpt lat="41.00235" lon="-7.9668">
        <ele>1162</ele>
        <time>2026-08-15T11:07:01.000Z</time>
      </trkpt>
      <trkpt lat="41.00225" lon="-7.96617">
        <ele>1163</ele>
        <time>2026-08-15T11:07:05.000Z</time>
      </trkpt>
      <trkpt lat="41.00208" lon="-7.96564">
        <ele>1165</ele>
        <time>2026-08-15T11:07:09.000Z</time>
      </trkpt>
      <trkpt lat="41.00176" lon="-7.96521">
        <ele>1167</ele>
        <time>2026-08-15T11:07:13.000Z</time>
      </trkpt>
      <trkpt lat="41.00135" lon="-7.96476">
        <ele>1169</ele>
        <time>2026-08-15T11:07:17.000Z</time>
      </trkpt>
      <trkpt lat="41.00089" lon="-7.96426">
        <ele>1175</ele>
        <time>2026-08-15T11:07:21.000Z</time>
      </trkpt>
      <trkpt lat="41.00047" lon="-7.9638">
        <ele>1182</ele>
        <time>2026-08-15T11:07:25.000Z</time>
      </trkpt>
      <trkpt lat="41.00006" lon="-7.96351">
        <ele>1184</ele>
        <time>2026-08-15T11:07:29.000Z</time>
      </trkpt>
      <trkpt lat="40.99955" lon="-7.96356">
        <ele>1187</ele>
        <time>2026-08-15T11:07:33.000Z</time>
      </trkpt>
      <trkpt lat="40.99902" lon="-7.96372">
        <ele>1191</ele>
        <time>2026-08-15T11:07:37.000Z</time>
      </trkpt>
      <trkpt lat="40.99855" lon="-7.96379">
        <ele>1195</ele>
        <time>2026-08-15T11:07:41.000Z</time>
      </trkpt>
      <trkpt lat="40.99811" lon="-7.9636">
        <ele>1200</ele>
        <time>2026-08-15T11:07:45.000Z</time>
      </trkpt>
      <trkpt lat="40.99764" lon="-7.96346">
        <ele>1205</ele>
        <time>2026-08-15T11:07:49.000Z</time>
      </trkpt>
      <trkpt lat="40.99713" lon="-7.96357">
        <ele>1207</ele>
        <time>2026-08-15T11:07:53.000Z</time>
      </trkpt>
      <trkpt lat="40.99658" lon="-7.96368">
        <ele>1208</ele>
        <time>2026-08-15T11:07:57.000Z</time>
      </trkpt>
      <trkpt lat="40.99605" lon="-7.9635">
        <ele>1208</ele>
        <time>2026-08-15T11:08:01.000Z</time>
      </trkpt>
      <trkpt lat="40.99565" lon="-7.96304">
        <ele>1213</ele>
        <time>2026-08-15T11:08:05.000Z</time>
      </trkpt>
      <trkpt lat="40.99551" lon="-7.96236">
        <ele>1217</ele>
        <time>2026-08-15T11:08:09.000Z</time>
      </trkpt>
      <trkpt lat="40.99551" lon="-7.96169">
        <ele>1219</ele>
        <time>2026-08-15T11:08:13.000Z</time>
      </trkpt>
      <trkpt lat="40.99563" lon="-7.96093">
        <ele>1217</ele>
        <time>2026-08-15T11:08:17.000Z</time>
      </trkpt>
      <trkpt lat="40.99573" lon="-7.96024">
        <ele>1216</ele>
        <time>2026-08-15T11:08:21.000Z</time>
      </trkpt>
      <trkpt lat="40.99579" lon="-7.9596">
        <ele>1214</ele>
        <time>2026-08-15T11:08:25.000Z</time>
      </trkpt>
      <trkpt lat="40.99568" lon="-7.9589">
        <ele>1211</ele>
        <time>2026-08-15T11:08:29.000Z</time>
      </trkpt>
      <trkpt lat="40.99536" lon="-7.95827">
        <ele>1207</ele>
        <time>2026-08-15T11:08:33.000Z</time>
      </trkpt>
      <trkpt lat="40.9949" lon="-7.95771">
        <ele>1204</ele>
        <time>2026-08-15T11:08:37.000Z</time>
      </trkpt>
      <trkpt lat="40.99443" lon="-7.95717">
        <ele>1205</ele>
        <time>2026-08-15T11:08:41.000Z</time>
      </trkpt>
      <trkpt lat="40.99394" lon="-7.9568">
        <ele>1203</ele>
        <time>2026-08-15T11:08:45.000Z</time>
      </trkpt>
      <trkpt lat="40.99339" lon="-7.95653">
        <ele>1199</ele>
        <time>2026-08-15T11:08:49.000Z</time>
      </trkpt>
      <trkpt lat="40.9928" lon="-7.95624">
        <ele>1196</ele>
        <time>2026-08-15T11:08:53.000Z</time>
      </trkpt>
      <trkpt lat="40.99224" lon="-7.95596">
        <ele>1194</ele>
        <time>2026-08-15T11:08:57.000Z</time>
      </trkpt>
      <trkpt lat="40.99172" lon="-7.95563">
        <ele>1192</ele>
        <time>2026-08-15T11:09:01.000Z</time>
      </trkpt>
      <trkpt lat="40.99126" lon="-7.95506">
        <ele>1192</ele>
        <time>2026-08-15T11:09:05.000Z</time>
      </trkpt>
      <trkpt lat="40.99084" lon="-7.95439">
        <ele>1197</ele>
        <time>2026-08-15T11:09:09.000Z</time>
      </trkpt>
      <trkpt lat="40.99043" lon="-7.95374">
        <ele>1204</ele>
        <time>2026-08-15T11:09:13.000Z</time>
      </trkpt>
      <trkpt lat="40.99003" lon="-7.95313">
        <ele>1208</ele>
        <time>2026-08-15T11:09:17.000Z</time>
      </trkpt>
      <trkpt lat="40.98967" lon="-7.9526">
        <ele>1212</ele>
        <time>2026-08-15T11:09:21.000Z</time>
      </trkpt>
      <trkpt lat="40.98931" lon="-7.95226">
        <ele>1213</ele>
        <time>2026-08-15T11:09:25.000Z</time>
      </trkpt>
      <trkpt lat="40.98885" lon="-7.95199">
        <ele>1211</ele>
        <time>2026-08-15T11:09:29.000Z</time>
      </trkpt>
      <trkpt lat="40.98847" lon="-7.95159">
        <ele>1206</ele>
        <time>2026-08-15T11:09:33.000Z</time>
      </trkpt>
      <trkpt lat="40.98821" lon="-7.95096">
        <ele>1200</ele>
        <time>2026-08-15T11:09:37.000Z</time>
      </trkpt>
      <trkpt lat="40.98787" lon="-7.95039">
        <ele>1197</ele>
        <time>2026-08-15T11:09:41.000Z</time>
      </trkpt>
      <trkpt lat="40.98739" lon="-7.9499">
        <ele>1194</ele>
        <time>2026-08-15T11:09:45.000Z</time>
      </trkpt>
      <trkpt lat="40.98688" lon="-7.94947">
        <ele>1193</ele>
        <time>2026-08-15T11:09:49.000Z</time>
      </trkpt>
      <trkpt lat="40.98637" lon="-7.9492">
        <ele>1189</ele>
        <time>2026-08-15T11:09:53.000Z</time>
      </trkpt>
      <trkpt lat="40.98591" lon="-7.9494">
        <ele>1187</ele>
        <time>2026-08-15T11:09:57.000Z</time>
      </trkpt>
      <trkpt lat="40.9856" lon="-7.9498">
        <ele>1185</ele>
        <time>2026-08-15T11:10:01.000Z</time>
      </trkpt>
      <trkpt lat="40.98521" lon="-7.94973">
        <ele>1184</ele>
        <time>2026-08-15T11:10:05.000Z</time>
      </trkpt>
      <trkpt lat="40.98477" lon="-7.94936">
        <ele>1186</ele>
        <time>2026-08-15T11:10:09.000Z</time>
      </trkpt>
      <trkpt lat="40.98426" lon="-7.94901">
        <ele>1190</ele>
        <time>2026-08-15T11:10:13.000Z</time>
      </trkpt>
      <trkpt lat="40.98377" lon="-7.94876">
        <ele>1194</ele>
        <time>2026-08-15T11:10:17.000Z</time>
      </trkpt>
      <trkpt lat="40.98327" lon="-7.94891">
        <ele>1197</ele>
        <time>2026-08-15T11:10:21.000Z</time>
      </trkpt>
      <trkpt lat="40.9827" lon="-7.94917">
        <ele>1201</ele>
        <time>2026-08-15T11:10:25.000Z</time>
      </trkpt>
      <trkpt lat="40.98212" lon="-7.94944">
        <ele>1204</ele>
        <time>2026-08-15T11:10:29.000Z</time>
      </trkpt>
      <trkpt lat="40.98157" lon="-7.94974">
        <ele>1203</ele>
        <time>2026-08-15T11:10:33.000Z</time>
      </trkpt>
      <trkpt lat="40.98099" lon="-7.94992">
        <ele>1203</ele>
        <time>2026-08-15T11:10:37.000Z</time>
      </trkpt>
      <trkpt lat="40.98044" lon="-7.94992">
        <ele>1204</ele>
        <time>2026-08-15T11:10:41.000Z</time>
      </trkpt>
      <trkpt lat="40.97998" lon="-7.94976">
        <ele>1204</ele>
        <time>2026-08-15T11:10:45.000Z</time>
      </trkpt>
      <trkpt lat="40.97958" lon="-7.94936">
        <ele>1207</ele>
        <time>2026-08-15T11:10:49.000Z</time>
      </trkpt>
      <trkpt lat="40.97931" lon="-7.94895">
        <ele>1211</ele>
        <time>2026-08-15T11:10:53.000Z</time>
      </trkpt>
      <trkpt lat="40.97925" lon="-7.94836">
        <ele>1215</ele>
        <time>2026-08-15T11:10:57.000Z</time>
      </trkpt>
      <trkpt lat="40.97917" lon="-7.94768">
        <ele>1219</ele>
        <time>2026-08-15T11:11:01.000Z</time>
      </trkpt>
      <trkpt lat="40.97881" lon="-7.94714">
        <ele>1221</ele>
        <time>2026-08-15T11:11:05.000Z</time>
      </trkpt>
      <trkpt lat="40.97835" lon="-7.94666">
        <ele>1222</ele>
        <time>2026-08-15T11:11:09.000Z</time>
      </trkpt>
      <trkpt lat="40.97787" lon="-7.9462">
        <ele>1222</ele>
        <time>2026-08-15T11:11:13.000Z</time>
      </trkpt>
      <trkpt lat="40.9773" lon="-7.94575">
        <ele>1218</ele>
        <time>2026-08-15T11:11:17.000Z</time>
      </trkpt>
      <trkpt lat="40.97666" lon="-7.94523">
        <ele>1210</ele>
        <time>2026-08-15T11:11:21.000Z</time>
      </trkpt>
      <trkpt lat="40.97598" lon="-7.94468">
        <ele>1203</ele>
        <time>2026-08-15T11:11:25.000Z</time>
      </trkpt>
      <trkpt lat="40.97528" lon="-7.94415">
        <ele>1200</ele>
        <time>2026-08-15T11:11:29.000Z</time>
      </trkpt>
      <trkpt lat="40.97465" lon="-7.94367">
        <ele>1199</ele>
        <time>2026-08-15T11:11:33.000Z</time>
      </trkpt>
      <trkpt lat="40.97412" lon="-7.94328">
        <ele>1202</ele>
        <time>2026-08-15T11:11:37.000Z</time>
      </trkpt>
      <trkpt lat="40.97355" lon="-7.94295">
        <ele>1205</ele>
        <time>2026-08-15T11:11:41.000Z</time>
      </trkpt>
      <trkpt lat="40.97291" lon="-7.94257">
        <ele>1210</ele>
        <time>2026-08-15T11:11:45.000Z</time>
      </trkpt>
      <trkpt lat="40.97233" lon="-7.94224">
        <ele>1212</ele>
        <time>2026-08-15T11:11:49.000Z</time>
      </trkpt>
      <trkpt lat="40.97173" lon="-7.94197">
        <ele>1212</ele>
        <time>2026-08-15T11:11:53.000Z</time>
      </trkpt>
      <trkpt lat="40.9711" lon="-7.94172">
        <ele>1209</ele>
        <time>2026-08-15T11:11:57.000Z</time>
      </trkpt>
      <trkpt lat="40.97063" lon="-7.94144">
        <ele>1208</ele>
        <time>2026-08-15T11:12:01.000Z</time>
      </trkpt>
      <trkpt lat="40.97032" lon="-7.94103">
        <ele>1207</ele>
        <time>2026-08-15T11:12:05.000Z</time>
      </trkpt>
      <trkpt lat="40.96988" lon="-7.94106">
        <ele>1208</ele>
        <time>2026-08-15T11:12:09.000Z</time>
      </trkpt>
      <trkpt lat="40.96939" lon="-7.94109">
        <ele>1208</ele>
        <time>2026-08-15T11:12:13.000Z</time>
      </trkpt>
      <trkpt lat="40.96885" lon="-7.94114">
        <ele>1204</ele>
        <time>2026-08-15T11:12:17.000Z</time>
      </trkpt>
      <trkpt lat="40.9683" lon="-7.9413">
        <ele>1201</ele>
        <time>2026-08-15T11:12:21.000Z</time>
      </trkpt>
      <trkpt lat="40.96782" lon="-7.94164">
        <ele>1197</ele>
        <time>2026-08-15T11:12:25.000Z</time>
      </trkpt>
      <trkpt lat="40.96737" lon="-7.94206">
        <ele>1193</ele>
        <time>2026-08-15T11:12:29.000Z</time>
      </trkpt>
      <trkpt lat="40.96689" lon="-7.94251">
        <ele>1186</ele>
        <time>2026-08-15T11:12:33.000Z</time>
      </trkpt>
      <trkpt lat="40.96637" lon="-7.943">
        <ele>1178</ele>
        <time>2026-08-15T11:12:37.000Z</time>
      </trkpt>
      <trkpt lat="40.96581" lon="-7.94348">
        <ele>1170</ele>
        <time>2026-08-15T11:12:41.000Z</time>
      </trkpt>
      <trkpt lat="40.96523" lon="-7.94396">
        <ele>1165</ele>
        <time>2026-08-15T11:12:45.000Z</time>
      </trkpt>
      <trkpt lat="40.9647" lon="-7.9444">
        <ele>1159</ele>
        <time>2026-08-15T11:12:49.000Z</time>
      </trkpt>
      <trkpt lat="40.96416" lon="-7.94476">
        <ele>1152</ele>
        <time>2026-08-15T11:12:53.000Z</time>
      </trkpt>
      <trkpt lat="40.96352" lon="-7.94497">
        <ele>1147</ele>
        <time>2026-08-15T11:12:57.000Z</time>
      </trkpt>
      <trkpt lat="40.96287" lon="-7.94515">
        <ele>1140</ele>
        <time>2026-08-15T11:13:01.000Z</time>
      </trkpt>
      <trkpt lat="40.96224" lon="-7.9453">
        <ele>1136</ele>
        <time>2026-08-15T11:13:05.000Z</time>
      </trkpt>
      <trkpt lat="40.96162" lon="-7.94539">
        <ele>1128</ele>
        <time>2026-08-15T11:13:09.000Z</time>
      </trkpt>
      <trkpt lat="40.96105" lon="-7.94568">
        <ele>1122</ele>
        <time>2026-08-15T11:13:13.000Z</time>
      </trkpt>
      <trkpt lat="40.96046" lon="-7.94593">
        <ele>1117</ele>
        <time>2026-08-15T11:13:17.000Z</time>
      </trkpt>
      <trkpt lat="40.95989" lon="-7.94604">
        <ele>1112</ele>
        <time>2026-08-15T11:13:21.000Z</time>
      </trkpt>
      <trkpt lat="40.95946" lon="-7.94647">
        <ele>1105</ele>
        <time>2026-08-15T11:13:25.000Z</time>
      </trkpt>
      <trkpt lat="40.95911" lon="-7.94696">
        <ele>1098</ele>
        <time>2026-08-15T11:13:29.000Z</time>
      </trkpt>
      <trkpt lat="40.95863" lon="-7.94725">
        <ele>1091</ele>
        <time>2026-08-15T11:13:33.000Z</time>
      </trkpt>
      <trkpt lat="40.95809" lon="-7.94725">
        <ele>1085</ele>
        <time>2026-08-15T11:13:37.000Z</time>
      </trkpt>
      <trkpt lat="40.95765" lon="-7.94743">
        <ele>1079</ele>
        <time>2026-08-15T11:13:41.000Z</time>
      </trkpt>
      <trkpt lat="40.95761" lon="-7.94779">
        <ele>1075</ele>
        <time>2026-08-15T11:13:45.000Z</time>
      </trkpt>
      <trkpt lat="40.95787" lon="-7.94809">
        <ele>1070</ele>
        <time>2026-08-15T11:13:49.000Z</time>
      </trkpt>
      <trkpt lat="40.95823" lon="-7.94822">
        <ele>1066</ele>
        <time>2026-08-15T11:13:53.000Z</time>
      </trkpt>
      <trkpt lat="40.95853" lon="-7.94834">
        <ele>1064</ele>
        <time>2026-08-15T11:13:57.000Z</time>
      </trkpt>
      <trkpt lat="40.95855" lon="-7.94859">
        <ele>1060</ele>
        <time>2026-08-15T11:14:01.000Z</time>
      </trkpt>
      <trkpt lat="40.95827" lon="-7.94869">
        <ele>1058</ele>
        <time>2026-08-15T11:14:05.000Z</time>
      </trkpt>
      <trkpt lat="40.95797" lon="-7.94875">
        <ele>1054</ele>
        <time>2026-08-15T11:14:09.000Z</time>
      </trkpt>
      <trkpt lat="40.95776" lon="-7.94883">
        <ele>1049</ele>
        <time>2026-08-15T11:14:13.000Z</time>
      </trkpt>
      <trkpt lat="40.95765" lon="-7.94893">
        <ele>1046</ele>
        <time>2026-08-15T11:14:21.000Z</time>
      </trkpt>
      <trkpt lat="40.95737" lon="-7.94887">
        <ele>1047</ele>
        <time>2026-08-15T11:14:25.000Z</time>
      </trkpt>
      <trkpt lat="40.95703" lon="-7.94881">
        <ele>1046</ele>
        <time>2026-08-15T11:14:29.000Z</time>
      </trkpt>
      <trkpt lat="40.9566" lon="-7.94873">
        <ele>1046</ele>
        <time>2026-08-15T11:14:33.000Z</time>
      </trkpt>
      <trkpt lat="40.95615" lon="-7.94881">
        <ele>1044</ele>
        <time>2026-08-15T11:14:37.000Z</time>
      </trkpt>
      <trkpt lat="40.95566" lon="-7.9491">
        <ele>1043</ele>
        <time>2026-08-15T11:14:41.000Z</time>
      </trkpt>
      <trkpt lat="40.95518" lon="-7.94937">
        <ele>1042</ele>
        <time>2026-08-15T11:14:45.000Z</time>
      </trkpt>
      <trkpt lat="40.95462" lon="-7.94943">
        <ele>1040</ele>
        <time>2026-08-15T11:14:49.000Z</time>
      </trkpt>
      <trkpt lat="40.95398" lon="-7.94932">
        <ele>1039</ele>
        <time>2026-08-15T11:14:53.000Z</time>
      </trkpt>
      <trkpt lat="40.95333" lon="-7.94921">
        <ele>1038</ele>
        <time>2026-08-15T11:14:57.000Z</time>
      </trkpt>
      <trkpt lat="40.95268" lon="-7.9491">
        <ele>1035</ele>
        <time>2026-08-15T11:15:01.000Z</time>
      </trkpt>
      <trkpt lat="40.95202" lon="-7.94899">
        <ele>1032</ele>
        <time>2026-08-15T11:15:05.000Z</time>
      </trkpt>
      <trkpt lat="40.95138" lon="-7.94888">
        <ele>1032</ele>
        <time>2026-08-15T11:15:09.000Z</time>
      </trkpt>
      <trkpt lat="40.9508" lon="-7.94878">
        <ele>1031</ele>
        <time>2026-08-15T11:15:13.000Z</time>
      </trkpt>
      <trkpt lat="40.95029" lon="-7.9485">
        <ele>1026</ele>
        <time>2026-08-15T11:15:17.000Z</time>
      </trkpt>
      <trkpt lat="40.94984" lon="-7.94801">
        <ele>1022</ele>
        <time>2026-08-15T11:15:21.000Z</time>
      </trkpt>
      <trkpt lat="40.94949" lon="-7.9475">
        <ele>1021</ele>
        <time>2026-08-15T11:15:25.000Z</time>
      </trkpt>
      <trkpt lat="40.94935" lon="-7.94692">
        <ele>1020</ele>
        <time>2026-08-15T11:15:29.000Z</time>
      </trkpt>
      <trkpt lat="40.94948" lon="-7.94623">
        <ele>1019</ele>
        <time>2026-08-15T11:15:33.000Z</time>
      </trkpt>
      <trkpt lat="40.94957" lon="-7.94555">
        <ele>1015</ele>
        <time>2026-08-15T11:15:37.000Z</time>
      </trkpt>
      <trkpt lat="40.94937" lon="-7.94492">
        <ele>1013</ele>
        <time>2026-08-15T11:15:41.000Z</time>
      </trkpt>
      <trkpt lat="40.94886" lon="-7.94457">
        <ele>1011</ele>
        <time>2026-08-15T11:15:45.000Z</time>
      </trkpt>
      <trkpt lat="40.94823" lon="-7.94449">
        <ele>1008</ele>
        <time>2026-08-15T11:15:49.000Z</time>
      </trkpt>
      <trkpt lat="40.94761" lon="-7.9444">
        <ele>1005</ele>
        <time>2026-08-15T11:15:53.000Z</time>
      </trkpt>
      <trkpt lat="40.94709" lon="-7.94423">
        <ele>1001</ele>
        <time>2026-08-15T11:15:57.000Z</time>
      </trkpt>
      <trkpt lat="40.94684" lon="-7.94368">
        <ele>998</ele>
        <time>2026-08-15T11:16:01.000Z</time>
      </trkpt>
      <trkpt lat="40.94699" lon="-7.94306">
        <ele>995</ele>
        <time>2026-08-15T11:16:05.000Z</time>
      </trkpt>
      <trkpt lat="40.94733" lon="-7.9425">
        <ele>994</ele>
        <time>2026-08-15T11:16:09.000Z</time>
      </trkpt>
      <trkpt lat="40.94736" lon="-7.9418">
        <ele>993</ele>
        <time>2026-08-15T11:16:13.000Z</time>
      </trkpt>
      <trkpt lat="40.94713" lon="-7.9411">
        <ele>991</ele>
        <time>2026-08-15T11:16:17.000Z</time>
      </trkpt>
      <trkpt lat="40.94685" lon="-7.94035">
        <ele>989</ele>
        <time>2026-08-15T11:16:21.000Z</time>
      </trkpt>
      <trkpt lat="40.94658" lon="-7.93961">
        <ele>985</ele>
        <time>2026-08-15T11:16:25.000Z</time>
      </trkpt>
      <trkpt lat="40.9463" lon="-7.93885">
        <ele>980</ele>
        <time>2026-08-15T11:16:29.000Z</time>
      </trkpt>
      <trkpt lat="40.94601" lon="-7.93807">
        <ele>977</ele>
        <time>2026-08-15T11:16:33.000Z</time>
      </trkpt>
      <trkpt lat="40.94572" lon="-7.9373">
        <ele>973</ele>
        <time>2026-08-15T11:16:37.000Z</time>
      </trkpt>
      <trkpt lat="40.94546" lon="-7.93659">
        <ele>970</ele>
        <time>2026-08-15T11:16:41.000Z</time>
      </trkpt>
      <trkpt lat="40.94533" lon="-7.93589">
        <ele>967</ele>
        <time>2026-08-15T11:16:45.000Z</time>
      </trkpt>
      <trkpt lat="40.94542" lon="-7.93516">
        <ele>964</ele>
        <time>2026-08-15T11:16:49.000Z</time>
      </trkpt>
      <trkpt lat="40.94578" lon="-7.93455">
        <ele>960</ele>
        <time>2026-08-15T11:16:53.000Z</time>
      </trkpt>
      <trkpt lat="40.94622" lon="-7.93397">
        <ele>955</ele>
        <time>2026-08-15T11:16:57.000Z</time>
      </trkpt>
      <trkpt lat="40.94667" lon="-7.93338">
        <ele>952</ele>
        <time>2026-08-15T11:17:01.000Z</time>
      </trkpt>
      <trkpt lat="40.94709" lon="-7.93284">
        <ele>949</ele>
        <time>2026-08-15T11:17:05.000Z</time>
      </trkpt>
      <trkpt lat="40.94735" lon="-7.93228">
        <ele>946</ele>
        <time>2026-08-15T11:17:09.000Z</time>
      </trkpt>
      <trkpt lat="40.94731" lon="-7.93161">
        <ele>942</ele>
        <time>2026-08-15T11:17:13.000Z</time>
      </trkpt>
      <trkpt lat="40.94696" lon="-7.93107">
        <ele>937</ele>
        <time>2026-08-15T11:17:17.000Z</time>
      </trkpt>
      <trkpt lat="40.94647" lon="-7.93071">
        <ele>932</ele>
        <time>2026-08-15T11:17:21.000Z</time>
      </trkpt>
      <trkpt lat="40.94593" lon="-7.93032">
        <ele>930</ele>
        <time>2026-08-15T11:17:25.000Z</time>
      </trkpt>
      <trkpt lat="40.94543" lon="-7.92992">
        <ele>926</ele>
        <time>2026-08-15T11:17:29.000Z</time>
      </trkpt>
      <trkpt lat="40.94512" lon="-7.92932">
        <ele>922</ele>
        <time>2026-08-15T11:17:33.000Z</time>
      </trkpt>
      <trkpt lat="40.9449" lon="-7.92855">
        <ele>916</ele>
        <time>2026-08-15T11:17:37.000Z</time>
      </trkpt>
      <trkpt lat="40.94463" lon="-7.92781">
        <ele>912</ele>
        <time>2026-08-15T11:17:41.000Z</time>
      </trkpt>
      <trkpt lat="40.94421" lon="-7.92719">
        <ele>906</ele>
        <time>2026-08-15T11:17:45.000Z</time>
      </trkpt>
      <trkpt lat="40.94364" lon="-7.92677">
        <ele>901</ele>
        <time>2026-08-15T11:17:49.000Z</time>
      </trkpt>
      <trkpt lat="40.94296" lon="-7.92649">
        <ele>897</ele>
        <time>2026-08-15T11:17:53.000Z</time>
      </trkpt>
      <trkpt lat="40.94225" lon="-7.9262">
        <ele>893</ele>
        <time>2026-08-15T11:17:57.000Z</time>
      </trkpt>
      <trkpt lat="40.94157" lon="-7.92592">
        <ele>889</ele>
        <time>2026-08-15T11:18:01.000Z</time>
      </trkpt>
      <trkpt lat="40.94089" lon="-7.92578">
        <ele>883</ele>
        <time>2026-08-15T11:18:05.000Z</time>
      </trkpt>
      <trkpt lat="40.94014" lon="-7.92578">
        <ele>878</ele>
        <time>2026-08-15T11:18:09.000Z</time>
      </trkpt>
      <trkpt lat="40.93937" lon="-7.92578">
        <ele>874</ele>
        <time>2026-08-15T11:18:13.000Z</time>
      </trkpt>
      <trkpt lat="40.93863" lon="-7.92578">
        <ele>871</ele>
        <time>2026-08-15T11:18:17.000Z</time>
      </trkpt>
      <trkpt lat="40.93796" lon="-7.92578">
        <ele>868</ele>
        <time>2026-08-15T11:18:21.000Z</time>
      </trkpt>
      <trkpt lat="40.93737" lon="-7.92563">
        <ele>863</ele>
        <time>2026-08-15T11:18:25.000Z</time>
      </trkpt>
      <trkpt lat="40.93693" lon="-7.92514">
        <ele>859</ele>
        <time>2026-08-15T11:18:29.000Z</time>
      </trkpt>
      <trkpt lat="40.93653" lon="-7.92456">
        <ele>855</ele>
        <time>2026-08-15T11:18:33.000Z</time>
      </trkpt>
      <trkpt lat="40.93622" lon="-7.92401">
        <ele>853</ele>
        <time>2026-08-15T11:18:37.000Z</time>
      </trkpt>
      <trkpt lat="40.93617" lon="-7.92339">
        <ele>850</ele>
        <time>2026-08-15T11:18:41.000Z</time>
      </trkpt>
      <trkpt lat="40.93638" lon="-7.9228">
        <ele>846</ele>
        <time>2026-08-15T11:18:45.000Z</time>
      </trkpt>
      <trkpt lat="40.93683" lon="-7.92236">
        <ele>843</ele>
        <time>2026-08-15T11:18:49.000Z</time>
      </trkpt>
      <trkpt lat="40.93733" lon="-7.92187">
        <ele>838</ele>
        <time>2026-08-15T11:18:53.000Z</time>
      </trkpt>
      <trkpt lat="40.93784" lon="-7.92138">
        <ele>833</ele>
        <time>2026-08-15T11:18:57.000Z</time>
      </trkpt>
      <trkpt lat="40.93832" lon="-7.92091">
        <ele>828</ele>
        <time>2026-08-15T11:19:01.000Z</time>
      </trkpt>
      <trkpt lat="40.93877" lon="-7.92047">
        <ele>826</ele>
        <time>2026-08-15T11:19:05.000Z</time>
      </trkpt>
      <trkpt lat="40.93896" lon="-7.91988">
        <ele>822</ele>
        <time>2026-08-15T11:19:09.000Z</time>
      </trkpt>
      <trkpt lat="40.93885" lon="-7.9193">
        <ele>819</ele>
        <time>2026-08-15T11:19:13.000Z</time>
      </trkpt>
      <trkpt lat="40.9384" lon="-7.91891">
        <ele>818</ele>
        <time>2026-08-15T11:19:17.000Z</time>
      </trkpt>
      <trkpt lat="40.9378" lon="-7.91869">
        <ele>818</ele>
        <time>2026-08-15T11:19:21.000Z</time>
      </trkpt>
      <trkpt lat="40.93717" lon="-7.91846">
        <ele>820</ele>
        <time>2026-08-15T11:19:25.000Z</time>
      </trkpt>
      <trkpt lat="40.93657" lon="-7.91825">
        <ele>823</ele>
        <time>2026-08-15T11:19:29.000Z</time>
      </trkpt>
      <trkpt lat="40.93597" lon="-7.91803">
        <ele>825</ele>
        <time>2026-08-15T11:19:33.000Z</time>
      </trkpt>
      <trkpt lat="40.93534" lon="-7.91787">
        <ele>828</ele>
        <time>2026-08-15T11:19:37.000Z</time>
      </trkpt>
      <trkpt lat="40.93467" lon="-7.91773">
        <ele>830</ele>
        <time>2026-08-15T11:19:41.000Z</time>
      </trkpt>
      <trkpt lat="40.934" lon="-7.91758">
        <ele>834</ele>
        <time>2026-08-15T11:19:45.000Z</time>
      </trkpt>
      <trkpt lat="40.93341" lon="-7.91735">
        <ele>837</ele>
        <time>2026-08-15T11:19:49.000Z</time>
      </trkpt>
      <trkpt lat="40.93284" lon="-7.91693">
        <ele>839</ele>
        <time>2026-08-15T11:19:53.000Z</time>
      </trkpt>
      <trkpt lat="40.93226" lon="-7.9165">
        <ele>842</ele>
        <time>2026-08-15T11:19:57.000Z</time>
      </trkpt>
      <trkpt lat="40.93165" lon="-7.91631">
        <ele>845</ele>
        <time>2026-08-15T11:20:01.000Z</time>
      </trkpt>
      <trkpt lat="40.93102" lon="-7.91639">
        <ele>848</ele>
        <time>2026-08-15T11:20:05.000Z</time>
      </trkpt>
      <trkpt lat="40.93047" lon="-7.91644">
        <ele>852</ele>
        <time>2026-08-15T11:20:09.000Z</time>
      </trkpt>
      <trkpt lat="40.93011" lon="-7.91617">
        <ele>853</ele>
        <time>2026-08-15T11:20:13.000Z</time>
      </trkpt>
      <trkpt lat="40.92993" lon="-7.91586">
        <ele>851</ele>
        <time>2026-08-15T11:20:17.000Z</time>
      </trkpt>
      <trkpt lat="40.92985" lon="-7.91568">
        <ele>850</ele>
        <time>2026-08-15T11:20:21.000Z</time>
      </trkpt>
      <trkpt lat="40.92984" lon="-7.91554">
        <ele>848</ele>
        <time>2026-08-15T11:20:29.000Z</time>
      </trkpt>
      <trkpt lat="40.92999" lon="-7.91533">
        <ele>847</ele>
        <time>2026-08-15T11:20:33.000Z</time>
      </trkpt>
      <trkpt lat="40.93025" lon="-7.91504">
        <ele>848</ele>
        <time>2026-08-15T11:20:37.000Z</time>
      </trkpt>
      <trkpt lat="40.93058" lon="-7.91472">
        <ele>850</ele>
        <time>2026-08-15T11:20:41.000Z</time>
      </trkpt>
      <trkpt lat="40.93093" lon="-7.91441">
        <ele>854</ele>
        <time>2026-08-15T11:20:45.000Z</time>
      </trkpt>
      <trkpt lat="40.93132" lon="-7.91403">
        <ele>858</ele>
        <time>2026-08-15T11:20:49.000Z</time>
      </trkpt>
      <trkpt lat="40.93174" lon="-7.91359">
        <ele>862</ele>
        <time>2026-08-15T11:20:53.000Z</time>
      </trkpt>
      <trkpt lat="40.93219" lon="-7.91312">
        <ele>865</ele>
        <time>2026-08-15T11:20:57.000Z</time>
      </trkpt>
      <trkpt lat="40.93266" lon="-7.91264">
        <ele>868</ele>
        <time>2026-08-15T11:21:01.000Z</time>
      </trkpt>
      <trkpt lat="40.93314" lon="-7.91214">
        <ele>871</ele>
        <time>2026-08-15T11:21:05.000Z</time>
      </trkpt>
      <trkpt lat="40.93363" lon="-7.91162">
        <ele>876</ele>
        <time>2026-08-15T11:21:09.000Z</time>
      </trkpt>
      <trkpt lat="40.93415" lon="-7.91107">
        <ele>876</ele>
        <time>2026-08-15T11:21:13.000Z</time>
      </trkpt>
      <trkpt lat="40.93473" lon="-7.91075">
        <ele>877</ele>
        <time>2026-08-15T11:21:17.000Z</time>
      </trkpt>
      <trkpt lat="40.93532" lon="-7.91073">
        <ele>879</ele>
        <time>2026-08-15T11:21:21.000Z</time>
      </trkpt>
      <trkpt lat="40.93592" lon="-7.91101">
        <ele>880</ele>
        <time>2026-08-15T11:21:25.000Z</time>
      </trkpt>
      <trkpt lat="40.93653" lon="-7.91134">
        <ele>882</ele>
        <time>2026-08-15T11:21:29.000Z</time>
      </trkpt>
      <trkpt lat="40.93711" lon="-7.91166">
        <ele>886</ele>
        <time>2026-08-15T11:21:33.000Z</time>
      </trkpt>
      <trkpt lat="40.93764" lon="-7.91192">
        <ele>891</ele>
        <time>2026-08-15T11:21:37.000Z</time>
      </trkpt>
      <trkpt lat="40.93811" lon="-7.91207">
        <ele>892</ele>
        <time>2026-08-15T11:21:41.000Z</time>
      </trkpt>
      <trkpt lat="40.93853" lon="-7.91206">
        <ele>895</ele>
        <time>2026-08-15T11:21:45.000Z</time>
      </trkpt>
      <trkpt lat="40.93862" lon="-7.91175">
        <ele>897</ele>
        <time>2026-08-15T11:21:49.000Z</time>
      </trkpt>
      <trkpt lat="40.93833" lon="-7.91149">
        <ele>897</ele>
        <time>2026-08-15T11:21:53.000Z</time>
      </trkpt>
      <trkpt lat="40.93792" lon="-7.91127">
        <ele>899</ele>
        <time>2026-08-15T11:21:57.000Z</time>
      </trkpt>
      <trkpt lat="40.93751" lon="-7.91103">
        <ele>903</ele>
        <time>2026-08-15T11:22:01.000Z</time>
      </trkpt>
      <trkpt lat="40.93714" lon="-7.91064">
        <ele>906</ele>
        <time>2026-08-15T11:22:05.000Z</time>
      </trkpt>
      <trkpt lat="40.9368" lon="-7.9101">
        <ele>909</ele>
        <time>2026-08-15T11:22:09.000Z</time>
      </trkpt>
      <trkpt lat="40.93647" lon="-7.90958">
        <ele>911</ele>
        <time>2026-08-15T11:22:13.000Z</time>
      </trkpt>
      <trkpt lat="40.93606" lon="-7.90937">
        <ele>910</ele>
        <time>2026-08-15T11:22:17.000Z</time>
      </trkpt>
      <trkpt lat="40.93556" lon="-7.9096">
        <ele>908</ele>
        <time>2026-08-15T11:22:21.000Z</time>
      </trkpt>
      <trkpt lat="40.93499" lon="-7.90995">
        <ele>902</ele>
        <time>2026-08-15T11:22:25.000Z</time>
      </trkpt>
      <trkpt lat="40.93432" lon="-7.91037">
        <ele>898</ele>
        <time>2026-08-15T11:22:29.000Z</time>
      </trkpt>
      <trkpt lat="40.93366" lon="-7.91086">
        <ele>895</ele>
        <time>2026-08-15T11:22:33.000Z</time>
      </trkpt>
      <trkpt lat="40.93296" lon="-7.91141">
        <ele>891</ele>
        <time>2026-08-15T11:22:37.000Z</time>
      </trkpt>
      <trkpt lat="40.93224" lon="-7.91202">
        <ele>886</ele>
        <time>2026-08-15T11:22:41.000Z</time>
      </trkpt>
      <trkpt lat="40.93149" lon="-7.91264">
        <ele>881</ele>
        <time>2026-08-15T11:22:45.000Z</time>
      </trkpt>
      <trkpt lat="40.93071" lon="-7.9133">
        <ele>876</ele>
        <time>2026-08-15T11:22:49.000Z</time>
      </trkpt>
      <trkpt lat="40.92988" lon="-7.91399">
        <ele>869</ele>
        <time>2026-08-15T11:22:53.000Z</time>
      </trkpt>
      <trkpt lat="40.92903" lon="-7.9147">
        <ele>861</ele>
        <time>2026-08-15T11:22:57.000Z</time>
      </trkpt>
      <trkpt lat="40.92815" lon="-7.91543">
        <ele>853</ele>
        <time>2026-08-15T11:23:01.000Z</time>
      </trkpt>
      <trkpt lat="40.92728" lon="-7.91618">
        <ele>846</ele>
        <time>2026-08-15T11:23:05.000Z</time>
      </trkpt>
      <trkpt lat="40.92639" lon="-7.91689">
        <ele>839</ele>
        <time>2026-08-15T11:23:09.000Z</time>
      </trkpt>
      <trkpt lat="40.9255" lon="-7.91746">
        <ele>830</ele>
        <time>2026-08-15T11:23:13.000Z</time>
      </trkpt>
      <trkpt lat="40.92456" lon="-7.91782">
        <ele>822</ele>
        <time>2026-08-15T11:23:17.000Z</time>
      </trkpt>
      <trkpt lat="40.92361" lon="-7.918">
        <ele>812</ele>
        <time>2026-08-15T11:23:21.000Z</time>
      </trkpt>
      <trkpt lat="40.92265" lon="-7.91787">
        <ele>808</ele>
        <time>2026-08-15T11:23:25.000Z</time>
      </trkpt>
      <trkpt lat="40.9217" lon="-7.91754">
        <ele>803</ele>
        <time>2026-08-15T11:23:29.000Z</time>
      </trkpt>
      <trkpt lat="40.92081" lon="-7.91702">
        <ele>796</ele>
        <time>2026-08-15T11:23:33.000Z</time>
      </trkpt>
      <trkpt lat="40.91999" lon="-7.91628">
        <ele>786</ele>
        <time>2026-08-15T11:23:37.000Z</time>
      </trkpt>
      <trkpt lat="40.91918" lon="-7.91547">
        <ele>777</ele>
        <time>2026-08-15T11:23:41.000Z</time>
      </trkpt>
      <trkpt lat="40.91838" lon="-7.91467">
        <ele>769</ele>
        <time>2026-08-15T11:23:45.000Z</time>
      </trkpt>
      <trkpt lat="40.91759" lon="-7.91388">
        <ele>764</ele>
        <time>2026-08-15T11:23:49.000Z</time>
      </trkpt>
      <trkpt lat="40.91681" lon="-7.91308">
        <ele>755</ele>
        <time>2026-08-15T11:23:53.000Z</time>
      </trkpt>
      <trkpt lat="40.916" lon="-7.91225">
        <ele>745</ele>
        <time>2026-08-15T11:23:57.000Z</time>
      </trkpt>
      <trkpt lat="40.9152" lon="-7.9114">
        <ele>737</ele>
        <time>2026-08-15T11:24:01.000Z</time>
      </trkpt>
      <trkpt lat="40.91443" lon="-7.91058">
        <ele>731</ele>
        <time>2026-08-15T11:24:05.000Z</time>
      </trkpt>
      <trkpt lat="40.91367" lon="-7.90979">
        <ele>721</ele>
        <time>2026-08-15T11:24:09.000Z</time>
      </trkpt>
      <trkpt lat="40.91289" lon="-7.90895">
        <ele>713</ele>
        <time>2026-08-15T11:24:13.000Z</time>
      </trkpt>
      <trkpt lat="40.91205" lon="-7.90812">
        <ele>704</ele>
        <time>2026-08-15T11:24:17.000Z</time>
      </trkpt>
      <trkpt lat="40.91118" lon="-7.90733">
        <ele>696</ele>
        <time>2026-08-15T11:24:21.000Z</time>
      </trkpt>
      <trkpt lat="40.9102" lon="-7.90672">
        <ele>687</ele>
        <time>2026-08-15T11:24:25.000Z</time>
      </trkpt>
      <trkpt lat="40.90919" lon="-7.90637">
        <ele>678</ele>
        <time>2026-08-15T11:24:29.000Z</time>
      </trkpt>
      <trkpt lat="40.90814" lon="-7.90633">
        <ele>668</ele>
        <time>2026-08-15T11:24:33.000Z</time>
      </trkpt>
      <trkpt lat="40.90711" lon="-7.9066">
        <ele>660</ele>
        <time>2026-08-15T11:24:37.000Z</time>
      </trkpt>
      <trkpt lat="40.90615" lon="-7.90718">
        <ele>651</ele>
        <time>2026-08-15T11:24:41.000Z</time>
      </trkpt>
      <trkpt lat="40.90529" lon="-7.90798">
        <ele>643</ele>
        <time>2026-08-15T11:24:45.000Z</time>
      </trkpt>
      <trkpt lat="40.90457" lon="-7.90892">
        <ele>635</ele>
        <time>2026-08-15T11:24:49.000Z</time>
      </trkpt>
      <trkpt lat="40.90387" lon="-7.90982">
        <ele>631</ele>
        <time>2026-08-15T11:24:53.000Z</time>
      </trkpt>
      <trkpt lat="40.90315" lon="-7.91073">
        <ele>626</ele>
        <time>2026-08-15T11:24:57.000Z</time>
      </trkpt>
      <trkpt lat="40.90242" lon="-7.91156">
        <ele>623</ele>
        <time>2026-08-15T11:25:01.000Z</time>
      </trkpt>
      <trkpt lat="40.90163" lon="-7.91226">
        <ele>619</ele>
        <time>2026-08-15T11:25:05.000Z</time>
      </trkpt>
      <trkpt lat="40.90078" lon="-7.91282">
        <ele>616</ele>
        <time>2026-08-15T11:25:09.000Z</time>
      </trkpt>
      <trkpt lat="40.89993" lon="-7.91337">
        <ele>613</ele>
        <time>2026-08-15T11:25:13.000Z</time>
      </trkpt>
      <trkpt lat="40.89915" lon="-7.91387">
        <ele>611</ele>
        <time>2026-08-15T11:25:17.000Z</time>
      </trkpt>
      <trkpt lat="40.89844" lon="-7.91432">
        <ele>607</ele>
        <time>2026-08-15T11:25:21.000Z</time>
      </trkpt>
      <trkpt lat="40.89773" lon="-7.91477">
        <ele>603</ele>
        <time>2026-08-15T11:25:25.000Z</time>
      </trkpt>
      <trkpt lat="40.897" lon="-7.91523">
        <ele>599</ele>
        <time>2026-08-15T11:25:29.000Z</time>
      </trkpt>
      <trkpt lat="40.89124" lon="-7.91883">
        <ele>580</ele>
        <time>2026-08-15T11:25:56.000Z</time>
      </trkpt>
      <trkpt lat="40.89038" lon="-7.91935">
        <ele>580</ele>
        <time>2026-08-15T11:26:00.000Z</time>
      </trkpt>
      <trkpt lat="40.88955" lon="-7.91985">
        <ele>578</ele>
        <time>2026-08-15T11:26:04.000Z</time>
      </trkpt>
      <trkpt lat="40.88872" lon="-7.92036">
        <ele>574</ele>
        <time>2026-08-15T11:26:08.000Z</time>
      </trkpt>
      <trkpt lat="40.88786" lon="-7.92082">
        <ele>571</ele>
        <time>2026-08-15T11:26:12.000Z</time>
      </trkpt>
      <trkpt lat="40.88693" lon="-7.92104">
        <ele>571</ele>
        <time>2026-08-15T11:26:16.000Z</time>
      </trkpt>
      <trkpt lat="40.88599" lon="-7.92097">
        <ele>573</ele>
        <time>2026-08-15T11:26:20.000Z</time>
      </trkpt>
      <trkpt lat="40.88507" lon="-7.92078">
        <ele>578</ele>
        <time>2026-08-15T11:26:24.000Z</time>
      </trkpt>
      <trkpt lat="40.88416" lon="-7.92054">
        <ele>583</ele>
        <time>2026-08-15T11:26:28.000Z</time>
      </trkpt>
      <trkpt lat="40.88327" lon="-7.9203">
        <ele>589</ele>
        <time>2026-08-15T11:26:32.000Z</time>
      </trkpt>
      <trkpt lat="40.88237" lon="-7.92006">
        <ele>596</ele>
        <time>2026-08-15T11:26:36.000Z</time>
      </trkpt>
      <trkpt lat="40.88144" lon="-7.91987">
        <ele>603</ele>
        <time>2026-08-15T11:26:40.000Z</time>
      </trkpt>
      <trkpt lat="40.88048" lon="-7.91987">
        <ele>610</ele>
        <time>2026-08-15T11:26:44.000Z</time>
      </trkpt>
      <trkpt lat="40.87948" lon="-7.92012">
        <ele>617</ele>
        <time>2026-08-15T11:26:48.000Z</time>
      </trkpt>
      <trkpt lat="40.87848" lon="-7.92044">
        <ele>622</ele>
        <time>2026-08-15T11:26:52.000Z</time>
      </trkpt>
      <trkpt lat="40.87746" lon="-7.92077">
        <ele>626</ele>
        <time>2026-08-15T11:26:56.000Z</time>
      </trkpt>
      <trkpt lat="40.87643" lon="-7.92112">
        <ele>628</ele>
        <time>2026-08-15T11:27:00.000Z</time>
      </trkpt>
      <trkpt lat="40.8754" lon="-7.9216">
        <ele>627</ele>
        <time>2026-08-15T11:27:04.000Z</time>
      </trkpt>
      <trkpt lat="40.87444" lon="-7.92236">
        <ele>624</ele>
        <time>2026-08-15T11:27:08.000Z</time>
      </trkpt>
      <trkpt lat="40.87348" lon="-7.92318">
        <ele>622</ele>
        <time>2026-08-15T11:27:12.000Z</time>
      </trkpt>
      <trkpt lat="40.87253" lon="-7.924">
        <ele>620</ele>
        <time>2026-08-15T11:27:16.000Z</time>
      </trkpt>
      <trkpt lat="40.87159" lon="-7.9248">
        <ele>619</ele>
        <time>2026-08-15T11:27:20.000Z</time>
      </trkpt>
      <trkpt lat="40.87065" lon="-7.9256">
        <ele>617</ele>
        <time>2026-08-15T11:27:24.000Z</time>
      </trkpt>
      <trkpt lat="40.86973" lon="-7.92639">
        <ele>615</ele>
        <time>2026-08-15T11:27:28.000Z</time>
      </trkpt>
      <trkpt lat="40.8688" lon="-7.92709">
        <ele>613</ele>
        <time>2026-08-15T11:27:32.000Z</time>
      </trkpt>
      <trkpt lat="40.8678" lon="-7.92748">
        <ele>612</ele>
        <time>2026-08-15T11:27:36.000Z</time>
      </trkpt>
      <trkpt lat="40.86679" lon="-7.92753">
        <ele>611</ele>
        <time>2026-08-15T11:27:40.000Z</time>
      </trkpt>
      <trkpt lat="40.8658" lon="-7.92735">
        <ele>609</ele>
        <time>2026-08-15T11:27:44.000Z</time>
      </trkpt>
      <trkpt lat="40.86481" lon="-7.9272">
        <ele>607</ele>
        <time>2026-08-15T11:27:48.000Z</time>
      </trkpt>
      <trkpt lat="40.86381" lon="-7.9272">
        <ele>605</ele>
        <time>2026-08-15T11:27:52.000Z</time>
      </trkpt>
      <trkpt lat="40.8628" lon="-7.92747">
        <ele>603</ele>
        <time>2026-08-15T11:27:56.000Z</time>
      </trkpt>
      <trkpt lat="40.86181" lon="-7.92791">
        <ele>602</ele>
        <time>2026-08-15T11:28:00.000Z</time>
      </trkpt>
      <trkpt lat="40.86083" lon="-7.92836">
        <ele>601</ele>
        <time>2026-08-15T11:28:04.000Z</time>
      </trkpt>
      <trkpt lat="40.85984" lon="-7.92879">
        <ele>599</ele>
        <time>2026-08-15T11:28:08.000Z</time>
      </trkpt>
      <trkpt lat="40.85881" lon="-7.92914">
        <ele>596</ele>
        <time>2026-08-15T11:28:12.000Z</time>
      </trkpt>
      <trkpt lat="40.85773" lon="-7.92931">
        <ele>593</ele>
        <time>2026-08-15T11:28:16.000Z</time>
      </trkpt>
      <trkpt lat="40.85667" lon="-7.92928">
        <ele>587</ele>
        <time>2026-08-15T11:28:20.000Z</time>
      </trkpt>
      <trkpt lat="40.85563" lon="-7.92907">
        <ele>581</ele>
        <time>2026-08-15T11:28:24.000Z</time>
      </trkpt>
      <trkpt lat="40.85461" lon="-7.92872">
        <ele>574</ele>
        <time>2026-08-15T11:28:28.000Z</time>
      </trkpt>
      <trkpt lat="40.85357" lon="-7.92829">
        <ele>567</ele>
        <time>2026-08-15T11:28:32.000Z</time>
      </trkpt>
      <trkpt lat="40.85249" lon="-7.92795">
        <ele>560</ele>
        <time>2026-08-15T11:28:36.000Z</time>
      </trkpt>
      <trkpt lat="40.85139" lon="-7.92776">
        <ele>554</ele>
        <time>2026-08-15T11:28:40.000Z</time>
      </trkpt>
      <trkpt lat="40.8503" lon="-7.92763">
        <ele>551</ele>
        <time>2026-08-15T11:28:44.000Z</time>
      </trkpt>
      <trkpt lat="40.84922" lon="-7.9275">
        <ele>547</ele>
        <time>2026-08-15T11:28:48.000Z</time>
      </trkpt>
      <trkpt lat="40.84814" lon="-7.92737">
        <ele>543</ele>
        <time>2026-08-15T11:28:52.000Z</time>
      </trkpt>
      <trkpt lat="40.84706" lon="-7.92725">
        <ele>540</ele>
        <time>2026-08-15T11:28:56.000Z</time>
      </trkpt>
      <trkpt lat="40.84595" lon="-7.92712">
        <ele>536</ele>
        <time>2026-08-15T11:29:00.000Z</time>
      </trkpt>
      <trkpt lat="40.84483" lon="-7.92699">
        <ele>532</ele>
        <time>2026-08-15T11:29:04.000Z</time>
      </trkpt>
      <trkpt lat="40.84372" lon="-7.92691">
        <ele>532</ele>
        <time>2026-08-15T11:29:08.000Z</time>
      </trkpt>
      <trkpt lat="40.84262" lon="-7.92706">
        <ele>533</ele>
        <time>2026-08-15T11:29:12.000Z</time>
      </trkpt>
      <trkpt lat="40.84157" lon="-7.92751">
        <ele>536</ele>
        <time>2026-08-15T11:29:16.000Z</time>
      </trkpt>
      <trkpt lat="40.84065" lon="-7.92825">
        <ele>545</ele>
        <time>2026-08-15T11:29:20.000Z</time>
      </trkpt>
      <trkpt lat="40.83988" lon="-7.9292">
        <ele>553</ele>
        <time>2026-08-15T11:29:24.000Z</time>
      </trkpt>
      <trkpt lat="40.83919" lon="-7.93023">
        <ele>559</ele>
        <time>2026-08-15T11:29:28.000Z</time>
      </trkpt>
      <trkpt lat="40.83853" lon="-7.93129">
        <ele>565</ele>
        <time>2026-08-15T11:29:32.000Z</time>
      </trkpt>
      <trkpt lat="40.83788" lon="-7.93236">
        <ele>570</ele>
        <time>2026-08-15T11:29:36.000Z</time>
      </trkpt>
      <trkpt lat="40.83722" lon="-7.93344">
        <ele>572</ele>
        <time>2026-08-15T11:29:40.000Z</time>
      </trkpt>
      <trkpt lat="40.83657" lon="-7.93451">
        <ele>572</ele>
        <time>2026-08-15T11:29:44.000Z</time>
      </trkpt>
      <trkpt lat="40.8359" lon="-7.93556">
        <ele>568</ele>
        <time>2026-08-15T11:29:48.000Z</time>
      </trkpt>
      <trkpt lat="40.83515" lon="-7.93648">
        <ele>567</ele>
        <time>2026-08-15T11:29:52.000Z</time>
      </trkpt>
      <trkpt lat="40.8343" lon="-7.93716">
        <ele>565</ele>
        <time>2026-08-15T11:29:56.000Z</time>
      </trkpt>
      <trkpt lat="40.83337" lon="-7.93759">
        <ele>564</ele>
        <time>2026-08-15T11:30:00.000Z</time>
      </trkpt>
      <trkpt lat="40.83238" lon="-7.93776">
        <ele>563</ele>
        <time>2026-08-15T11:30:04.000Z</time>
      </trkpt>
      <trkpt lat="40.83138" lon="-7.93762">
        <ele>563</ele>
        <time>2026-08-15T11:30:08.000Z</time>
      </trkpt>
      <trkpt lat="40.8304" lon="-7.93724">
        <ele>562</ele>
        <time>2026-08-15T11:30:12.000Z</time>
      </trkpt>
      <trkpt lat="40.82943" lon="-7.93677">
        <ele>559</ele>
        <time>2026-08-15T11:30:16.000Z</time>
      </trkpt>
      <trkpt lat="40.82845" lon="-7.93629">
        <ele>555</ele>
        <time>2026-08-15T11:30:20.000Z</time>
      </trkpt>
      <trkpt lat="40.82747" lon="-7.9358">
        <ele>548</ele>
        <time>2026-08-15T11:30:24.000Z</time>
      </trkpt>
      <trkpt lat="40.82648" lon="-7.93545">
        <ele>542</ele>
        <time>2026-08-15T11:30:28.000Z</time>
      </trkpt>
      <trkpt lat="40.8255" lon="-7.93535">
        <ele>536</ele>
        <time>2026-08-15T11:30:32.000Z</time>
      </trkpt>
      <trkpt lat="40.82458" lon="-7.93552">
        <ele>531</ele>
        <time>2026-08-15T11:30:36.000Z</time>
      </trkpt>
      <trkpt lat="40.82369" lon="-7.93597">
        <ele>525</ele>
        <time>2026-08-15T11:30:40.000Z</time>
      </trkpt>
      <trkpt lat="40.82285" lon="-7.93668">
        <ele>525</ele>
        <time>2026-08-15T11:30:44.000Z</time>
      </trkpt>
      <trkpt lat="40.82205" lon="-7.93756">
        <ele>525</ele>
        <time>2026-08-15T11:30:48.000Z</time>
      </trkpt>
      <trkpt lat="40.82128" lon="-7.93847">
        <ele>526</ele>
        <time>2026-08-15T11:30:52.000Z</time>
      </trkpt>
      <trkpt lat="40.82045" lon="-7.93925">
        <ele>527</ele>
        <time>2026-08-15T11:30:56.000Z</time>
      </trkpt>
      <trkpt lat="40.81951" lon="-7.93978">
        <ele>528</ele>
        <time>2026-08-15T11:31:00.000Z</time>
      </trkpt>
      <trkpt lat="40.81851" lon="-7.94003">
        <ele>529</ele>
        <time>2026-08-15T11:31:04.000Z</time>
      </trkpt>
      <trkpt lat="40.81749" lon="-7.93994">
        <ele>531</ele>
        <time>2026-08-15T11:31:08.000Z</time>
      </trkpt>
      <trkpt lat="40.81651" lon="-7.93957">
        <ele>531</ele>
        <time>2026-08-15T11:31:12.000Z</time>
      </trkpt>
      <trkpt lat="40.81553" lon="-7.93909">
        <ele>528</ele>
        <time>2026-08-15T11:31:16.000Z</time>
      </trkpt>
      <trkpt lat="40.81451" lon="-7.93875">
        <ele>523</ele>
        <time>2026-08-15T11:31:20.000Z</time>
      </trkpt>
      <trkpt lat="40.81346" lon="-7.93869">
        <ele>518</ele>
        <time>2026-08-15T11:31:24.000Z</time>
      </trkpt>
      <trkpt lat="40.81241" lon="-7.93878">
        <ele>513</ele>
        <time>2026-08-15T11:31:28.000Z</time>
      </trkpt>
      <trkpt lat="40.81137" lon="-7.93879">
        <ele>507</ele>
        <time>2026-08-15T11:31:32.000Z</time>
      </trkpt>
      <trkpt lat="40.81034" lon="-7.93859">
        <ele>501</ele>
        <time>2026-08-15T11:31:36.000Z</time>
      </trkpt>
      <trkpt lat="40.80936" lon="-7.93809">
        <ele>495</ele>
        <time>2026-08-15T11:31:40.000Z</time>
      </trkpt>
      <trkpt lat="40.80849" lon="-7.93729">
        <ele>490</ele>
        <time>2026-08-15T11:31:44.000Z</time>
      </trkpt>
      <trkpt lat="40.80777" lon="-7.93627">
        <ele>484</ele>
        <time>2026-08-15T11:31:48.000Z</time>
      </trkpt>
      <trkpt lat="40.80717" lon="-7.93513">
        <ele>479</ele>
        <time>2026-08-15T11:31:52.000Z</time>
      </trkpt>
      <trkpt lat="40.80656" lon="-7.93398">
        <ele>472</ele>
        <time>2026-08-15T11:31:56.000Z</time>
      </trkpt>
      <trkpt lat="40.80577" lon="-7.933">
        <ele>465</ele>
        <time>2026-08-15T11:32:00.000Z</time>
      </trkpt>
      <trkpt lat="40.8048" lon="-7.9323">
        <ele>459</ele>
        <time>2026-08-15T11:32:04.000Z</time>
      </trkpt>
      <trkpt lat="40.80373" lon="-7.93194">
        <ele>452</ele>
        <time>2026-08-15T11:32:08.000Z</time>
      </trkpt>
      <trkpt lat="40.80267" lon="-7.93164">
        <ele>446</ele>
        <time>2026-08-15T11:32:12.000Z</time>
      </trkpt>
      <trkpt lat="40.80165" lon="-7.93106">
        <ele>441</ele>
        <time>2026-08-15T11:32:16.000Z</time>
      </trkpt>
      <trkpt lat="40.80071" lon="-7.93028">
        <ele>434</ele>
        <time>2026-08-15T11:32:20.000Z</time>
      </trkpt>
      <trkpt lat="40.7998" lon="-7.92947">
        <ele>430</ele>
        <time>2026-08-15T11:32:24.000Z</time>
      </trkpt>
      <trkpt lat="40.79889" lon="-7.92868">
        <ele>430</ele>
        <time>2026-08-15T11:32:28.000Z</time>
      </trkpt>
      <trkpt lat="40.79796" lon="-7.92807">
        <ele>430</ele>
        <time>2026-08-15T11:32:32.000Z</time>
      </trkpt>
      <trkpt lat="40.79694" lon="-7.92777">
        <ele>432</ele>
        <time>2026-08-15T11:32:36.000Z</time>
      </trkpt>
      <trkpt lat="40.7959" lon="-7.92779">
        <ele>436</ele>
        <time>2026-08-15T11:32:40.000Z</time>
      </trkpt>
      <trkpt lat="40.79487" lon="-7.92809">
        <ele>442</ele>
        <time>2026-08-15T11:32:44.000Z</time>
      </trkpt>
      <trkpt lat="40.79384" lon="-7.92843">
        <ele>448</ele>
        <time>2026-08-15T11:32:48.000Z</time>
      </trkpt>
      <trkpt lat="40.7928" lon="-7.92868">
        <ele>455</ele>
        <time>2026-08-15T11:32:52.000Z</time>
      </trkpt>
      <trkpt lat="40.79176" lon="-7.92878">
        <ele>462</ele>
        <time>2026-08-15T11:32:56.000Z</time>
      </trkpt>
      <trkpt lat="40.79071" lon="-7.92872">
        <ele>467</ele>
        <time>2026-08-15T11:33:00.000Z</time>
      </trkpt>
      <trkpt lat="40.78965" lon="-7.92863">
        <ele>474</ele>
        <time>2026-08-15T11:33:04.000Z</time>
      </trkpt>
      <trkpt lat="40.78862" lon="-7.92855">
        <ele>480</ele>
        <time>2026-08-15T11:33:08.000Z</time>
      </trkpt>
      <trkpt lat="40.78759" lon="-7.92846">
        <ele>486</ele>
        <time>2026-08-15T11:33:12.000Z</time>
      </trkpt>
      <trkpt lat="40.78655" lon="-7.92837">
        <ele>491</ele>
        <time>2026-08-15T11:33:16.000Z</time>
      </trkpt>
      <trkpt lat="40.7855" lon="-7.92829">
        <ele>497</ele>
        <time>2026-08-15T11:33:20.000Z</time>
      </trkpt>
      <trkpt lat="40.78446" lon="-7.92824">
        <ele>502</ele>
        <time>2026-08-15T11:33:24.000Z</time>
      </trkpt>
      <trkpt lat="40.78343" lon="-7.92818">
        <ele>508</ele>
        <time>2026-08-15T11:33:28.000Z</time>
      </trkpt>
      <trkpt lat="40.78238" lon="-7.92813">
        <ele>513</ele>
        <time>2026-08-15T11:33:32.000Z</time>
      </trkpt>
      <trkpt lat="40.78133" lon="-7.92807">
        <ele>519</ele>
        <time>2026-08-15T11:33:36.000Z</time>
      </trkpt>
      <trkpt lat="40.78026" lon="-7.928">
        <ele>525</ele>
        <time>2026-08-15T11:33:40.000Z</time>
      </trkpt>
      <trkpt lat="40.77921" lon="-7.92794">
        <ele>532</ele>
        <time>2026-08-15T11:33:44.000Z</time>
      </trkpt>
      <trkpt lat="40.77815" lon="-7.92785">
        <ele>537</ele>
        <time>2026-08-15T11:33:48.000Z</time>
      </trkpt>
      <trkpt lat="40.77711" lon="-7.92759">
        <ele>544</ele>
        <time>2026-08-15T11:33:52.000Z</time>
      </trkpt>
      <trkpt lat="40.7761" lon="-7.92714">
        <ele>549</ele>
        <time>2026-08-15T11:33:56.000Z</time>
      </trkpt>
      <trkpt lat="40.77513" lon="-7.92648">
        <ele>552</ele>
        <time>2026-08-15T11:34:00.000Z</time>
      </trkpt>
      <trkpt lat="40.77419" lon="-7.92576">
        <ele>553</ele>
        <time>2026-08-15T11:34:04.000Z</time>
      </trkpt>
      <trkpt lat="40.77325" lon="-7.92503">
        <ele>553</ele>
        <time>2026-08-15T11:34:08.000Z</time>
      </trkpt>
      <trkpt lat="40.77231" lon="-7.92431">
        <ele>554</ele>
        <time>2026-08-15T11:34:12.000Z</time>
      </trkpt>
      <trkpt lat="40.77132" lon="-7.92364">
        <ele>555</ele>
        <time>2026-08-15T11:34:16.000Z</time>
      </trkpt>
      <trkpt lat="40.77028" lon="-7.92315">
        <ele>557</ele>
        <time>2026-08-15T11:34:20.000Z</time>
      </trkpt>
      <trkpt lat="40.76918" lon="-7.92293">
        <ele>558</ele>
        <time>2026-08-15T11:34:24.000Z</time>
      </trkpt>
      <trkpt lat="40.76807" lon="-7.92296">
        <ele>559</ele>
        <time>2026-08-15T11:34:28.000Z</time>
      </trkpt>
      <trkpt lat="40.76696" lon="-7.92322">
        <ele>560</ele>
        <time>2026-08-15T11:34:32.000Z</time>
      </trkpt>
      <trkpt lat="40.76586" lon="-7.9235">
        <ele>560</ele>
        <time>2026-08-15T11:34:36.000Z</time>
      </trkpt>
      <trkpt lat="40.76475" lon="-7.9236">
        <ele>558</ele>
        <time>2026-08-15T11:34:40.000Z</time>
      </trkpt>
      <trkpt lat="40.76363" lon="-7.92345">
        <ele>556</ele>
        <time>2026-08-15T11:34:44.000Z</time>
      </trkpt>
      <trkpt lat="40.76252" lon="-7.9231">
        <ele>550</ele>
        <time>2026-08-15T11:34:48.000Z</time>
      </trkpt>
      <trkpt lat="40.76142" lon="-7.92273">
        <ele>543</ele>
        <time>2026-08-15T11:34:52.000Z</time>
      </trkpt>
      <trkpt lat="40.76029" lon="-7.92236">
        <ele>535</ele>
        <time>2026-08-15T11:34:56.000Z</time>
      </trkpt>
      <trkpt lat="40.75915" lon="-7.92198">
        <ele>529</ele>
        <time>2026-08-15T11:35:00.000Z</time>
      </trkpt>
      <trkpt lat="40.758" lon="-7.92166">
        <ele>522</ele>
        <time>2026-08-15T11:35:04.000Z</time>
      </trkpt>
      <trkpt lat="40.75685" lon="-7.92159">
        <ele>516</ele>
        <time>2026-08-15T11:35:08.000Z</time>
      </trkpt>
      <trkpt lat="40.75573" lon="-7.92174">
        <ele>510</ele>
        <time>2026-08-15T11:35:12.000Z</time>
      </trkpt>
      <trkpt lat="40.75466" lon="-7.92206">
        <ele>506</ele>
        <time>2026-08-15T11:35:16.000Z</time>
      </trkpt>
      <trkpt lat="40.7536" lon="-7.92241">
        <ele>503</ele>
        <time>2026-08-15T11:35:20.000Z</time>
      </trkpt>
      <trkpt lat="40.75253" lon="-7.92276">
        <ele>502</ele>
        <time>2026-08-15T11:35:24.000Z</time>
      </trkpt>
      <trkpt lat="40.75146" lon="-7.9231">
        <ele>503</ele>
        <time>2026-08-15T11:35:28.000Z</time>
      </trkpt>
      <trkpt lat="40.75038" lon="-7.92346">
        <ele>504</ele>
        <time>2026-08-15T11:35:32.000Z</time>
      </trkpt>
      <trkpt lat="40.7493" lon="-7.92382">
        <ele>508</ele>
        <time>2026-08-15T11:35:36.000Z</time>
      </trkpt>
      <trkpt lat="40.74823" lon="-7.92417">
        <ele>513</ele>
        <time>2026-08-15T11:35:40.000Z</time>
      </trkpt>
      <trkpt lat="40.74717" lon="-7.92451">
        <ele>521</ele>
        <time>2026-08-15T11:35:44.000Z</time>
      </trkpt>
      <trkpt lat="40.7461" lon="-7.9247">
        <ele>530</ele>
        <time>2026-08-15T11:35:48.000Z</time>
      </trkpt>
      <trkpt lat="40.74503" lon="-7.92464">
        <ele>537</ele>
        <time>2026-08-15T11:35:52.000Z</time>
      </trkpt>
      <trkpt lat="40.74399" lon="-7.9244">
        <ele>544</ele>
        <time>2026-08-15T11:35:56.000Z</time>
      </trkpt>
      <trkpt lat="40.74298" lon="-7.92413">
        <ele>550</ele>
        <time>2026-08-15T11:36:00.000Z</time>
      </trkpt>
      <trkpt lat="40.74196" lon="-7.92404">
        <ele>556</ele>
        <time>2026-08-15T11:36:04.000Z</time>
      </trkpt>
      <trkpt lat="40.74095" lon="-7.92417">
        <ele>563</ele>
        <time>2026-08-15T11:36:08.000Z</time>
      </trkpt>
      <trkpt lat="40.73993" lon="-7.9244">
        <ele>570</ele>
        <time>2026-08-15T11:36:12.000Z</time>
      </trkpt>
      <trkpt lat="40.73891" lon="-7.92456">
        <ele>577</ele>
        <time>2026-08-15T11:36:16.000Z</time>
      </trkpt>
      <trkpt lat="40.73789" lon="-7.92455">
        <ele>585</ele>
        <time>2026-08-15T11:36:20.000Z</time>
      </trkpt>
      <trkpt lat="40.73688" lon="-7.92432">
        <ele>591</ele>
        <time>2026-08-15T11:36:24.000Z</time>
      </trkpt>
      <trkpt lat="40.73591" lon="-7.92386">
        <ele>598</ele>
        <time>2026-08-15T11:36:28.000Z</time>
      </trkpt>
      <trkpt lat="40.73499" lon="-7.92325">
        <ele>604</ele>
        <time>2026-08-15T11:36:32.000Z</time>
      </trkpt>
      <trkpt lat="40.73409" lon="-7.9226">
        <ele>610</ele>
        <time>2026-08-15T11:36:36.000Z</time>
      </trkpt>
      <trkpt lat="40.73314" lon="-7.92206">
        <ele>615</ele>
        <time>2026-08-15T11:36:40.000Z</time>
      </trkpt>
      <trkpt lat="40.73214" lon="-7.92169">
        <ele>620</ele>
        <time>2026-08-15T11:36:44.000Z</time>
      </trkpt>
      <trkpt lat="40.73108" lon="-7.92158">
        <ele>626</ele>
        <time>2026-08-15T11:36:48.000Z</time>
      </trkpt>
      <trkpt lat="40.73001" lon="-7.92166">
        <ele>629</ele>
        <time>2026-08-15T11:36:52.000Z</time>
      </trkpt>
      <trkpt lat="40.72893" lon="-7.9218">
        <ele>632</ele>
        <time>2026-08-15T11:36:56.000Z</time>
      </trkpt>
      <trkpt lat="40.72782" lon="-7.92195">
        <ele>633</ele>
        <time>2026-08-15T11:37:00.000Z</time>
      </trkpt>
      <trkpt lat="40.72669" lon="-7.92211">
        <ele>632</ele>
        <time>2026-08-15T11:37:04.000Z</time>
      </trkpt>
      <trkpt lat="40.72555" lon="-7.92227">
        <ele>629</ele>
        <time>2026-08-15T11:37:08.000Z</time>
      </trkpt>
      <trkpt lat="40.72441" lon="-7.92252">
        <ele>625</ele>
        <time>2026-08-15T11:37:12.000Z</time>
      </trkpt>
      <trkpt lat="40.72332" lon="-7.92296">
        <ele>623</ele>
        <time>2026-08-15T11:37:16.000Z</time>
      </trkpt>
      <trkpt lat="40.72227" lon="-7.92355">
        <ele>621</ele>
        <time>2026-08-15T11:37:20.000Z</time>
      </trkpt>
      <trkpt lat="40.72124" lon="-7.92422">
        <ele>619</ele>
        <time>2026-08-15T11:37:24.000Z</time>
      </trkpt>
      <trkpt lat="40.72021" lon="-7.9249">
        <ele>617</ele>
        <time>2026-08-15T11:37:28.000Z</time>
      </trkpt>
      <trkpt lat="40.7192" lon="-7.92556">
        <ele>617</ele>
        <time>2026-08-15T11:37:32.000Z</time>
      </trkpt>
      <trkpt lat="40.71821" lon="-7.9262">
        <ele>619</ele>
        <time>2026-08-15T11:37:36.000Z</time>
      </trkpt>
      <trkpt lat="40.71724" lon="-7.92685">
        <ele>623</ele>
        <time>2026-08-15T11:37:40.000Z</time>
      </trkpt>
      <trkpt lat="40.71631" lon="-7.92754">
        <ele>626</ele>
        <time>2026-08-15T11:37:44.000Z</time>
      </trkpt>
      <trkpt lat="40.71545" lon="-7.92836">
        <ele>628</ele>
        <time>2026-08-15T11:37:48.000Z</time>
      </trkpt>
      <trkpt lat="40.71464" lon="-7.9293">
        <ele>630</ele>
        <time>2026-08-15T11:37:52.000Z</time>
      </trkpt>
      <trkpt lat="40.71391" lon="-7.9304">
        <ele>631</ele>
        <time>2026-08-15T11:37:56.000Z</time>
      </trkpt>
      <trkpt lat="40.7133" lon="-7.93161">
        <ele>632</ele>
        <time>2026-08-15T11:38:00.000Z</time>
      </trkpt>
      <trkpt lat="40.71278" lon="-7.93292">
        <ele>632</ele>
        <time>2026-08-15T11:38:04.000Z</time>
      </trkpt>
      <trkpt lat="40.71231" lon="-7.93428">
        <ele>632</ele>
        <time>2026-08-15T11:38:08.000Z</time>
      </trkpt>
      <trkpt lat="40.71185" lon="-7.93565">
        <ele>629</ele>
        <time>2026-08-15T11:38:12.000Z</time>
      </trkpt>
      <trkpt lat="40.71138" lon="-7.93703">
        <ele>625</ele>
        <time>2026-08-15T11:38:16.000Z</time>
      </trkpt>
      <trkpt lat="40.71092" lon="-7.9384">
        <ele>619</ele>
        <time>2026-08-15T11:38:20.000Z</time>
      </trkpt>
      <trkpt lat="40.71045" lon="-7.93977">
        <ele>613</ele>
        <time>2026-08-15T11:38:24.000Z</time>
      </trkpt>
      <trkpt lat="40.70997" lon="-7.9411">
        <ele>606</ele>
        <time>2026-08-15T11:38:28.000Z</time>
      </trkpt>
      <trkpt lat="40.7094" lon="-7.94237">
        <ele>600</ele>
        <time>2026-08-15T11:38:32.000Z</time>
      </trkpt>
      <trkpt lat="40.70877" lon="-7.94358">
        <ele>591</ele>
        <time>2026-08-15T11:38:36.000Z</time>
      </trkpt>
      <trkpt lat="40.70807" lon="-7.94472">
        <ele>584</ele>
        <time>2026-08-15T11:38:40.000Z</time>
      </trkpt>
      <trkpt lat="40.7073" lon="-7.94583">
        <ele>578</ele>
        <time>2026-08-15T11:38:44.000Z</time>
      </trkpt>
      <trkpt lat="40.70644" lon="-7.94688">
        <ele>572</ele>
        <time>2026-08-15T11:38:48.000Z</time>
      </trkpt>
      <trkpt lat="40.70555" lon="-7.94793">
        <ele>568</ele>
        <time>2026-08-15T11:38:52.000Z</time>
      </trkpt>
      <trkpt lat="40.70468" lon="-7.94898">
        <ele>564</ele>
        <time>2026-08-15T11:38:56.000Z</time>
      </trkpt>
      <trkpt lat="40.70383" lon="-7.95003">
        <ele>565</ele>
        <time>2026-08-15T11:39:00.000Z</time>
      </trkpt>
      <trkpt lat="40.70299" lon="-7.95105">
        <ele>568</ele>
        <time>2026-08-15T11:39:04.000Z</time>
      </trkpt>
      <trkpt lat="40.70221" lon="-7.95211">
        <ele>573</ele>
        <time>2026-08-15T11:39:08.000Z</time>
      </trkpt>
      <trkpt lat="40.70146" lon="-7.95316">
        <ele>579</ele>
        <time>2026-08-15T11:39:12.000Z</time>
      </trkpt>
      <trkpt lat="40.70071" lon="-7.95418">
        <ele>585</ele>
        <time>2026-08-15T11:39:16.000Z</time>
      </trkpt>
      <trkpt lat="40.69999" lon="-7.95519">
        <ele>591</ele>
        <time>2026-08-15T11:39:20.000Z</time>
      </trkpt>
      <trkpt lat="40.69927" lon="-7.95618">
        <ele>596</ele>
        <time>2026-08-15T11:39:24.000Z</time>
      </trkpt>
      <trkpt lat="40.69856" lon="-7.95719">
        <ele>602</ele>
        <time>2026-08-15T11:39:28.000Z</time>
      </trkpt>
      <trkpt lat="40.69781" lon="-7.95823">
        <ele>608</ele>
        <time>2026-08-15T11:39:32.000Z</time>
      </trkpt>
      <trkpt lat="40.69705" lon="-7.95931">
        <ele>614</ele>
        <time>2026-08-15T11:39:36.000Z</time>
      </trkpt>
      <trkpt lat="40.69626" lon="-7.96041">
        <ele>617</ele>
        <time>2026-08-15T11:39:40.000Z</time>
      </trkpt>
      <trkpt lat="40.69546" lon="-7.96153">
        <ele>619</ele>
        <time>2026-08-15T11:39:44.000Z</time>
      </trkpt>
      <trkpt lat="40.69461" lon="-7.96257">
        <ele>621</ele>
        <time>2026-08-15T11:39:48.000Z</time>
      </trkpt>
      <trkpt lat="40.69368" lon="-7.96345">
        <ele>623</ele>
        <time>2026-08-15T11:39:52.000Z</time>
      </trkpt>
      <trkpt lat="40.69268" lon="-7.96419">
        <ele>624</ele>
        <time>2026-08-15T11:39:56.000Z</time>
      </trkpt>
      <trkpt lat="40.69163" lon="-7.96479">
        <ele>623</ele>
        <time>2026-08-15T11:40:00.000Z</time>
      </trkpt>
      <trkpt lat="40.69056" lon="-7.96533">
        <ele>622</ele>
        <time>2026-08-15T11:40:04.000Z</time>
      </trkpt>
      <trkpt lat="40.6895" lon="-7.96587">
        <ele>621</ele>
        <time>2026-08-15T11:40:08.000Z</time>
      </trkpt>
      <trkpt lat="40.68845" lon="-7.9664">
        <ele>620</ele>
        <time>2026-08-15T11:40:12.000Z</time>
      </trkpt>
      <trkpt lat="40.68737" lon="-7.96692">
        <ele>619</ele>
        <time>2026-08-15T11:40:16.000Z</time>
      </trkpt>
      <trkpt lat="40.68625" lon="-7.96736">
        <ele>616</ele>
        <time>2026-08-15T11:40:20.000Z</time>
      </trkpt>
      <trkpt lat="40.68511" lon="-7.9677">
        <ele>611</ele>
        <time>2026-08-15T11:40:24.000Z</time>
      </trkpt>
      <trkpt lat="40.68396" lon="-7.96791">
        <ele>605</ele>
        <time>2026-08-15T11:40:28.000Z</time>
      </trkpt>
      <trkpt lat="40.68279" lon="-7.96803">
        <ele>598</ele>
        <time>2026-08-15T11:40:32.000Z</time>
      </trkpt>
      <trkpt lat="40.68162" lon="-7.96809">
        <ele>591</ele>
        <time>2026-08-15T11:40:36.000Z</time>
      </trkpt>
      <trkpt lat="40.68045" lon="-7.96815">
        <ele>585</ele>
        <time>2026-08-15T11:40:40.000Z</time>
      </trkpt>
      <trkpt lat="40.67928" lon="-7.96821">
        <ele>578</ele>
        <time>2026-08-15T11:40:44.000Z</time>
      </trkpt>
      <trkpt lat="40.67811" lon="-7.96825">
        <ele>572</ele>
        <time>2026-08-15T11:40:48.000Z</time>
      </trkpt>
      <trkpt lat="40.67694" lon="-7.96827">
        <ele>566</ele>
        <time>2026-08-15T11:40:52.000Z</time>
      </trkpt>
      <trkpt lat="40.67579" lon="-7.96832">
        <ele>563</ele>
        <time>2026-08-15T11:40:56.000Z</time>
      </trkpt>
      <trkpt lat="40.67464" lon="-7.96838">
        <ele>557</ele>
        <time>2026-08-15T11:41:00.000Z</time>
      </trkpt>
      <trkpt lat="40.67347" lon="-7.96844">
        <ele>554</ele>
        <time>2026-08-15T11:41:04.000Z</time>
      </trkpt>
      <trkpt lat="40.67232" lon="-7.96851">
        <ele>550</ele>
        <time>2026-08-15T11:41:08.000Z</time>
      </trkpt>
      <trkpt lat="40.67118" lon="-7.96867">
        <ele>546</ele>
        <time>2026-08-15T11:41:12.000Z</time>
      </trkpt>
      <trkpt lat="40.67004" lon="-7.96885">
        <ele>541</ele>
        <time>2026-08-15T11:41:16.000Z</time>
      </trkpt>
      <trkpt lat="40.6689" lon="-7.9692">
        <ele>535</ele>
        <time>2026-08-15T11:41:20.000Z</time>
      </trkpt>
      <trkpt lat="40.66779" lon="-7.96977">
        <ele>528</ele>
        <time>2026-08-15T11:41:24.000Z</time>
      </trkpt>
      <trkpt lat="40.66671" lon="-7.97039">
        <ele>522</ele>
        <time>2026-08-15T11:41:28.000Z</time>
      </trkpt>
      <trkpt lat="40.6656" lon="-7.97093">
        <ele>517</ele>
        <time>2026-08-15T11:41:32.000Z</time>
      </trkpt>
      <trkpt lat="40.66445" lon="-7.97121">
        <ele>512</ele>
        <time>2026-08-15T11:41:36.000Z</time>
      </trkpt>
      <trkpt lat="40.66328" lon="-7.97117">
        <ele>507</ele>
        <time>2026-08-15T11:41:40.000Z</time>
      </trkpt>
      <trkpt lat="40.66213" lon="-7.97087">
        <ele>502</ele>
        <time>2026-08-15T11:41:44.000Z</time>
      </trkpt>
      <trkpt lat="40.66103" lon="-7.97029">
        <ele>498</ele>
        <time>2026-08-15T11:41:48.000Z</time>
      </trkpt>
      <trkpt lat="40.66" lon="-7.96946">
        <ele>494</ele>
        <time>2026-08-15T11:41:52.000Z</time>
      </trkpt>
      <trkpt lat="40.65901" lon="-7.9685">
        <ele>486</ele>
        <time>2026-08-15T11:41:56.000Z</time>
      </trkpt>
      <trkpt lat="40.65799" lon="-7.96763">
        <ele>478</ele>
        <time>2026-08-15T11:42:00.000Z</time>
      </trkpt>
      <trkpt lat="40.6569" lon="-7.96701">
        <ele>471</ele>
        <time>2026-08-15T11:42:04.000Z</time>
      </trkpt>
      <trkpt lat="40.65575" lon="-7.96667">
        <ele>464</ele>
        <time>2026-08-15T11:42:08.000Z</time>
      </trkpt>
      <trkpt lat="40.65457" lon="-7.96666">
        <ele>457</ele>
        <time>2026-08-15T11:42:12.000Z</time>
      </trkpt>
      <trkpt lat="40.65337" lon="-7.96675">
        <ele>451</ele>
        <time>2026-08-15T11:42:16.000Z</time>
      </trkpt>
      <trkpt lat="40.65216" lon="-7.96684">
        <ele>449</ele>
        <time>2026-08-15T11:42:20.000Z</time>
      </trkpt>
      <trkpt lat="40.65097" lon="-7.96694">
        <ele>449</ele>
        <time>2026-08-15T11:42:24.000Z</time>
      </trkpt>
      <trkpt lat="40.64982" lon="-7.96705">
        <ele>451</ele>
        <time>2026-08-15T11:42:28.000Z</time>
      </trkpt>
      <trkpt lat="40.64867" lon="-7.96701">
        <ele>452</ele>
        <time>2026-08-15T11:42:32.000Z</time>
      </trkpt>
      <trkpt lat="40.64753" lon="-7.96671">
        <ele>453</ele>
        <time>2026-08-15T11:42:36.000Z</time>
      </trkpt>
      <trkpt lat="40.64643" lon="-7.96616">
        <ele>453</ele>
        <time>2026-08-15T11:42:40.000Z</time>
      </trkpt>
      <trkpt lat="40.64544" lon="-7.96532">
        <ele>453</ele>
        <time>2026-08-15T11:42:44.000Z</time>
      </trkpt>
      <trkpt lat="40.64452" lon="-7.96434">
        <ele>445</ele>
        <time>2026-08-15T11:42:48.000Z</time>
      </trkpt>
      <trkpt lat="40.64356" lon="-7.96332">
        <ele>437</ele>
        <time>2026-08-15T11:42:52.000Z</time>
      </trkpt>
      <trkpt lat="40.64261" lon="-7.96231">
        <ele>430</ele>
        <time>2026-08-15T11:42:56.000Z</time>
      </trkpt>
      <trkpt lat="40.64168" lon="-7.96129">
        <ele>425</ele>
        <time>2026-08-15T11:43:00.000Z</time>
      </trkpt>
      <trkpt lat="40.64077" lon="-7.96028">
        <ele>422</ele>
        <time>2026-08-15T11:43:04.000Z</time>
      </trkpt>
      <trkpt lat="40.63988" lon="-7.95931">
        <ele>425</ele>
        <time>2026-08-15T11:43:08.000Z</time>
      </trkpt>
      <trkpt lat="40.6389" lon="-7.95852">
        <ele>428</ele>
        <time>2026-08-15T11:43:12.000Z</time>
      </trkpt>
      <trkpt lat="40.63785" lon="-7.958">
        <ele>428</ele>
        <time>2026-08-15T11:43:16.000Z</time>
      </trkpt>
      <trkpt lat="40.63674" lon="-7.9578">
        <ele>426</ele>
        <time>2026-08-15T11:43:20.000Z</time>
      </trkpt>
      <trkpt lat="40.63564" lon="-7.95788">
        <ele>422</ele>
        <time>2026-08-15T11:43:24.000Z</time>
      </trkpt>
      <trkpt lat="40.63453" lon="-7.95824">
        <ele>422</ele>
        <time>2026-08-15T11:43:28.000Z</time>
      </trkpt>
      <trkpt lat="40.63345" lon="-7.95867">
        <ele>422</ele>
        <time>2026-08-15T11:43:32.000Z</time>
      </trkpt>
      <trkpt lat="40.63242" lon="-7.95909">
        <ele>425</ele>
        <time>2026-08-15T11:43:36.000Z</time>
      </trkpt>
      <trkpt lat="40.63146" lon="-7.95947">
        <ele>427</ele>
        <time>2026-08-15T11:43:40.000Z</time>
      </trkpt>
      <trkpt lat="40.63063" lon="-7.95981">
        <ele>426</ele>
        <time>2026-08-15T11:43:44.000Z</time>
      </trkpt>
      <trkpt lat="40.62985" lon="-7.96014">
        <ele>426</ele>
        <time>2026-08-15T11:43:48.000Z</time>
      </trkpt>
      <trkpt lat="40.62904" lon="-7.96048">
        <ele>424</ele>
        <time>2026-08-15T11:43:52.000Z</time>
      </trkpt>
      <trkpt lat="40.62821" lon="-7.96082">
        <ele>422</ele>
        <time>2026-08-15T11:43:56.000Z</time>
      </trkpt>
      <trkpt lat="40.62737" lon="-7.96114">
        <ele>422</ele>
        <time>2026-08-15T11:44:00.000Z</time>
      </trkpt>
      <trkpt lat="40.62657" lon="-7.96143">
        <ele>423</ele>
        <time>2026-08-15T11:44:04.000Z</time>
      </trkpt>
      <trkpt lat="40.62588" lon="-7.96168">
        <ele>424</ele>
        <time>2026-08-15T11:44:08.000Z</time>
      </trkpt>
      <trkpt lat="40.6253" lon="-7.96188">
        <ele>424</ele>
        <time>2026-08-15T11:44:12.000Z</time>
      </trkpt>
      <trkpt lat="40.62487" lon="-7.96219">
        <ele>426</ele>
        <time>2026-08-15T11:44:16.000Z</time>
      </trkpt>
      <trkpt lat="40.62474" lon="-7.96275">
        <ele>428</ele>
        <time>2026-08-15T11:44:20.000Z</time>
      </trkpt>
      <trkpt lat="40.62508" lon="-7.96318">
        <ele>429</ele>
        <time>2026-08-15T11:44:24.000Z</time>
      </trkpt>
      <trkpt lat="40.62554" lon="-7.9629">
        <ele>430</ele>
        <time>2026-08-15T11:44:28.000Z</time>
      </trkpt>
      <trkpt lat="40.62561" lon="-7.96219">
        <ele>431</ele>
        <time>2026-08-15T11:44:32.000Z</time>
      </trkpt>
      <trkpt lat="40.6255" lon="-7.96137">
        <ele>433</ele>
        <time>2026-08-15T11:44:36.000Z</time>
      </trkpt>
      <trkpt lat="40.62537" lon="-7.96045">
        <ele>436</ele>
        <time>2026-08-15T11:44:40.000Z</time>
      </trkpt>
      <trkpt lat="40.62523" lon="-7.95945">
        <ele>440</ele>
        <time>2026-08-15T11:44:44.000Z</time>
      </trkpt>
      <trkpt lat="40.62509" lon="-7.95843">
        <ele>443</ele>
        <time>2026-08-15T11:44:48.000Z</time>
      </trkpt>
      <trkpt lat="40.62495" lon="-7.95735">
        <ele>447</ele>
        <time>2026-08-15T11:44:52.000Z</time>
      </trkpt>
      <trkpt lat="40.62479" lon="-7.95613">
        <ele>451</ele>
        <time>2026-08-15T11:44:56.000Z</time>
      </trkpt>
      <trkpt lat="40.62463" lon="-7.95494">
        <ele>454</ele>
        <time>2026-08-15T11:45:00.000Z</time>
      </trkpt>
      <trkpt lat="40.62447" lon="-7.95374">
        <ele>455</ele>
        <time>2026-08-15T11:45:04.000Z</time>
      </trkpt>
      <trkpt lat="40.62431" lon="-7.95251">
        <ele>457</ele>
        <time>2026-08-15T11:45:08.000Z</time>
      </trkpt>
      <trkpt lat="40.62415" lon="-7.95122">
        <ele>460</ele>
        <time>2026-08-15T11:45:12.000Z</time>
      </trkpt>
      <trkpt lat="40.62404" lon="-7.9499">
        <ele>463</ele>
        <time>2026-08-15T11:45:16.000Z</time>
      </trkpt>
      <trkpt lat="40.62399" lon="-7.94857">
        <ele>467</ele>
        <time>2026-08-15T11:45:20.000Z</time>
      </trkpt>
      <trkpt lat="40.624" lon="-7.94722">
        <ele>471</ele>
        <time>2026-08-15T11:45:24.000Z</time>
      </trkpt>
      <trkpt lat="40.62403" lon="-7.94587">
        <ele>475</ele>
        <time>2026-08-15T11:45:28.000Z</time>
      </trkpt>
      <trkpt lat="40.62405" lon="-7.94453">
        <ele>477</ele>
        <time>2026-08-15T11:45:32.000Z</time>
      </trkpt>
      <trkpt lat="40.62408" lon="-7.94319">
        <ele>479</ele>
        <time>2026-08-15T11:45:36.000Z</time>
      </trkpt>
      <trkpt lat="40.6241" lon="-7.94182">
        <ele>481</ele>
        <time>2026-08-15T11:45:40.000Z</time>
      </trkpt>
      <trkpt lat="40.62413" lon="-7.94044">
        <ele>479</ele>
        <time>2026-08-15T11:45:44.000Z</time>
      </trkpt>
      <trkpt lat="40.62416" lon="-7.93907">
        <ele>477</ele>
        <time>2026-08-15T11:45:48.000Z</time>
      </trkpt>
      <trkpt lat="40.62418" lon="-7.93771">
        <ele>475</ele>
        <time>2026-08-15T11:45:52.000Z</time>
      </trkpt>
      <trkpt lat="40.62418" lon="-7.93635">
        <ele>475</ele>
        <time>2026-08-15T11:45:56.000Z</time>
      </trkpt>
      <trkpt lat="40.62417" lon="-7.935">
        <ele>477</ele>
        <time>2026-08-15T11:46:00.000Z</time>
      </trkpt>
      <trkpt lat="40.62413" lon="-7.93368">
        <ele>480</ele>
        <time>2026-08-15T11:46:04.000Z</time>
      </trkpt>
      <trkpt lat="40.62406" lon="-7.93238">
        <ele>484</ele>
        <time>2026-08-15T11:46:08.000Z</time>
      </trkpt>
      <trkpt lat="40.62397" lon="-7.93107">
        <ele>488</ele>
        <time>2026-08-15T11:46:12.000Z</time>
      </trkpt>
      <trkpt lat="40.62388" lon="-7.92979">
        <ele>489</ele>
        <time>2026-08-15T11:46:16.000Z</time>
      </trkpt>
      <trkpt lat="40.62379" lon="-7.92859">
        <ele>489</ele>
        <time>2026-08-15T11:46:20.000Z</time>
      </trkpt>
      <trkpt lat="40.62371" lon="-7.92745">
        <ele>488</ele>
        <time>2026-08-15T11:46:24.000Z</time>
      </trkpt>
      <trkpt lat="40.62363" lon="-7.92633">
        <ele>486</ele>
        <time>2026-08-15T11:46:28.000Z</time>
      </trkpt>
      <trkpt lat="40.62351" lon="-7.92519">
        <ele>483</ele>
        <time>2026-08-15T11:46:32.000Z</time>
      </trkpt>
      <trkpt lat="40.62338" lon="-7.9241">
        <ele>480</ele>
        <time>2026-08-15T11:46:36.000Z</time>
      </trkpt>
      <trkpt lat="40.62322" lon="-7.92307">
        <ele>477</ele>
        <time>2026-08-15T11:46:40.000Z</time>
      </trkpt>
      <trkpt lat="40.62296" lon="-7.92213">
        <ele>475</ele>
        <time>2026-08-15T11:46:44.000Z</time>
      </trkpt>
      <trkpt lat="40.62276" lon="-7.92122">
        <ele>470</ele>
        <time>2026-08-15T11:46:48.000Z</time>
      </trkpt>
      <trkpt lat="40.62257" lon="-7.92035">
        <ele>465</ele>
        <time>2026-08-15T11:46:52.000Z</time>
      </trkpt>
      <trkpt lat="40.62244" lon="-7.91963">
        <ele>460</ele>
        <time>2026-08-15T11:46:56.000Z</time>
      </trkpt>
      <trkpt lat="40.62235" lon="-7.91921">
        <ele>457</ele>
        <time>2026-08-15T11:47:00.000Z</time>
      </trkpt>
      <trkpt lat="40.62226" lon="-7.919">
        <ele>456</ele>
        <time>2026-08-15T11:47:04.000Z</time>
      </trkpt>
      <trkpt lat="40.62199" lon="-7.91887">
        <ele>455</ele>
        <time>2026-08-15T11:47:08.000Z</time>
      </trkpt>
      <trkpt lat="40.62157" lon="-7.91891">
        <ele>454</ele>
        <time>2026-08-15T11:47:12.000Z</time>
      </trkpt>
      <trkpt lat="40.62108" lon="-7.919">
        <ele>453</ele>
        <time>2026-08-15T11:47:16.000Z</time>
      </trkpt>
      <trkpt lat="40.62054" lon="-7.9192">
        <ele>453</ele>
        <time>2026-08-15T11:47:20.000Z</time>
      </trkpt>
      <trkpt lat="40.62001" lon="-7.91945">
        <ele>454</ele>
        <time>2026-08-15T11:47:24.000Z</time>
      </trkpt>
      <trkpt lat="40.61945" lon="-7.91972">
        <ele>455</ele>
        <time>2026-08-15T11:47:28.000Z</time>
      </trkpt>
      <trkpt lat="40.61884" lon="-7.92002">
        <ele>458</ele>
        <time>2026-08-15T11:47:32.000Z</time>
      </trkpt>
      <trkpt lat="40.61819" lon="-7.92035">
        <ele>461</ele>
        <time>2026-08-15T11:47:36.000Z</time>
      </trkpt>
      <trkpt lat="40.61754" lon="-7.92064">
        <ele>464</ele>
        <time>2026-08-15T11:47:40.000Z</time>
      </trkpt>
      <trkpt lat="40.61686" lon="-7.92084">
        <ele>463</ele>
        <time>2026-08-15T11:47:44.000Z</time>
      </trkpt>
      <trkpt lat="40.61614" lon="-7.92102">
        <ele>461</ele>
        <time>2026-08-15T11:47:48.000Z</time>
      </trkpt>
      <trkpt lat="40.61541" lon="-7.9212">
        <ele>461</ele>
        <time>2026-08-15T11:47:52.000Z</time>
      </trkpt>
      <trkpt lat="40.61467" lon="-7.92138">
        <ele>462</ele>
        <time>2026-08-15T11:47:56.000Z</time>
      </trkpt>
      <trkpt lat="40.61398" lon="-7.92154">
        <ele>465</ele>
        <time>2026-08-15T11:48:00.000Z</time>
      </trkpt>
      <trkpt lat="40.61333" lon="-7.9217">
        <ele>470</ele>
        <time>2026-08-15T11:48:04.000Z</time>
      </trkpt>
      <trkpt lat="40.61273" lon="-7.92185">
        <ele>474</ele>
        <time>2026-08-15T11:48:08.000Z</time>
      </trkpt>
      <trkpt lat="40.61228" lon="-7.92197">
        <ele>477</ele>
        <time>2026-08-15T11:48:12.000Z</time>
      </trkpt>
      <trkpt lat="40.61197" lon="-7.92206">
        <ele>478</ele>
        <time>2026-08-15T11:48:16.000Z</time>
      </trkpt>
      <trkpt lat="40.61178" lon="-7.92211">
        <ele>480</ele>
        <time>2026-08-15T11:48:20.000Z</time>
      </trkpt>
      <trkpt lat="40.61162" lon="-7.92214">
        <ele>480</ele>
        <time>2026-08-15T11:48:39.000Z</time>
      </trkpt>
      <trkpt lat="40.61126" lon="-7.92222">
        <ele>481</ele>
        <time>2026-08-15T11:48:43.000Z</time>
      </trkpt>
      <trkpt lat="40.61081" lon="-7.92232">
        <ele>481</ele>
        <time>2026-08-15T11:48:47.000Z</time>
      </trkpt>
      <trkpt lat="40.61031" lon="-7.92243">
        <ele>479</ele>
        <time>2026-08-15T11:48:51.000Z</time>
      </trkpt>
      <trkpt lat="40.60976" lon="-7.92257">
        <ele>476</ele>
        <time>2026-08-15T11:48:55.000Z</time>
      </trkpt>
      <trkpt lat="40.60916" lon="-7.92272">
        <ele>473</ele>
        <time>2026-08-15T11:48:59.000Z</time>
      </trkpt>
      <trkpt lat="40.60853" lon="-7.92288">
        <ele>471</ele>
        <time>2026-08-15T11:49:03.000Z</time>
      </trkpt>
      <trkpt lat="40.60786" lon="-7.92305">
        <ele>470</ele>
        <time>2026-08-15T11:49:07.000Z</time>
      </trkpt>
      <trkpt lat="40.60719" lon="-7.92322">
        <ele>471</ele>
        <time>2026-08-15T11:49:11.000Z</time>
      </trkpt>
      <trkpt lat="40.60655" lon="-7.92342">
        <ele>474</ele>
        <time>2026-08-15T11:49:15.000Z</time>
      </trkpt>
      <trkpt lat="40.60596" lon="-7.92376">
        <ele>476</ele>
        <time>2026-08-15T11:49:19.000Z</time>
      </trkpt>
      <trkpt lat="40.60547" lon="-7.92429">
        <ele>478</ele>
        <time>2026-08-15T11:49:23.000Z</time>
      </trkpt>
      <trkpt lat="40.60499" lon="-7.92489">
        <ele>478</ele>
        <time>2026-08-15T11:49:27.000Z</time>
      </trkpt>
      <trkpt lat="40.6045" lon="-7.92549">
        <ele>479</ele>
        <time>2026-08-15T11:49:31.000Z</time>
      </trkpt>
      <trkpt lat="40.604" lon="-7.92611">
        <ele>480</ele>
        <time>2026-08-15T11:49:35.000Z</time>
      </trkpt>
      <trkpt lat="40.60351" lon="-7.92672">
        <ele>482</ele>
        <time>2026-08-15T11:49:39.000Z</time>
      </trkpt>
      <trkpt lat="40.603" lon="-7.92736">
        <ele>483</ele>
        <time>2026-08-15T11:49:43.000Z</time>
      </trkpt>
      <trkpt lat="40.60246" lon="-7.92803">
        <ele>484</ele>
        <time>2026-08-15T11:49:47.000Z</time>
      </trkpt>
      <trkpt lat="40.6019" lon="-7.92873">
        <ele>487</ele>
        <time>2026-08-15T11:49:51.000Z</time>
      </trkpt>
      <trkpt lat="40.60132" lon="-7.92944">
        <ele>490</ele>
        <time>2026-08-15T11:49:55.000Z</time>
      </trkpt>
      <trkpt lat="40.60076" lon="-7.93013">
        <ele>492</ele>
        <time>2026-08-15T11:49:59.000Z</time>
      </trkpt>
      <trkpt lat="40.60027" lon="-7.93073">
        <ele>491</ele>
        <time>2026-08-15T11:50:03.000Z</time>
      </trkpt>
      <trkpt lat="40.59975" lon="-7.93103">
        <ele>490</ele>
        <time>2026-08-15T11:50:07.000Z</time>
      </trkpt>
      <trkpt lat="40.59915" lon="-7.93093">
        <ele>487</ele>
        <time>2026-08-15T11:50:11.000Z</time>
      </trkpt>
      <trkpt lat="40.59863" lon="-7.93081">
        <ele>488</ele>
        <time>2026-08-15T11:50:15.000Z</time>
      </trkpt>
      <trkpt lat="40.59826" lon="-7.93062">
        <ele>488</ele>
        <time>2026-08-15T11:50:19.000Z</time>
      </trkpt>
      <trkpt lat="40.59794" lon="-7.93041">
        <ele>488</ele>
        <time>2026-08-15T11:50:23.000Z</time>
      </trkpt>
      <trkpt lat="40.59751" lon="-7.93031">
        <ele>488</ele>
        <time>2026-08-15T11:50:27.000Z</time>
      </trkpt>
      <trkpt lat="40.59703" lon="-7.93027">
        <ele>489</ele>
        <time>2026-08-15T11:50:31.000Z</time>
      </trkpt>
      <trkpt lat="40.59665" lon="-7.93024">
        <ele>490</ele>
        <time>2026-08-15T11:50:35.000Z</time>
      </trkpt>
      <trkpt lat="40.59644" lon="-7.93022">
        <ele>491</ele>
        <time>2026-08-15T11:50:39.000Z</time>
      </trkpt>
      <trkpt lat="40.59616" lon="-7.93018">
        <ele>491</ele>
        <time>2026-08-15T11:50:43.000Z</time>
      </trkpt>
      <trkpt lat="40.59581" lon="-7.93012">
        <ele>490</ele>
        <time>2026-08-15T11:50:47.000Z</time>
      </trkpt>
      <trkpt lat="40.59541" lon="-7.92985">
        <ele>488</ele>
        <time>2026-08-15T11:50:51.000Z</time>
      </trkpt>
      <trkpt lat="40.59503" lon="-7.92957">
        <ele>484</ele>
        <time>2026-08-15T11:50:55.000Z</time>
      </trkpt>
      <trkpt lat="40.59479" lon="-7.92939">
        <ele>482</ele>
        <time>2026-08-15T11:50:59.000Z</time>
      </trkpt>
      <trkpt lat="40.59454" lon="-7.92921">
        <ele>481</ele>
        <time>2026-08-15T11:51:03.000Z</time>
      </trkpt>
      <trkpt lat="40.59426" lon="-7.929">
        <ele>478</ele>
        <time>2026-08-15T11:51:07.000Z</time>
      </trkpt>
      <trkpt lat="40.59399" lon="-7.9288">
        <ele>475</ele>
        <time>2026-08-15T11:51:11.000Z</time>
      </trkpt>
      <trkpt lat="40.59376" lon="-7.92863">
        <ele>473</ele>
        <time>2026-08-15T11:51:15.000Z</time>
      </trkpt>
      <trkpt lat="40.59342" lon="-7.9285">
        <ele>471</ele>
        <time>2026-08-15T11:51:19.000Z</time>
      </trkpt>
      <trkpt lat="40.59302" lon="-7.92848">
        <ele>469</ele>
        <time>2026-08-15T11:51:23.000Z</time>
      </trkpt>
      <trkpt lat="40.59259" lon="-7.92846">
        <ele>468</ele>
        <time>2026-08-15T11:51:27.000Z</time>
      </trkpt>
      <trkpt lat="40.59216" lon="-7.92845">
        <ele>466</ele>
        <time>2026-08-15T11:51:31.000Z</time>
      </trkpt>
      <trkpt lat="40.59186" lon="-7.92844">
        <ele>465</ele>
        <time>2026-08-15T11:51:35.000Z</time>
      </trkpt>
      <trkpt lat="40.59164" lon="-7.92846">
        <ele>464</ele>
        <time>2026-08-15T11:51:39.000Z</time>
      </trkpt>
      <trkpt lat="40.59142" lon="-7.92855">
        <ele>464</ele>
        <time>2026-08-15T11:51:43.000Z</time>
      </trkpt>
      <trkpt lat="40.59116" lon="-7.92866">
        <ele>463</ele>
        <time>2026-08-15T11:51:47.000Z</time>
      </trkpt>
      <trkpt lat="40.59081" lon="-7.92883">
        <ele>462</ele>
        <time>2026-08-15T11:51:51.000Z</time>
      </trkpt>
      <trkpt lat="40.59038" lon="-7.92903">
        <ele>461</ele>
        <time>2026-08-15T11:51:55.000Z</time>
      </trkpt>
      <trkpt lat="40.58988" lon="-7.92928">
        <ele>461</ele>
        <time>2026-08-15T11:51:59.000Z</time>
      </trkpt>
      <trkpt lat="40.58934" lon="-7.92954">
        <ele>459</ele>
        <time>2026-08-15T11:52:03.000Z</time>
      </trkpt>
      <trkpt lat="40.58878" lon="-7.92981">
        <ele>458</ele>
        <time>2026-08-15T11:52:07.000Z</time>
      </trkpt>
      <trkpt lat="40.5882" lon="-7.93009">
        <ele>459</ele>
        <time>2026-08-15T11:52:11.000Z</time>
      </trkpt>
      <trkpt lat="40.58764" lon="-7.93036">
        <ele>460</ele>
        <time>2026-08-15T11:52:15.000Z</time>
      </trkpt>
      <trkpt lat="40.58714" lon="-7.9306">
        <ele>461</ele>
        <time>2026-08-15T11:52:19.000Z</time>
      </trkpt>
      <trkpt lat="40.58673" lon="-7.93083">
        <ele>461</ele>
        <time>2026-08-15T11:52:23.000Z</time>
      </trkpt>
      <trkpt lat="40.5864" lon="-7.93117">
        <ele>459</ele>
        <time>2026-08-15T11:52:27.000Z</time>
      </trkpt>
      <trkpt lat="40.58618" lon="-7.93148">
        <ele>458</ele>
        <time>2026-08-15T11:52:31.000Z</time>
      </trkpt>
      <trkpt lat="40.55848" lon="-7.95248">
        <ele>370</ele>
        <time>2026-08-15T13:59:22.000Z</time>
      </trkpt>
      <trkpt lat="40.5586" lon="-7.95241">
        <ele>369</ele>
        <time>2026-08-15T14:49:37.000Z</time>
      </trkpt>
      <trkpt lat="40.55848" lon="-7.95248">
        <ele>369</ele>
        <time>2026-08-15T14:49:41.000Z</time>
      </trkpt>
      <trkpt lat="40.55872" lon="-7.95227">
        <ele>369</ele>
        <time>2026-08-15T14:49:45.000Z</time>
      </trkpt>
      <trkpt lat="40.55879" lon="-7.95217">
        <ele>369</ele>
        <time>2026-08-15T14:49:49.000Z</time>
      </trkpt>
      <trkpt lat="40.55889" lon="-7.95207">
        <ele>369</ele>
        <time>2026-08-15T14:49:53.000Z</time>
      </trkpt>
      <trkpt lat="40.55896" lon="-7.95195">
        <ele>369</ele>
        <time>2026-08-15T14:49:57.000Z</time>
      </trkpt>
      <trkpt lat="40.55902" lon="-7.95178">
        <ele>369</ele>
        <time>2026-08-15T14:50:01.000Z</time>
      </trkpt>
      <trkpt lat="40.55909" lon="-7.95163">
        <ele>373</ele>
        <time>2026-08-15T14:50:05.000Z</time>
      </trkpt>
      <trkpt lat="40.55916" lon="-7.9515">
        <ele>373</ele>
        <time>2026-08-15T14:50:09.000Z</time>
      </trkpt>
      <trkpt lat="40.55933" lon="-7.95128">
        <ele>373</ele>
        <time>2026-08-15T14:50:18.000Z</time>
      </trkpt>
      <trkpt lat="40.5594" lon="-7.95115">
        <ele>373</ele>
        <time>2026-08-15T14:50:22.000Z</time>
      </trkpt>
      <trkpt lat="40.55951" lon="-7.951">
        <ele>373</ele>
        <time>2026-08-15T14:50:26.000Z</time>
      </trkpt>
      <trkpt lat="40.55966" lon="-7.95095">
        <ele>371</ele>
        <time>2026-08-15T14:50:30.000Z</time>
      </trkpt>
      <trkpt lat="40.55977" lon="-7.95091">
        <ele>371</ele>
        <time>2026-08-15T14:50:34.000Z</time>
      </trkpt>
      <trkpt lat="40.55991" lon="-7.95084">
        <ele>371</ele>
        <time>2026-08-15T14:50:38.000Z</time>
      </trkpt>
      <trkpt lat="40.56021" lon="-7.95101">
        <ele>371</ele>
        <time>2026-08-15T14:50:57.000Z</time>
      </trkpt>
      <trkpt lat="40.56046" lon="-7.9512">
        <ele>371</ele>
        <time>2026-08-15T14:51:01.000Z</time>
      </trkpt>
      <trkpt lat="40.56066" lon="-7.95135">
        <ele>371</ele>
        <time>2026-08-15T14:51:05.000Z</time>
      </trkpt>
      <trkpt lat="40.56095" lon="-7.95172">
        <ele>371</ele>
        <time>2026-08-15T14:51:09.000Z</time>
      </trkpt>
      <trkpt lat="40.56115" lon="-7.95207">
        <ele>371</ele>
        <time>2026-08-15T14:51:13.000Z</time>
      </trkpt>
      <trkpt lat="40.56115" lon="-7.95247">
        <ele>371</ele>
        <time>2026-08-15T14:51:17.000Z</time>
      </trkpt>
      <trkpt lat="40.56105" lon="-7.95293">
        <ele>371</ele>
        <time>2026-08-15T14:51:21.000Z</time>
      </trkpt>
      <trkpt lat="40.56094" lon="-7.95341">
        <ele>371</ele>
        <time>2026-08-15T14:51:25.000Z</time>
      </trkpt>
      <trkpt lat="40.56087" lon="-7.95389">
        <ele>371</ele>
        <time>2026-08-15T14:51:29.000Z</time>
      </trkpt>
      <trkpt lat="40.561" lon="-7.9543">
        <ele>371</ele>
        <time>2026-08-15T14:51:33.000Z</time>
      </trkpt>
      <trkpt lat="40.56132" lon="-7.9545">
        <ele>371</ele>
        <time>2026-08-15T14:51:37.000Z</time>
      </trkpt>
      <trkpt lat="40.56157" lon="-7.95462">
        <ele>371</ele>
        <time>2026-08-15T14:51:41.000Z</time>
      </trkpt>
      <trkpt lat="40.56187" lon="-7.95468">
        <ele>371</ele>
        <time>2026-08-15T14:51:45.000Z</time>
      </trkpt>
      <trkpt lat="40.56223" lon="-7.9546">
        <ele>371</ele>
        <time>2026-08-15T14:51:49.000Z</time>
      </trkpt>
      <trkpt lat="40.56263" lon="-7.95442">
        <ele>371</ele>
        <time>2026-08-15T14:51:53.000Z</time>
      </trkpt>
      <trkpt lat="40.56311" lon="-7.95431">
        <ele>371</ele>
        <time>2026-08-15T14:51:57.000Z</time>
      </trkpt>
      <trkpt lat="40.56351" lon="-7.95424">
        <ele>371</ele>
        <time>2026-08-15T14:52:01.000Z</time>
      </trkpt>
      <trkpt lat="40.56402" lon="-7.95433">
        <ele>371</ele>
        <time>2026-08-15T14:52:05.000Z</time>
      </trkpt>
      <trkpt lat="40.56443" lon="-7.95457">
        <ele>371</ele>
        <time>2026-08-15T14:52:09.000Z</time>
      </trkpt>
      <trkpt lat="40.56479" lon="-7.95473">
        <ele>371</ele>
        <time>2026-08-15T14:52:13.000Z</time>
      </trkpt>
      <trkpt lat="40.56506" lon="-7.95485">
        <ele>371</ele>
        <time>2026-08-15T14:52:17.000Z</time>
      </trkpt>
      <trkpt lat="40.56517" lon="-7.95493">
        <ele>424</ele>
        <time>2026-08-15T14:52:21.000Z</time>
      </trkpt>
      <trkpt lat="40.56527" lon="-7.95487">
        <ele>431</ele>
        <time>2026-08-15T14:52:25.000Z</time>
      </trkpt>
      <trkpt lat="40.56539" lon="-7.95473">
        <ele>431</ele>
        <time>2026-08-15T14:52:29.000Z</time>
      </trkpt>
      <trkpt lat="40.56553" lon="-7.95453">
        <ele>431</ele>
        <time>2026-08-15T14:52:33.000Z</time>
      </trkpt>
      <trkpt lat="40.56573" lon="-7.95427">
        <ele>431</ele>
        <time>2026-08-15T14:52:37.000Z</time>
      </trkpt>
      <trkpt lat="40.56597" lon="-7.95396">
        <ele>431</ele>
        <time>2026-08-15T14:52:41.000Z</time>
      </trkpt>
      <trkpt lat="40.56622" lon="-7.95366">
        <ele>431</ele>
        <time>2026-08-15T14:52:45.000Z</time>
      </trkpt>
      <trkpt lat="40.56651" lon="-7.95331">
        <ele>431</ele>
        <time>2026-08-15T14:52:49.000Z</time>
      </trkpt>
      <trkpt lat="40.56681" lon="-7.95289">
        <ele>431</ele>
        <time>2026-08-15T14:52:53.000Z</time>
      </trkpt>
      <trkpt lat="40.56714" lon="-7.9525">
        <ele>431</ele>
        <time>2026-08-15T14:52:57.000Z</time>
      </trkpt>
      <trkpt lat="40.56749" lon="-7.95208">
        <ele>431</ele>
        <time>2026-08-15T14:53:01.000Z</time>
      </trkpt>
      <trkpt lat="40.56786" lon="-7.95162">
        <ele>431</ele>
        <time>2026-08-15T14:53:05.000Z</time>
      </trkpt>
      <trkpt lat="40.56821" lon="-7.95118">
        <ele>431</ele>
        <time>2026-08-15T14:53:09.000Z</time>
      </trkpt>
      <trkpt lat="40.56857" lon="-7.95073">
        <ele>431</ele>
        <time>2026-08-15T14:53:13.000Z</time>
      </trkpt>
      <trkpt lat="40.56894" lon="-7.95026">
        <ele>431</ele>
        <time>2026-08-15T14:53:17.000Z</time>
      </trkpt>
      <trkpt lat="40.56934" lon="-7.9498">
        <ele>431</ele>
        <time>2026-08-15T14:53:22.000Z</time>
      </trkpt>
      <trkpt lat="40.56992" lon="-7.94934">
        <ele>431</ele>
        <time>2026-08-15T14:53:26.000Z</time>
      </trkpt>
      <trkpt lat="40.57042" lon="-7.949">
        <ele>431</ele>
        <time>2026-08-15T14:53:30.000Z</time>
      </trkpt>
      <trkpt lat="40.57093" lon="-7.94866">
        <ele>431</ele>
        <time>2026-08-15T14:53:34.000Z</time>
      </trkpt>
      <trkpt lat="40.57144" lon="-7.94831">
        <ele>431</ele>
        <time>2026-08-15T14:53:38.000Z</time>
      </trkpt>
      <trkpt lat="40.57195" lon="-7.94797">
        <ele>431</ele>
        <time>2026-08-15T14:53:42.000Z</time>
      </trkpt>
      <trkpt lat="40.57245" lon="-7.94763">
        <ele>431</ele>
        <time>2026-08-15T14:53:46.000Z</time>
      </trkpt>
      <trkpt lat="40.57295" lon="-7.94729">
        <ele>431</ele>
        <time>2026-08-15T14:53:50.000Z</time>
      </trkpt>
      <trkpt lat="40.57342" lon="-7.94697">
        <ele>441</ele>
        <time>2026-08-15T14:53:54.000Z</time>
      </trkpt>
      <trkpt lat="40.57388" lon="-7.94665">
        <ele>443</ele>
        <time>2026-08-15T14:53:58.000Z</time>
      </trkpt>
      <trkpt lat="40.57433" lon="-7.94635">
        <ele>445</ele>
        <time>2026-08-15T14:54:02.000Z</time>
      </trkpt>
      <trkpt lat="40.57477" lon="-7.94606">
        <ele>447</ele>
        <time>2026-08-15T14:54:06.000Z</time>
      </trkpt>
      <trkpt lat="40.57523" lon="-7.94574">
        <ele>449</ele>
        <time>2026-08-15T14:54:10.000Z</time>
      </trkpt>
      <trkpt lat="40.57565" lon="-7.94546">
        <ele>451</ele>
        <time>2026-08-15T14:54:14.000Z</time>
      </trkpt>
      <trkpt lat="40.57606" lon="-7.94518">
        <ele>451</ele>
        <time>2026-08-15T14:54:18.000Z</time>
      </trkpt>
      <trkpt lat="40.57647" lon="-7.9449">
        <ele>451</ele>
        <time>2026-08-15T14:54:22.000Z</time>
      </trkpt>
      <trkpt lat="40.57684" lon="-7.94465">
        <ele>452</ele>
        <time>2026-08-15T14:54:26.000Z</time>
      </trkpt>
      <trkpt lat="40.5771" lon="-7.94437">
        <ele>451</ele>
        <time>2026-08-15T14:54:30.000Z</time>
      </trkpt>
      <trkpt lat="40.5773" lon="-7.94398">
        <ele>451</ele>
        <time>2026-08-15T14:54:34.000Z</time>
      </trkpt>
      <trkpt lat="40.57747" lon="-7.94359">
        <ele>452</ele>
        <time>2026-08-15T14:54:38.000Z</time>
      </trkpt>
      <trkpt lat="40.5777" lon="-7.94319">
        <ele>452</ele>
        <time>2026-08-15T14:54:42.000Z</time>
      </trkpt>
      <trkpt lat="40.57796" lon="-7.94288">
        <ele>451</ele>
        <time>2026-08-15T14:54:46.000Z</time>
      </trkpt>
      <trkpt lat="40.57809" lon="-7.94254">
        <ele>452</ele>
        <time>2026-08-15T14:54:50.000Z</time>
      </trkpt>
      <trkpt lat="40.5781" lon="-7.94203">
        <ele>452</ele>
        <time>2026-08-15T14:54:54.000Z</time>
      </trkpt>
      <trkpt lat="40.57811" lon="-7.94145">
        <ele>452</ele>
        <time>2026-08-15T14:54:58.000Z</time>
      </trkpt>
      <trkpt lat="40.57812" lon="-7.94085">
        <ele>451</ele>
        <time>2026-08-15T14:55:02.000Z</time>
      </trkpt>
      <trkpt lat="40.57812" lon="-7.94025">
        <ele>451</ele>
        <time>2026-08-15T14:55:06.000Z</time>
      </trkpt>
      <trkpt lat="40.57813" lon="-7.93964">
        <ele>451</ele>
        <time>2026-08-15T14:55:10.000Z</time>
      </trkpt>
      <trkpt lat="40.57813" lon="-7.93905">
        <ele>451</ele>
        <time>2026-08-15T14:55:14.000Z</time>
      </trkpt>
      <trkpt lat="40.57814" lon="-7.93848">
        <ele>449</ele>
        <time>2026-08-15T14:55:18.000Z</time>
      </trkpt>
      <trkpt lat="40.578" lon="-7.93798">
        <ele>447</ele>
        <time>2026-08-15T14:55:22.000Z</time>
      </trkpt>
      <trkpt lat="40.57782" lon="-7.93758">
        <ele>446</ele>
        <time>2026-08-15T14:55:26.000Z</time>
      </trkpt>
      <trkpt lat="40.57761" lon="-7.93738">
        <ele>445</ele>
        <time>2026-08-15T14:55:30.000Z</time>
      </trkpt>
      <trkpt lat="40.57736" lon="-7.93737">
        <ele>443</ele>
        <time>2026-08-15T14:55:34.000Z</time>
      </trkpt>
      <trkpt lat="40.57708" lon="-7.93736">
        <ele>441</ele>
        <time>2026-08-15T14:55:38.000Z</time>
      </trkpt>
      <trkpt lat="40.57677" lon="-7.93728">
        <ele>438</ele>
        <time>2026-08-15T14:55:42.000Z</time>
      </trkpt>
      <trkpt lat="40.57646" lon="-7.93697">
        <ele>436</ele>
        <time>2026-08-15T14:55:46.000Z</time>
      </trkpt>
      <trkpt lat="40.57616" lon="-7.93663">
        <ele>436</ele>
        <time>2026-08-15T14:55:51.000Z</time>
      </trkpt>
      <trkpt lat="40.57598" lon="-7.93601">
        <ele>431</ele>
        <time>2026-08-15T14:55:55.000Z</time>
      </trkpt>
      <trkpt lat="40.57586" lon="-7.93548">
        <ele>429</ele>
        <time>2026-08-15T14:55:59.000Z</time>
      </trkpt>
      <trkpt lat="40.57574" lon="-7.93498">
        <ele>426</ele>
        <time>2026-08-15T14:56:03.000Z</time>
      </trkpt>
      <trkpt lat="40.5757" lon="-7.93442">
        <ele>426</ele>
        <time>2026-08-15T14:56:07.000Z</time>
      </trkpt>
      <trkpt lat="40.57593" lon="-7.93393">
        <ele>426</ele>
        <time>2026-08-15T14:56:11.000Z</time>
      </trkpt>
      <trkpt lat="40.5762" lon="-7.93342">
        <ele>425</ele>
        <time>2026-08-15T14:56:15.000Z</time>
      </trkpt>
      <trkpt lat="40.57649" lon="-7.93292">
        <ele>421</ele>
        <time>2026-08-15T14:56:19.000Z</time>
      </trkpt>
      <trkpt lat="40.57688" lon="-7.93253">
        <ele>417</ele>
        <time>2026-08-15T14:56:23.000Z</time>
      </trkpt>
      <trkpt lat="40.57729" lon="-7.93225">
        <ele>413</ele>
        <time>2026-08-15T14:56:27.000Z</time>
      </trkpt>
      <trkpt lat="40.57766" lon="-7.93201">
        <ele>410</ele>
        <time>2026-08-15T14:56:31.000Z</time>
      </trkpt>
      <trkpt lat="40.5779" lon="-7.9317">
        <ele>408</ele>
        <time>2026-08-15T14:56:35.000Z</time>
      </trkpt>
      <trkpt lat="40.57795" lon="-7.93122">
        <ele>406</ele>
        <time>2026-08-15T14:56:39.000Z</time>
      </trkpt>
      <trkpt lat="40.578" lon="-7.93068">
        <ele>405</ele>
        <time>2026-08-15T14:56:43.000Z</time>
      </trkpt>
      <trkpt lat="40.57813" lon="-7.93022">
        <ele>404</ele>
        <time>2026-08-15T14:56:47.000Z</time>
      </trkpt>
      <trkpt lat="40.57838" lon="-7.92991">
        <ele>401</ele>
        <time>2026-08-15T14:56:51.000Z</time>
      </trkpt>
      <trkpt lat="40.5787" lon="-7.92997">
        <ele>400</ele>
        <time>2026-08-15T14:56:55.000Z</time>
      </trkpt>
      <trkpt lat="40.57896" lon="-7.92977">
        <ele>399</ele>
        <time>2026-08-15T14:56:59.000Z</time>
      </trkpt>
      <trkpt lat="40.57901" lon="-7.92936">
        <ele>396</ele>
        <time>2026-08-15T14:57:03.000Z</time>
      </trkpt>
      <trkpt lat="40.57911" lon="-7.92877">
        <ele>394</ele>
        <time>2026-08-15T14:57:07.000Z</time>
      </trkpt>
      <trkpt lat="40.57903" lon="-7.92842">
        <ele>392</ele>
        <time>2026-08-15T14:57:11.000Z</time>
      </trkpt>
      <trkpt lat="40.5789" lon="-7.92807">
        <ele>391</ele>
        <time>2026-08-15T14:57:15.000Z</time>
      </trkpt>
      <trkpt lat="40.57912" lon="-7.92775">
        <ele>391</ele>
        <time>2026-08-15T14:57:19.000Z</time>
      </trkpt>
      <trkpt lat="40.57942" lon="-7.92744">
        <ele>387</ele>
        <time>2026-08-15T14:57:23.000Z</time>
      </trkpt>
      <trkpt lat="40.57959" lon="-7.92699">
        <ele>383</ele>
        <time>2026-08-15T14:57:27.000Z</time>
      </trkpt>
      <trkpt lat="40.57992" lon="-7.92667">
        <ele>381</ele>
        <time>2026-08-15T14:57:31.000Z</time>
      </trkpt>
      <trkpt lat="40.58017" lon="-7.92629">
        <ele>378</ele>
        <time>2026-08-15T14:57:35.000Z</time>
      </trkpt>
      <trkpt lat="40.58027" lon="-7.92581">
        <ele>375</ele>
        <time>2026-08-15T14:57:39.000Z</time>
      </trkpt>
      <trkpt lat="40.58053" lon="-7.9254">
        <ele>372</ele>
        <time>2026-08-15T14:57:43.000Z</time>
      </trkpt>
      <trkpt lat="40.58083" lon="-7.925">
        <ele>368</ele>
        <time>2026-08-15T14:57:47.000Z</time>
      </trkpt>
      <trkpt lat="40.58119" lon="-7.92467">
        <ele>364</ele>
        <time>2026-08-15T14:57:51.000Z</time>
      </trkpt>
      <trkpt lat="40.58158" lon="-7.9244">
        <ele>362</ele>
        <time>2026-08-15T14:57:55.000Z</time>
      </trkpt>
      <trkpt lat="40.5819" lon="-7.92393">
        <ele>359</ele>
        <time>2026-08-15T14:57:59.000Z</time>
      </trkpt>
      <trkpt lat="40.5822" lon="-7.92336">
        <ele>354</ele>
        <time>2026-08-15T14:58:03.000Z</time>
      </trkpt>
      <trkpt lat="40.58245" lon="-7.92276">
        <ele>351</ele>
        <time>2026-08-15T14:58:07.000Z</time>
      </trkpt>
      <trkpt lat="40.58268" lon="-7.92209">
        <ele>349</ele>
        <time>2026-08-15T14:58:11.000Z</time>
      </trkpt>
      <trkpt lat="40.5829" lon="-7.92143">
        <ele>345</ele>
        <time>2026-08-15T14:58:15.000Z</time>
      </trkpt>
      <trkpt lat="40.58309" lon="-7.92072">
        <ele>341</ele>
        <time>2026-08-15T14:58:19.000Z</time>
      </trkpt>
      <trkpt lat="40.58318" lon="-7.92007">
        <ele>340</ele>
        <time>2026-08-15T14:58:23.000Z</time>
      </trkpt>
      <trkpt lat="40.58346" lon="-7.91966">
        <ele>337</ele>
        <time>2026-08-15T14:58:27.000Z</time>
      </trkpt>
      <trkpt lat="40.58374" lon="-7.91976">
        <ele>336</ele>
        <time>2026-08-15T14:58:31.000Z</time>
      </trkpt>
      <trkpt lat="40.58396" lon="-7.91966">
        <ele>338</ele>
        <time>2026-08-15T14:58:35.000Z</time>
      </trkpt>
      <trkpt lat="40.58393" lon="-7.91925">
        <ele>340</ele>
        <time>2026-08-15T14:58:39.000Z</time>
      </trkpt>
      <trkpt lat="40.58371" lon="-7.91878">
        <ele>338</ele>
        <time>2026-08-15T14:58:43.000Z</time>
      </trkpt>
      <trkpt lat="40.58351" lon="-7.91835">
        <ele>333</ele>
        <time>2026-08-15T14:58:47.000Z</time>
      </trkpt>
      <trkpt lat="40.58333" lon="-7.91787">
        <ele>330</ele>
        <time>2026-08-15T14:58:51.000Z</time>
      </trkpt>
      <trkpt lat="40.58318" lon="-7.91754">
        <ele>327</ele>
        <time>2026-08-15T14:58:55.000Z</time>
      </trkpt>
      <trkpt lat="40.58288" lon="-7.91745">
        <ele>324</ele>
        <time>2026-08-15T14:58:59.000Z</time>
      </trkpt>
      <trkpt lat="40.58274" lon="-7.91703">
        <ele>321</ele>
        <time>2026-08-15T14:59:03.000Z</time>
      </trkpt>
      <trkpt lat="40.58264" lon="-7.91661">
        <ele>319</ele>
        <time>2026-08-15T14:59:07.000Z</time>
      </trkpt>
      <trkpt lat="40.58254" lon="-7.91618">
        <ele>318</ele>
        <time>2026-08-15T14:59:11.000Z</time>
      </trkpt>
      <trkpt lat="40.58253" lon="-7.91575">
        <ele>316</ele>
        <time>2026-08-15T14:59:15.000Z</time>
      </trkpt>
      <trkpt lat="40.58227" lon="-7.91546">
        <ele>317</ele>
        <time>2026-08-15T14:59:19.000Z</time>
      </trkpt>
      <trkpt lat="40.58224" lon="-7.91497">
        <ele>316</ele>
        <time>2026-08-15T14:59:23.000Z</time>
      </trkpt>
      <trkpt lat="40.58238" lon="-7.9145">
        <ele>315</ele>
        <time>2026-08-15T14:59:27.000Z</time>
      </trkpt>
      <trkpt lat="40.58221" lon="-7.91423">
        <ele>311</ele>
        <time>2026-08-15T14:59:31.000Z</time>
      </trkpt>
      <trkpt lat="40.5819" lon="-7.91395">
        <ele>309</ele>
        <time>2026-08-15T14:59:35.000Z</time>
      </trkpt>
      <trkpt lat="40.58169" lon="-7.91354">
        <ele>305</ele>
        <time>2026-08-15T14:59:39.000Z</time>
      </trkpt>
      <trkpt lat="40.58164" lon="-7.91311">
        <ele>301</ele>
        <time>2026-08-15T14:59:43.000Z</time>
      </trkpt>
      <trkpt lat="40.5816" lon="-7.91285">
        <ele>299</ele>
        <time>2026-08-15T14:59:47.000Z</time>
      </trkpt>
      <trkpt lat="40.58135" lon="-7.91266">
        <ele>296</ele>
        <time>2026-08-15T14:59:51.000Z</time>
      </trkpt>
      <trkpt lat="40.58104" lon="-7.91239">
        <ele>294</ele>
        <time>2026-08-15T14:59:55.000Z</time>
      </trkpt>
      <trkpt lat="40.58076" lon="-7.91194">
        <ele>291</ele>
        <time>2026-08-15T14:59:59.000Z</time>
      </trkpt>
      <trkpt lat="40.58053" lon="-7.91132">
        <ele>289</ele>
        <time>2026-08-15T15:00:03.000Z</time>
      </trkpt>
      <trkpt lat="40.58036" lon="-7.91064">
        <ele>286</ele>
        <time>2026-08-15T15:00:07.000Z</time>
      </trkpt>
      <trkpt lat="40.58019" lon="-7.90995">
        <ele>283</ele>
        <time>2026-08-15T15:00:11.000Z</time>
      </trkpt>
      <trkpt lat="40.58017" lon="-7.90923">
        <ele>280</ele>
        <time>2026-08-15T15:00:15.000Z</time>
      </trkpt>
      <trkpt lat="40.58028" lon="-7.90854">
        <ele>277</ele>
        <time>2026-08-15T15:00:19.000Z</time>
      </trkpt>
      <trkpt lat="40.58016" lon="-7.90786">
        <ele>275</ele>
        <time>2026-08-15T15:00:23.000Z</time>
      </trkpt>
      <trkpt lat="40.57991" lon="-7.90721">
        <ele>274</ele>
        <time>2026-08-15T15:00:27.000Z</time>
      </trkpt>
      <trkpt lat="40.57986" lon="-7.90647">
        <ele>274</ele>
        <time>2026-08-15T15:00:31.000Z</time>
      </trkpt>
      <trkpt lat="40.57986" lon="-7.90572">
        <ele>273</ele>
        <time>2026-08-15T15:00:35.000Z</time>
      </trkpt>
      <trkpt lat="40.57998" lon="-7.90509">
        <ele>273</ele>
        <time>2026-08-15T15:00:39.000Z</time>
      </trkpt>
      <trkpt lat="40.58032" lon="-7.90464">
        <ele>274</ele>
        <time>2026-08-15T15:00:43.000Z</time>
      </trkpt>
      <trkpt lat="40.58071" lon="-7.90417">
        <ele>275</ele>
        <time>2026-08-15T15:00:47.000Z</time>
      </trkpt>
      <trkpt lat="40.58089" lon="-7.90352">
        <ele>278</ele>
        <time>2026-08-15T15:00:51.000Z</time>
      </trkpt>
      <trkpt lat="40.58104" lon="-7.90281">
        <ele>282</ele>
        <time>2026-08-15T15:00:55.000Z</time>
      </trkpt>
      <trkpt lat="40.58119" lon="-7.90208">
        <ele>285</ele>
        <time>2026-08-15T15:00:59.000Z</time>
      </trkpt>
      <trkpt lat="40.58119" lon="-7.90128">
        <ele>288</ele>
        <time>2026-08-15T15:01:03.000Z</time>
      </trkpt>
      <trkpt lat="40.58118" lon="-7.90042">
        <ele>290</ele>
        <time>2026-08-15T15:01:07.000Z</time>
      </trkpt>
      <trkpt lat="40.58126" lon="-7.89954">
        <ele>294</ele>
        <time>2026-08-15T15:01:11.000Z</time>
      </trkpt>
      <trkpt lat="40.58136" lon="-7.8987">
        <ele>297</ele>
        <time>2026-08-15T15:01:15.000Z</time>
      </trkpt>
      <trkpt lat="40.5813" lon="-7.89792">
        <ele>301</ele>
        <time>2026-08-15T15:01:19.000Z</time>
      </trkpt>
      <trkpt lat="40.58113" lon="-7.89713">
        <ele>305</ele>
        <time>2026-08-15T15:01:23.000Z</time>
      </trkpt>
      <trkpt lat="40.58094" lon="-7.89628">
        <ele>309</ele>
        <time>2026-08-15T15:01:27.000Z</time>
      </trkpt>
      <trkpt lat="40.58077" lon="-7.89549">
        <ele>313</ele>
        <time>2026-08-15T15:01:31.000Z</time>
      </trkpt>
      <trkpt lat="40.58047" lon="-7.89478">
        <ele>316</ele>
        <time>2026-08-15T15:01:35.000Z</time>
      </trkpt>
      <trkpt lat="40.58012" lon="-7.89411">
        <ele>321</ele>
        <time>2026-08-15T15:01:39.000Z</time>
      </trkpt>
      <trkpt lat="40.57993" lon="-7.89326">
        <ele>324</ele>
        <time>2026-08-15T15:01:43.000Z</time>
      </trkpt>
      <trkpt lat="40.57978" lon="-7.89248">
        <ele>327</ele>
        <time>2026-08-15T15:01:47.000Z</time>
      </trkpt>
      <trkpt lat="40.57977" lon="-7.89181">
        <ele>330</ele>
        <time>2026-08-15T15:01:51.000Z</time>
      </trkpt>
      <trkpt lat="40.58007" lon="-7.89128">
        <ele>332</ele>
        <time>2026-08-15T15:01:55.000Z</time>
      </trkpt>
      <trkpt lat="40.58039" lon="-7.89067">
        <ele>335</ele>
        <time>2026-08-15T15:01:59.000Z</time>
      </trkpt>
      <trkpt lat="40.58059" lon="-7.88994">
        <ele>338</ele>
        <time>2026-08-15T15:02:03.000Z</time>
      </trkpt>
      <trkpt lat="40.58078" lon="-7.88923">
        <ele>340</ele>
        <time>2026-08-15T15:02:07.000Z</time>
      </trkpt>
      <trkpt lat="40.58114" lon="-7.88862">
        <ele>344</ele>
        <time>2026-08-15T15:02:11.000Z</time>
      </trkpt>
      <trkpt lat="40.58159" lon="-7.88808">
        <ele>349</ele>
        <time>2026-08-15T15:02:15.000Z</time>
      </trkpt>
      <trkpt lat="40.58201" lon="-7.8877">
        <ele>352</ele>
        <time>2026-08-15T15:02:19.000Z</time>
      </trkpt>
      <trkpt lat="40.58252" lon="-7.88772">
        <ele>353</ele>
        <time>2026-08-15T15:02:23.000Z</time>
      </trkpt>
      <trkpt lat="40.58309" lon="-7.88778">
        <ele>357</ele>
        <time>2026-08-15T15:02:27.000Z</time>
      </trkpt>
      <trkpt lat="40.58354" lon="-7.88742">
        <ele>359</ele>
        <time>2026-08-15T15:02:31.000Z</time>
      </trkpt>
      <trkpt lat="40.58388" lon="-7.88684">
        <ele>362</ele>
        <time>2026-08-15T15:02:35.000Z</time>
      </trkpt>
      <trkpt lat="40.58421" lon="-7.88645">
        <ele>364</ele>
        <time>2026-08-15T15:02:39.000Z</time>
      </trkpt>
      <trkpt lat="40.58467" lon="-7.88646">
        <ele>366</ele>
        <time>2026-08-15T15:02:43.000Z</time>
      </trkpt>
      <trkpt lat="40.58519" lon="-7.88654">
        <ele>369</ele>
        <time>2026-08-15T15:02:47.000Z</time>
      </trkpt>
      <trkpt lat="40.58564" lon="-7.88648">
        <ele>372</ele>
        <time>2026-08-15T15:02:51.000Z</time>
      </trkpt>
      <trkpt lat="40.58582" lon="-7.88601">
        <ele>375</ele>
        <time>2026-08-15T15:02:55.000Z</time>
      </trkpt>
      <trkpt lat="40.58554" lon="-7.8856">
        <ele>377</ele>
        <time>2026-08-15T15:02:59.000Z</time>
      </trkpt>
      <trkpt lat="40.58499" lon="-7.88558">
        <ele>379</ele>
        <time>2026-08-15T15:03:03.000Z</time>
      </trkpt>
      <trkpt lat="40.58438" lon="-7.88561">
        <ele>382</ele>
        <time>2026-08-15T15:03:07.000Z</time>
      </trkpt>
      <trkpt lat="40.58388" lon="-7.88533">
        <ele>386</ele>
        <time>2026-08-15T15:03:11.000Z</time>
      </trkpt>
      <trkpt lat="40.58352" lon="-7.88462">
        <ele>390</ele>
        <time>2026-08-15T15:03:15.000Z</time>
      </trkpt>
      <trkpt lat="40.58318" lon="-7.88401">
        <ele>393</ele>
        <time>2026-08-15T15:03:19.000Z</time>
      </trkpt>
      <trkpt lat="40.58266" lon="-7.88387">
        <ele>396</ele>
        <time>2026-08-15T15:03:23.000Z</time>
      </trkpt>
      <trkpt lat="40.58211" lon="-7.88424">
        <ele>399</ele>
        <time>2026-08-15T15:03:27.000Z</time>
      </trkpt>
      <trkpt lat="40.58152" lon="-7.88472">
        <ele>403</ele>
        <time>2026-08-15T15:03:31.000Z</time>
      </trkpt>
      <trkpt lat="40.58087" lon="-7.88523">
        <ele>408</ele>
        <time>2026-08-15T15:03:35.000Z</time>
      </trkpt>
      <trkpt lat="40.58026" lon="-7.88572">
        <ele>413</ele>
        <time>2026-08-15T15:03:39.000Z</time>
      </trkpt>
      <trkpt lat="40.57967" lon="-7.88619">
        <ele>417</ele>
        <time>2026-08-15T15:03:43.000Z</time>
      </trkpt>
      <trkpt lat="40.57918" lon="-7.88657">
        <ele>421</ele>
        <time>2026-08-15T15:03:47.000Z</time>
      </trkpt>
      <trkpt lat="40.57866" lon="-7.88672">
        <ele>424</ele>
        <time>2026-08-15T15:03:51.000Z</time>
      </trkpt>
      <trkpt lat="40.57804" lon="-7.88663">
        <ele>425</ele>
        <time>2026-08-15T15:03:55.000Z</time>
      </trkpt>
      <trkpt lat="40.57741" lon="-7.88654">
        <ele>425</ele>
        <time>2026-08-15T15:03:59.000Z</time>
      </trkpt>
      <trkpt lat="40.57683" lon="-7.88646">
        <ele>425</ele>
        <time>2026-08-15T15:04:03.000Z</time>
      </trkpt>
      <trkpt lat="40.57627" lon="-7.88638">
        <ele>425</ele>
        <time>2026-08-15T15:04:07.000Z</time>
      </trkpt>
      <trkpt lat="40.57587" lon="-7.88633">
        <ele>425</ele>
        <time>2026-08-15T15:04:11.000Z</time>
      </trkpt>
      <trkpt lat="40.57572" lon="-7.88631">
        <ele>425</ele>
        <time>2026-08-15T15:04:15.000Z</time>
      </trkpt>
      <trkpt lat="40.57562" lon="-7.88629">
        <ele>425</ele>
        <time>2026-08-15T15:04:19.000Z</time>
      </trkpt>
      <trkpt lat="40.57535" lon="-7.88626">
        <ele>425</ele>
        <time>2026-08-15T15:04:23.000Z</time>
      </trkpt>
      <trkpt lat="40.57504" lon="-7.88621">
        <ele>426</ele>
        <time>2026-08-15T15:04:27.000Z</time>
      </trkpt>
      <trkpt lat="40.57465" lon="-7.88616">
        <ele>428</ele>
        <time>2026-08-15T15:04:31.000Z</time>
      </trkpt>
      <trkpt lat="40.57423" lon="-7.8861">
        <ele>431</ele>
        <time>2026-08-15T15:04:35.000Z</time>
      </trkpt>
      <trkpt lat="40.57388" lon="-7.88601">
        <ele>435</ele>
        <time>2026-08-15T15:04:39.000Z</time>
      </trkpt>
      <trkpt lat="40.57353" lon="-7.88592">
        <ele>437</ele>
        <time>2026-08-15T15:04:43.000Z</time>
      </trkpt>
      <trkpt lat="40.57321" lon="-7.88584">
        <ele>439</ele>
        <time>2026-08-15T15:04:47.000Z</time>
      </trkpt>
      <trkpt lat="40.57289" lon="-7.8859">
        <ele>438</ele>
        <time>2026-08-15T15:04:51.000Z</time>
      </trkpt>
      <trkpt lat="40.57265" lon="-7.88554">
        <ele>436</ele>
        <time>2026-08-15T15:04:55.000Z</time>
      </trkpt>
      <trkpt lat="40.57244" lon="-7.885">
        <ele>433</ele>
        <time>2026-08-15T15:04:59.000Z</time>
      </trkpt>
      <trkpt lat="40.57215" lon="-7.88443">
        <ele>431</ele>
        <time>2026-08-15T15:05:03.000Z</time>
      </trkpt>
      <trkpt lat="40.57183" lon="-7.8838">
        <ele>429</ele>
        <time>2026-08-15T15:05:07.000Z</time>
      </trkpt>
      <trkpt lat="40.5715" lon="-7.88312">
        <ele>427</ele>
        <time>2026-08-15T15:05:11.000Z</time>
      </trkpt>
      <trkpt lat="40.57117" lon="-7.88245">
        <ele>424</ele>
        <time>2026-08-15T15:05:15.000Z</time>
      </trkpt>
      <trkpt lat="40.57083" lon="-7.88175">
        <ele>421</ele>
        <time>2026-08-15T15:05:19.000Z</time>
      </trkpt>
      <trkpt lat="40.57045" lon="-7.88097">
        <ele>418</ele>
        <time>2026-08-15T15:05:23.000Z</time>
      </trkpt>
      <trkpt lat="40.57006" lon="-7.88017">
        <ele>415</ele>
        <time>2026-08-15T15:05:27.000Z</time>
      </trkpt>
      <trkpt lat="40.56966" lon="-7.87936">
        <ele>412</ele>
        <time>2026-08-15T15:05:31.000Z</time>
      </trkpt>
      <trkpt lat="40.56922" lon="-7.87847">
        <ele>409</ele>
        <time>2026-08-15T15:05:35.000Z</time>
      </trkpt>
      <trkpt lat="40.56876" lon="-7.87756">
        <ele>406</ele>
        <time>2026-08-15T15:05:39.000Z</time>
      </trkpt>
      <trkpt lat="40.56831" lon="-7.87665">
        <ele>406</ele>
        <time>2026-08-15T15:05:43.000Z</time>
      </trkpt>
      <trkpt lat="40.56787" lon="-7.87579">
        <ele>409</ele>
        <time>2026-08-15T15:05:47.000Z</time>
      </trkpt>
      <trkpt lat="40.56745" lon="-7.87496">
        <ele>415</ele>
        <time>2026-08-15T15:05:51.000Z</time>
      </trkpt>
      <trkpt lat="40.56704" lon="-7.87414">
        <ele>422</ele>
        <time>2026-08-15T15:05:55.000Z</time>
      </trkpt>
      <trkpt lat="40.56664" lon="-7.87334">
        <ele>430</ele>
        <time>2026-08-15T15:05:59.000Z</time>
      </trkpt>
      <trkpt lat="40.56625" lon="-7.87258">
        <ele>435</ele>
        <time>2026-08-15T15:06:03.000Z</time>
      </trkpt>
      <trkpt lat="40.56576" lon="-7.87198">
        <ele>441</ele>
        <time>2026-08-15T15:06:07.000Z</time>
      </trkpt>
      <trkpt lat="40.56513" lon="-7.87159">
        <ele>449</ele>
        <time>2026-08-15T15:06:11.000Z</time>
      </trkpt>
      <trkpt lat="40.56448" lon="-7.87126">
        <ele>453</ele>
        <time>2026-08-15T15:06:15.000Z</time>
      </trkpt>
      <trkpt lat="40.56388" lon="-7.87093">
        <ele>458</ele>
        <time>2026-08-15T15:06:19.000Z</time>
      </trkpt>
      <trkpt lat="40.56331" lon="-7.87046">
        <ele>462</ele>
        <time>2026-08-15T15:06:23.000Z</time>
      </trkpt>
      <trkpt lat="40.56276" lon="-7.86995">
        <ele>462</ele>
        <time>2026-08-15T15:06:27.000Z</time>
      </trkpt>
      <trkpt lat="40.56222" lon="-7.86946">
        <ele>460</ele>
        <time>2026-08-15T15:06:31.000Z</time>
      </trkpt>
      <trkpt lat="40.56174" lon="-7.86901">
        <ele>458</ele>
        <time>2026-08-15T15:06:35.000Z</time>
      </trkpt>
      <trkpt lat="40.56122" lon="-7.86864">
        <ele>455</ele>
        <time>2026-08-15T15:06:39.000Z</time>
      </trkpt>
      <trkpt lat="40.56056" lon="-7.86841">
        <ele>448</ele>
        <time>2026-08-15T15:06:43.000Z</time>
      </trkpt>
      <trkpt lat="40.55985" lon="-7.86815">
        <ele>442</ele>
        <time>2026-08-15T15:06:47.000Z</time>
      </trkpt>
      <trkpt lat="40.5591" lon="-7.86787">
        <ele>435</ele>
        <time>2026-08-15T15:06:51.000Z</time>
      </trkpt>
      <trkpt lat="40.55834" lon="-7.86758">
        <ele>431</ele>
        <time>2026-08-15T15:06:55.000Z</time>
      </trkpt>
      <trkpt lat="40.5576" lon="-7.8673">
        <ele>430</ele>
        <time>2026-08-15T15:06:59.000Z</time>
      </trkpt>
      <trkpt lat="40.5569" lon="-7.86704">
        <ele>431</ele>
        <time>2026-08-15T15:07:03.000Z</time>
      </trkpt>
      <trkpt lat="40.55629" lon="-7.86676">
        <ele>431</ele>
        <time>2026-08-15T15:07:07.000Z</time>
      </trkpt>
      <trkpt lat="40.55575" lon="-7.8662">
        <ele>431</ele>
        <time>2026-08-15T15:07:11.000Z</time>
      </trkpt>
      <trkpt lat="40.5552" lon="-7.86555">
        <ele>429</ele>
        <time>2026-08-15T15:07:15.000Z</time>
      </trkpt>
      <trkpt lat="40.55464" lon="-7.8649">
        <ele>428</ele>
        <time>2026-08-15T15:07:19.000Z</time>
      </trkpt>
      <trkpt lat="40.55412" lon="-7.86427">
        <ele>428</ele>
        <time>2026-08-15T15:07:23.000Z</time>
      </trkpt>
      <trkpt lat="40.55371" lon="-7.86357">
        <ele>430</ele>
        <time>2026-08-15T15:07:27.000Z</time>
      </trkpt>
      <trkpt lat="40.55351" lon="-7.86269">
        <ele>433</ele>
        <time>2026-08-15T15:07:31.000Z</time>
      </trkpt>
      <trkpt lat="40.55334" lon="-7.86189">
        <ele>438</ele>
        <time>2026-08-15T15:07:35.000Z</time>
      </trkpt>
      <trkpt lat="40.55304" lon="-7.86115">
        <ele>443</ele>
        <time>2026-08-15T15:07:39.000Z</time>
      </trkpt>
      <trkpt lat="40.55255" lon="-7.8605">
        <ele>445</ele>
        <time>2026-08-15T15:07:43.000Z</time>
      </trkpt>
      <trkpt lat="40.55204" lon="-7.85982">
        <ele>449</ele>
        <time>2026-08-15T15:07:47.000Z</time>
      </trkpt>
      <trkpt lat="40.5516" lon="-7.85922">
        <ele>451</ele>
        <time>2026-08-15T15:07:51.000Z</time>
      </trkpt>
      <trkpt lat="40.55116" lon="-7.85874">
        <ele>455</ele>
        <time>2026-08-15T15:07:55.000Z</time>
      </trkpt>
      <trkpt lat="40.5506" lon="-7.85856">
        <ele>457</ele>
        <time>2026-08-15T15:07:59.000Z</time>
      </trkpt>
      <trkpt lat="40.55004" lon="-7.85846">
        <ele>460</ele>
        <time>2026-08-15T15:08:03.000Z</time>
      </trkpt>
      <trkpt lat="40.54953" lon="-7.85849">
        <ele>464</ele>
        <time>2026-08-15T15:08:07.000Z</time>
      </trkpt>
      <trkpt lat="40.54904" lon="-7.85877">
        <ele>469</ele>
        <time>2026-08-15T15:08:11.000Z</time>
      </trkpt>
      <trkpt lat="40.54857" lon="-7.85932">
        <ele>473</ele>
        <time>2026-08-15T15:08:15.000Z</time>
      </trkpt>
      <trkpt lat="40.54817" lon="-7.86006">
        <ele>478</ele>
        <time>2026-08-15T15:08:19.000Z</time>
      </trkpt>
      <trkpt lat="40.54777" lon="-7.86073">
        <ele>482</ele>
        <time>2026-08-15T15:08:23.000Z</time>
      </trkpt>
      <trkpt lat="40.54721" lon="-7.86123">
        <ele>486</ele>
        <time>2026-08-15T15:08:27.000Z</time>
      </trkpt>
      <trkpt lat="40.54654" lon="-7.86151">
        <ele>488</ele>
        <time>2026-08-15T15:08:31.000Z</time>
      </trkpt>
      <trkpt lat="40.54592" lon="-7.8615">
        <ele>491</ele>
        <time>2026-08-15T15:08:35.000Z</time>
      </trkpt>
      <trkpt lat="40.54533" lon="-7.86127">
        <ele>495</ele>
        <time>2026-08-15T15:08:39.000Z</time>
      </trkpt>
      <trkpt lat="40.54475" lon="-7.86091">
        <ele>500</ele>
        <time>2026-08-15T15:08:43.000Z</time>
      </trkpt>
      <trkpt lat="40.54416" lon="-7.86054">
        <ele>501</ele>
        <time>2026-08-15T15:08:47.000Z</time>
      </trkpt>
      <trkpt lat="40.54363" lon="-7.86021">
        <ele>500</ele>
        <time>2026-08-15T15:08:51.000Z</time>
      </trkpt>
      <trkpt lat="40.54314" lon="-7.8599">
        <ele>497</ele>
        <time>2026-08-15T15:08:55.000Z</time>
      </trkpt>
      <trkpt lat="40.54268" lon="-7.8596">
        <ele>495</ele>
        <time>2026-08-15T15:08:59.000Z</time>
      </trkpt>
      <trkpt lat="40.54224" lon="-7.85933">
        <ele>494</ele>
        <time>2026-08-15T15:09:03.000Z</time>
      </trkpt>
      <trkpt lat="40.54178" lon="-7.85903">
        <ele>490</ele>
        <time>2026-08-15T15:09:07.000Z</time>
      </trkpt>
      <trkpt lat="40.54133" lon="-7.85866">
        <ele>485</ele>
        <time>2026-08-15T15:09:11.000Z</time>
      </trkpt>
      <trkpt lat="40.54088" lon="-7.85828">
        <ele>482</ele>
        <time>2026-08-15T15:09:15.000Z</time>
      </trkpt>
      <trkpt lat="40.54042" lon="-7.8579">
        <ele>479</ele>
        <time>2026-08-15T15:09:19.000Z</time>
      </trkpt>
      <trkpt lat="40.53997" lon="-7.85752">
        <ele>478</ele>
        <time>2026-08-15T15:09:23.000Z</time>
      </trkpt>
      <trkpt lat="40.53955" lon="-7.85717">
        <ele>478</ele>
        <time>2026-08-15T15:09:27.000Z</time>
      </trkpt>
      <trkpt lat="40.53921" lon="-7.8569">
        <ele>479</ele>
        <time>2026-08-15T15:09:31.000Z</time>
      </trkpt>
      <trkpt lat="40.53894" lon="-7.85682">
        <ele>479</ele>
        <time>2026-08-15T15:09:35.000Z</time>
      </trkpt>
      <trkpt lat="40.53869" lon="-7.85659">
        <ele>477</ele>
        <time>2026-08-15T15:09:39.000Z</time>
      </trkpt>
      <trkpt lat="40.53847" lon="-7.85628">
        <ele>477</ele>
        <time>2026-08-15T15:09:43.000Z</time>
      </trkpt>
      <trkpt lat="40.53811" lon="-7.85598">
        <ele>477</ele>
        <time>2026-08-15T15:09:47.000Z</time>
      </trkpt>
      <trkpt lat="40.53766" lon="-7.85561">
        <ele>478</ele>
        <time>2026-08-15T15:09:51.000Z</time>
      </trkpt>
      <trkpt lat="40.53723" lon="-7.85526">
        <ele>478</ele>
        <time>2026-08-15T15:09:55.000Z</time>
      </trkpt>
      <trkpt lat="40.53686" lon="-7.85497">
        <ele>478</ele>
        <time>2026-08-15T15:09:59.000Z</time>
      </trkpt>
      <trkpt lat="40.53658" lon="-7.85474">
        <ele>479</ele>
        <time>2026-08-15T15:10:03.000Z</time>
      </trkpt>
      <trkpt lat="40.53626" lon="-7.85449">
        <ele>479</ele>
        <time>2026-08-15T15:10:07.000Z</time>
      </trkpt>
      <trkpt lat="40.5359" lon="-7.85421">
        <ele>480</ele>
        <time>2026-08-15T15:10:11.000Z</time>
      </trkpt>
      <trkpt lat="40.53557" lon="-7.8539">
        <ele>482</ele>
        <time>2026-08-15T15:10:15.000Z</time>
      </trkpt>
      <trkpt lat="40.53533" lon="-7.85369">
        <ele>483</ele>
        <time>2026-08-15T15:10:19.000Z</time>
      </trkpt>
      <trkpt lat="40.53507" lon="-7.85355">
        <ele>485</ele>
        <time>2026-08-15T15:10:23.000Z</time>
      </trkpt>
      <trkpt lat="40.53477" lon="-7.85354">
        <ele>486</ele>
        <time>2026-08-15T15:10:27.000Z</time>
      </trkpt>
      <trkpt lat="40.53443" lon="-7.85363">
        <ele>486</ele>
        <time>2026-08-15T15:10:31.000Z</time>
      </trkpt>
      <trkpt lat="40.53408" lon="-7.85374">
        <ele>485</ele>
        <time>2026-08-15T15:10:35.000Z</time>
      </trkpt>
      <trkpt lat="40.53375" lon="-7.85384">
        <ele>485</ele>
        <time>2026-08-15T15:10:39.000Z</time>
      </trkpt>
      <trkpt lat="40.53349" lon="-7.85398">
        <ele>485</ele>
        <time>2026-08-15T15:10:43.000Z</time>
      </trkpt>
      <trkpt lat="40.5332" lon="-7.854">
        <ele>485</ele>
        <time>2026-08-15T15:10:47.000Z</time>
      </trkpt>
      <trkpt lat="40.53288" lon="-7.8541">
        <ele>487</ele>
        <time>2026-08-15T15:10:51.000Z</time>
      </trkpt>
      <trkpt lat="40.53254" lon="-7.8542">
        <ele>488</ele>
        <time>2026-08-15T15:10:55.000Z</time>
      </trkpt>
      <trkpt lat="40.5322" lon="-7.8543">
        <ele>489</ele>
        <time>2026-08-15T15:10:59.000Z</time>
      </trkpt>
      <trkpt lat="40.53193" lon="-7.85438">
        <ele>491</ele>
        <time>2026-08-15T15:11:03.000Z</time>
      </trkpt>
      <trkpt lat="40.53185" lon="-7.85441">
        <ele>493</ele>
        <time>2026-08-15T15:11:07.000Z</time>
      </trkpt>
      <trkpt lat="40.53175" lon="-7.85444">
        <ele>493</ele>
        <time>2026-08-15T15:11:14.000Z</time>
      </trkpt>
      <trkpt lat="40.53166" lon="-7.85446">
        <ele>493</ele>
        <time>2026-08-15T15:11:18.000Z</time>
      </trkpt>
      <trkpt lat="40.53154" lon="-7.8545">
        <ele>493</ele>
        <time>2026-08-15T15:11:22.000Z</time>
      </trkpt>
      <trkpt lat="40.53141" lon="-7.85454">
        <ele>493</ele>
        <time>2026-08-15T15:11:26.000Z</time>
      </trkpt>
      <trkpt lat="40.53128" lon="-7.85458">
        <ele>493</ele>
        <time>2026-08-15T15:11:30.000Z</time>
      </trkpt>
      <trkpt lat="40.53111" lon="-7.85463">
        <ele>493</ele>
        <time>2026-08-15T15:11:34.000Z</time>
      </trkpt>
      <trkpt lat="40.53091" lon="-7.85468">
        <ele>493</ele>
        <time>2026-08-15T15:11:38.000Z</time>
      </trkpt>
      <trkpt lat="40.5307" lon="-7.85469">
        <ele>493</ele>
        <time>2026-08-15T15:11:42.000Z</time>
      </trkpt>
      <trkpt lat="40.53049" lon="-7.8547">
        <ele>493</ele>
        <time>2026-08-15T15:11:46.000Z</time>
      </trkpt>
      <trkpt lat="40.53025" lon="-7.85476">
        <ele>493</ele>
        <time>2026-08-15T15:11:50.000Z</time>
      </trkpt>
      <trkpt lat="40.53" lon="-7.85489">
        <ele>493</ele>
        <time>2026-08-15T15:11:54.000Z</time>
      </trkpt>
      <trkpt lat="40.52983" lon="-7.85467">
        <ele>493</ele>
        <time>2026-08-15T15:11:58.000Z</time>
      </trkpt>
      <trkpt lat="40.52968" lon="-7.85436">
        <ele>493</ele>
        <time>2026-08-15T15:12:02.000Z</time>
      </trkpt>
      <trkpt lat="40.5294" lon="-7.85411">
        <ele>493</ele>
        <time>2026-08-15T15:12:06.000Z</time>
      </trkpt>
      <trkpt lat="40.52914" lon="-7.8538">
        <ele>493</ele>
        <time>2026-08-15T15:12:10.000Z</time>
      </trkpt>
      <trkpt lat="40.52888" lon="-7.85342">
        <ele>493</ele>
        <time>2026-08-15T15:12:14.000Z</time>
      </trkpt>
      <trkpt lat="40.52867" lon="-7.85301">
        <ele>493</ele>
        <time>2026-08-15T15:12:18.000Z</time>
      </trkpt>
      <trkpt lat="40.52843" lon="-7.85266">
        <ele>493</ele>
        <time>2026-08-15T15:12:22.000Z</time>
      </trkpt>
      <trkpt lat="40.5282" lon="-7.85241">
        <ele>493</ele>
        <time>2026-08-15T15:12:26.000Z</time>
      </trkpt>
      <trkpt lat="40.5279" lon="-7.85243">
        <ele>493</ele>
        <time>2026-08-15T15:12:30.000Z</time>
      </trkpt>
      <trkpt lat="40.5278" lon="-7.85209">
        <ele>493</ele>
        <time>2026-08-15T15:12:34.000Z</time>
      </trkpt>
      <trkpt lat="40.52764" lon="-7.85169">
        <ele>493</ele>
        <time>2026-08-15T15:12:38.000Z</time>
      </trkpt>
      <trkpt lat="40.52721" lon="-7.8515">
        <ele>493</ele>
        <time>2026-08-15T15:12:42.000Z</time>
      </trkpt>
      <trkpt lat="40.52667" lon="-7.85134">
        <ele>469</ele>
        <time>2026-08-15T15:12:46.000Z</time>
      </trkpt>
      <trkpt lat="40.5261" lon="-7.8512">
        <ele>465</ele>
        <time>2026-08-15T15:12:50.000Z</time>
      </trkpt>
      <trkpt lat="40.52554" lon="-7.85106">
        <ele>462</ele>
        <time>2026-08-15T15:12:54.000Z</time>
      </trkpt>
      <trkpt lat="40.52507" lon="-7.85067">
        <ele>458</ele>
        <time>2026-08-15T15:12:58.000Z</time>
      </trkpt>
      <trkpt lat="40.52463" lon="-7.85004">
        <ele>453</ele>
        <time>2026-08-15T15:13:02.000Z</time>
      </trkpt>
      <trkpt lat="40.52417" lon="-7.84939">
        <ele>447</ele>
        <time>2026-08-15T15:13:06.000Z</time>
      </trkpt>
      <trkpt lat="40.52371" lon="-7.84874">
        <ele>445</ele>
        <time>2026-08-15T15:13:10.000Z</time>
      </trkpt>
      <trkpt lat="40.52331" lon="-7.84816">
        <ele>442</ele>
        <time>2026-08-15T15:13:14.000Z</time>
      </trkpt>
      <trkpt lat="40.52283" lon="-7.84765">
        <ele>440</ele>
        <time>2026-08-15T15:13:18.000Z</time>
      </trkpt>
      <trkpt lat="40.52227" lon="-7.84719">
        <ele>439</ele>
        <time>2026-08-15T15:13:22.000Z</time>
      </trkpt>
      <trkpt lat="40.5217" lon="-7.84675">
        <ele>436</ele>
        <time>2026-08-15T15:13:26.000Z</time>
      </trkpt>
      <trkpt lat="40.52117" lon="-7.84621">
        <ele>433</ele>
        <time>2026-08-15T15:13:30.000Z</time>
      </trkpt>
      <trkpt lat="40.52077" lon="-7.84544">
        <ele>431</ele>
        <time>2026-08-15T15:13:34.000Z</time>
      </trkpt>
      <trkpt lat="40.52047" lon="-7.84466">
        <ele>428</ele>
        <time>2026-08-15T15:13:38.000Z</time>
      </trkpt>
      <trkpt lat="40.52021" lon="-7.84394">
        <ele>426</ele>
        <time>2026-08-15T15:13:42.000Z</time>
      </trkpt>
      <trkpt lat="40.51982" lon="-7.84348">
        <ele>424</ele>
        <time>2026-08-15T15:13:46.000Z</time>
      </trkpt>
      <trkpt lat="40.5193" lon="-7.84315">
        <ele>421</ele>
        <time>2026-08-15T15:13:50.000Z</time>
      </trkpt>
      <trkpt lat="40.51879" lon="-7.84283">
        <ele>419</ele>
        <time>2026-08-15T15:13:54.000Z</time>
      </trkpt>
      <trkpt lat="40.51832" lon="-7.84254">
        <ele>418</ele>
        <time>2026-08-15T15:13:58.000Z</time>
      </trkpt>
      <trkpt lat="40.51784" lon="-7.84224">
        <ele>417</ele>
        <time>2026-08-15T15:14:02.000Z</time>
      </trkpt>
      <trkpt lat="40.51736" lon="-7.84194">
        <ele>414</ele>
        <time>2026-08-15T15:14:06.000Z</time>
      </trkpt>
      <trkpt lat="40.51692" lon="-7.84161">
        <ele>413</ele>
        <time>2026-08-15T15:14:10.000Z</time>
      </trkpt>
      <trkpt lat="40.51659" lon="-7.84103">
        <ele>412</ele>
        <time>2026-08-15T15:14:14.000Z</time>
      </trkpt>
      <trkpt lat="40.51641" lon="-7.84036">
        <ele>409</ele>
        <time>2026-08-15T15:14:18.000Z</time>
      </trkpt>
      <trkpt lat="40.51622" lon="-7.83973">
        <ele>406</ele>
        <time>2026-08-15T15:14:22.000Z</time>
      </trkpt>
      <trkpt lat="40.51604" lon="-7.83916">
        <ele>403</ele>
        <time>2026-08-15T15:14:26.000Z</time>
      </trkpt>
      <trkpt lat="40.51587" lon="-7.83864">
        <ele>402</ele>
        <time>2026-08-15T15:14:30.000Z</time>
      </trkpt>
      <trkpt lat="40.5157" lon="-7.83813">
        <ele>400</ele>
        <time>2026-08-15T15:14:34.000Z</time>
      </trkpt>
      <trkpt lat="40.51538" lon="-7.83764">
        <ele>397</ele>
        <time>2026-08-15T15:14:38.000Z</time>
      </trkpt>
      <trkpt lat="40.5149" lon="-7.83748">
        <ele>394</ele>
        <time>2026-08-15T15:14:42.000Z</time>
      </trkpt>
      <trkpt lat="40.51443" lon="-7.83768">
        <ele>391</ele>
        <time>2026-08-15T15:14:46.000Z</time>
      </trkpt>
      <trkpt lat="40.51403" lon="-7.83802">
        <ele>388</ele>
        <time>2026-08-15T15:14:50.000Z</time>
      </trkpt>
      <trkpt lat="40.51363" lon="-7.83837">
        <ele>386</ele>
        <time>2026-08-15T15:14:54.000Z</time>
      </trkpt>
      <trkpt lat="40.51318" lon="-7.83872">
        <ele>384</ele>
        <time>2026-08-15T15:14:58.000Z</time>
      </trkpt>
      <trkpt lat="40.51269" lon="-7.83909">
        <ele>380</ele>
        <time>2026-08-15T15:15:02.000Z</time>
      </trkpt>
      <trkpt lat="40.51215" lon="-7.83931">
        <ele>375</ele>
        <time>2026-08-15T15:15:06.000Z</time>
      </trkpt>
      <trkpt lat="40.51161" lon="-7.83946">
        <ele>371</ele>
        <time>2026-08-15T15:15:10.000Z</time>
      </trkpt>
      <trkpt lat="40.51114" lon="-7.83968">
        <ele>370</ele>
        <time>2026-08-15T15:15:14.000Z</time>
      </trkpt>
      <trkpt lat="40.51074" lon="-7.84015">
        <ele>369</ele>
        <time>2026-08-15T15:15:18.000Z</time>
      </trkpt>
      <trkpt lat="40.51038" lon="-7.84068">
        <ele>366</ele>
        <time>2026-08-15T15:15:22.000Z</time>
      </trkpt>
      <trkpt lat="40.51007" lon="-7.8412">
        <ele>363</ele>
        <time>2026-08-15T15:15:26.000Z</time>
      </trkpt>
      <trkpt lat="40.5098" lon="-7.84169">
        <ele>361</ele>
        <time>2026-08-15T15:15:30.000Z</time>
      </trkpt>
      <trkpt lat="40.50954" lon="-7.84212">
        <ele>360</ele>
        <time>2026-08-15T15:15:34.000Z</time>
      </trkpt>
      <trkpt lat="40.50914" lon="-7.84231">
        <ele>357</ele>
        <time>2026-08-15T15:15:38.000Z</time>
      </trkpt>
      <trkpt lat="40.50869" lon="-7.84227">
        <ele>354</ele>
        <time>2026-08-15T15:15:42.000Z</time>
      </trkpt>
      <trkpt lat="40.50827" lon="-7.84217">
        <ele>352</ele>
        <time>2026-08-15T15:15:46.000Z</time>
      </trkpt>
      <trkpt lat="40.50792" lon="-7.84178">
        <ele>351</ele>
        <time>2026-08-15T15:15:50.000Z</time>
      </trkpt>
      <trkpt lat="40.50759" lon="-7.84113">
        <ele>348</ele>
        <time>2026-08-15T15:15:54.000Z</time>
      </trkpt>
      <trkpt lat="40.50713" lon="-7.84025">
        <ele>344</ele>
        <time>2026-08-15T15:15:58.000Z</time>
      </trkpt>
      <trkpt lat="40.50664" lon="-7.83933">
        <ele>338</ele>
        <time>2026-08-15T15:16:02.000Z</time>
      </trkpt>
      <trkpt lat="40.50616" lon="-7.83858">
        <ele>332</ele>
        <time>2026-08-15T15:16:06.000Z</time>
      </trkpt>
      <trkpt lat="40.50569" lon="-7.83795">
        <ele>328</ele>
        <time>2026-08-15T15:16:10.000Z</time>
      </trkpt>
      <trkpt lat="40.50534" lon="-7.83721">
        <ele>325</ele>
        <time>2026-08-15T15:16:14.000Z</time>
      </trkpt>
      <trkpt lat="40.50508" lon="-7.83632">
        <ele>319</ele>
        <time>2026-08-15T15:16:18.000Z</time>
      </trkpt>
      <trkpt lat="40.50483" lon="-7.83543">
        <ele>313</ele>
        <time>2026-08-15T15:16:22.000Z</time>
      </trkpt>
      <trkpt lat="40.50457" lon="-7.83467">
        <ele>310</ele>
        <time>2026-08-15T15:16:26.000Z</time>
      </trkpt>
      <trkpt lat="40.50413" lon="-7.83422">
        <ele>305</ele>
        <time>2026-08-15T15:16:30.000Z</time>
      </trkpt>
      <trkpt lat="40.50352" lon="-7.8342">
        <ele>301</ele>
        <time>2026-08-15T15:16:34.000Z</time>
      </trkpt>
      <trkpt lat="40.50294" lon="-7.83422">
        <ele>296</ele>
        <time>2026-08-15T15:16:38.000Z</time>
      </trkpt>
      <trkpt lat="40.5024" lon="-7.83392">
        <ele>293</ele>
        <time>2026-08-15T15:16:42.000Z</time>
      </trkpt>
      <trkpt lat="40.50188" lon="-7.83342">
        <ele>292</ele>
        <time>2026-08-15T15:16:46.000Z</time>
      </trkpt>
      <trkpt lat="40.50133" lon="-7.8331">
        <ele>288</ele>
        <time>2026-08-15T15:16:50.000Z</time>
      </trkpt>
      <trkpt lat="40.50075" lon="-7.83291">
        <ele>285</ele>
        <time>2026-08-15T15:16:54.000Z</time>
      </trkpt>
      <trkpt lat="40.5003" lon="-7.83245">
        <ele>281</ele>
        <time>2026-08-15T15:16:58.000Z</time>
      </trkpt>
      <trkpt lat="40.50017" lon="-7.83169">
        <ele>277</ele>
        <time>2026-08-15T15:17:02.000Z</time>
      </trkpt>
      <trkpt lat="40.50026" lon="-7.83077">
        <ele>272</ele>
        <time>2026-08-15T15:17:06.000Z</time>
      </trkpt>
      <trkpt lat="40.50039" lon="-7.8297">
        <ele>267</ele>
        <time>2026-08-15T15:17:10.000Z</time>
      </trkpt>
      <trkpt lat="40.5005" lon="-7.82861">
        <ele>263</ele>
        <time>2026-08-15T15:17:14.000Z</time>
      </trkpt>
      <trkpt lat="40.5006" lon="-7.82758">
        <ele>259</ele>
        <time>2026-08-15T15:17:18.000Z</time>
      </trkpt>
      <trkpt lat="40.50071" lon="-7.82663">
        <ele>255</ele>
        <time>2026-08-15T15:17:22.000Z</time>
      </trkpt>
      <trkpt lat="40.50082" lon="-7.82576">
        <ele>252</ele>
        <time>2026-08-15T15:17:26.000Z</time>
      </trkpt>
      <trkpt lat="40.50093" lon="-7.82496">
        <ele>247</ele>
        <time>2026-08-15T15:17:30.000Z</time>
      </trkpt>
      <trkpt lat="40.50114" lon="-7.82433">
        <ele>244</ele>
        <time>2026-08-15T15:17:34.000Z</time>
      </trkpt>
      <trkpt lat="40.50159" lon="-7.82398">
        <ele>240</ele>
        <time>2026-08-15T15:17:38.000Z</time>
      </trkpt>
      <trkpt lat="40.5021" lon="-7.82365">
        <ele>238</ele>
        <time>2026-08-15T15:17:42.000Z</time>
      </trkpt>
      <trkpt lat="40.50244" lon="-7.82304">
        <ele>236</ele>
        <time>2026-08-15T15:17:46.000Z</time>
      </trkpt>
      <trkpt lat="40.50278" lon="-7.82248">
        <ele>237</ele>
        <time>2026-08-15T15:17:50.000Z</time>
      </trkpt>
      <trkpt lat="40.5033" lon="-7.82227">
        <ele>241</ele>
        <time>2026-08-15T15:17:54.000Z</time>
      </trkpt>
      <trkpt lat="40.50389" lon="-7.82218">
        <ele>244</ele>
        <time>2026-08-15T15:17:58.000Z</time>
      </trkpt>
      <trkpt lat="40.5044" lon="-7.82198">
        <ele>247</ele>
        <time>2026-08-15T15:18:02.000Z</time>
      </trkpt>
      <trkpt lat="40.50484" lon="-7.82169">
        <ele>250</ele>
        <time>2026-08-15T15:18:06.000Z</time>
      </trkpt>
      <trkpt lat="40.50527" lon="-7.82135">
        <ele>254</ele>
        <time>2026-08-15T15:18:10.000Z</time>
      </trkpt>
      <trkpt lat="40.5057" lon="-7.82101">
        <ele>257</ele>
        <time>2026-08-15T15:18:14.000Z</time>
      </trkpt>
      <trkpt lat="40.50614" lon="-7.82066">
        <ele>260</ele>
        <time>2026-08-15T15:18:18.000Z</time>
      </trkpt>
      <trkpt lat="40.50654" lon="-7.82024">
        <ele>262</ele>
        <time>2026-08-15T15:18:22.000Z</time>
      </trkpt>
      <trkpt lat="40.50689" lon="-7.81976">
        <ele>264</ele>
        <time>2026-08-15T15:18:26.000Z</time>
      </trkpt>
      <trkpt lat="40.50714" lon="-7.81917">
        <ele>268</ele>
        <time>2026-08-15T15:18:30.000Z</time>
      </trkpt>
      <trkpt lat="40.50735" lon="-7.81853">
        <ele>270</ele>
        <time>2026-08-15T15:18:34.000Z</time>
      </trkpt>
      <trkpt lat="40.50754" lon="-7.81792">
        <ele>275</ele>
        <time>2026-08-15T15:18:38.000Z</time>
      </trkpt>
      <trkpt lat="40.50764" lon="-7.81725">
        <ele>277</ele>
        <time>2026-08-15T15:18:42.000Z</time>
      </trkpt>
      <trkpt lat="40.50749" lon="-7.81652">
        <ele>279</ele>
        <time>2026-08-15T15:18:46.000Z</time>
      </trkpt>
      <trkpt lat="40.507" lon="-7.81604">
        <ele>282</ele>
        <time>2026-08-15T15:18:50.000Z</time>
      </trkpt>
      <trkpt lat="40.50641" lon="-7.81579">
        <ele>286</ele>
        <time>2026-08-15T15:18:54.000Z</time>
      </trkpt>
      <trkpt lat="40.50587" lon="-7.81544">
        <ele>290</ele>
        <time>2026-08-15T15:18:58.000Z</time>
      </trkpt>
      <trkpt lat="40.50538" lon="-7.81485">
        <ele>292</ele>
        <time>2026-08-15T15:19:02.000Z</time>
      </trkpt>
      <trkpt lat="40.50498" lon="-7.81416">
        <ele>296</ele>
        <time>2026-08-15T15:19:06.000Z</time>
      </trkpt>
      <trkpt lat="40.50491" lon="-7.81332">
        <ele>299</ele>
        <time>2026-08-15T15:19:10.000Z</time>
      </trkpt>
      <trkpt lat="40.50474" lon="-7.81256">
        <ele>304</ele>
        <time>2026-08-15T15:19:14.000Z</time>
      </trkpt>
      <trkpt lat="40.50422" lon="-7.81206">
        <ele>307</ele>
        <time>2026-08-15T15:19:18.000Z</time>
      </trkpt>
      <trkpt lat="40.5036" lon="-7.81161">
        <ele>312</ele>
        <time>2026-08-15T15:19:22.000Z</time>
      </trkpt>
      <trkpt lat="40.50301" lon="-7.81122">
        <ele>317</ele>
        <time>2026-08-15T15:19:26.000Z</time>
      </trkpt>
      <trkpt lat="40.50237" lon="-7.81106">
        <ele>321</ele>
        <time>2026-08-15T15:19:30.000Z</time>
      </trkpt>
      <trkpt lat="40.50173" lon="-7.8111">
        <ele>324</ele>
        <time>2026-08-15T15:19:34.000Z</time>
      </trkpt>
      <trkpt lat="40.50112" lon="-7.81115">
        <ele>329</ele>
        <time>2026-08-15T15:19:38.000Z</time>
      </trkpt>
      <trkpt lat="40.50056" lon="-7.81092">
        <ele>332</ele>
        <time>2026-08-15T15:19:42.000Z</time>
      </trkpt>
      <trkpt lat="40.50011" lon="-7.8104">
        <ele>336</ele>
        <time>2026-08-15T15:19:46.000Z</time>
      </trkpt>
      <trkpt lat="40.4997" lon="-7.80983">
        <ele>338</ele>
        <time>2026-08-15T15:19:50.000Z</time>
      </trkpt>
      <trkpt lat="40.49931" lon="-7.80921">
        <ele>342</ele>
        <time>2026-08-15T15:19:54.000Z</time>
      </trkpt>
      <trkpt lat="40.49885" lon="-7.80879">
        <ele>345</ele>
        <time>2026-08-15T15:19:58.000Z</time>
      </trkpt>
      <trkpt lat="40.49829" lon="-7.80878">
        <ele>348</ele>
        <time>2026-08-15T15:20:02.000Z</time>
      </trkpt>
      <trkpt lat="40.49771" lon="-7.80863">
        <ele>350</ele>
        <time>2026-08-15T15:20:06.000Z</time>
      </trkpt>
      <trkpt lat="40.49715" lon="-7.80854">
        <ele>353</ele>
        <time>2026-08-15T15:20:10.000Z</time>
      </trkpt>
      <trkpt lat="40.4968" lon="-7.80844">
        <ele>358</ele>
        <time>2026-08-15T15:20:14.000Z</time>
      </trkpt>
      <trkpt lat="40.49666" lon="-7.80839">
        <ele>363</ele>
        <time>2026-08-15T15:20:18.000Z</time>
      </trkpt>
      <trkpt lat="40.49649" lon="-7.80832">
        <ele>367</ele>
        <time>2026-08-15T15:20:22.000Z</time>
      </trkpt>
      <trkpt lat="40.49617" lon="-7.80826">
        <ele>366</ele>
        <time>2026-08-15T15:20:26.000Z</time>
      </trkpt>
      <trkpt lat="40.49575" lon="-7.80818">
        <ele>364</ele>
        <time>2026-08-15T15:20:30.000Z</time>
      </trkpt>
      <trkpt lat="40.49533" lon="-7.80815">
        <ele>359</ele>
        <time>2026-08-15T15:20:34.000Z</time>
      </trkpt>
      <trkpt lat="40.49498" lon="-7.80843">
        <ele>358</ele>
        <time>2026-08-15T15:20:38.000Z</time>
      </trkpt>
      <trkpt lat="40.49468" lon="-7.80892">
        <ele>359</ele>
        <time>2026-08-15T15:20:42.000Z</time>
      </trkpt>
      <trkpt lat="40.49451" lon="-7.80953">
        <ele>362</ele>
        <time>2026-08-15T15:20:46.000Z</time>
      </trkpt>
      <trkpt lat="40.49411" lon="-7.81001">
        <ele>365</ele>
        <time>2026-08-15T15:20:50.000Z</time>
      </trkpt>
      <trkpt lat="40.49359" lon="-7.81045">
        <ele>367</ele>
        <time>2026-08-15T15:20:54.000Z</time>
      </trkpt>
      <trkpt lat="40.49296" lon="-7.81084">
        <ele>368</ele>
        <time>2026-08-15T15:20:58.000Z</time>
      </trkpt>
      <trkpt lat="40.49235" lon="-7.81117">
        <ele>370</ele>
        <time>2026-08-15T15:21:02.000Z</time>
      </trkpt>
      <trkpt lat="40.49174" lon="-7.81112">
        <ele>375</ele>
        <time>2026-08-15T15:21:06.000Z</time>
      </trkpt>
      <trkpt lat="40.49129" lon="-7.81059">
        <ele>377</ele>
        <time>2026-08-15T15:21:10.000Z</time>
      </trkpt>
      <trkpt lat="40.49108" lon="-7.80976">
        <ele>376</ele>
        <time>2026-08-15T15:21:14.000Z</time>
      </trkpt>
      <trkpt lat="40.49089" lon="-7.80884">
        <ele>379</ele>
        <time>2026-08-15T15:21:18.000Z</time>
      </trkpt>
      <trkpt lat="40.49064" lon="-7.80791">
        <ele>383</ele>
        <time>2026-08-15T15:21:22.000Z</time>
      </trkpt>
      <trkpt lat="40.49037" lon="-7.80699">
        <ele>387</ele>
        <time>2026-08-15T15:21:26.000Z</time>
      </trkpt>
      <trkpt lat="40.49009" lon="-7.80615">
        <ele>389</ele>
        <time>2026-08-15T15:21:30.000Z</time>
      </trkpt>
      <trkpt lat="40.48965" lon="-7.80541">
        <ele>391</ele>
        <time>2026-08-15T15:21:34.000Z</time>
      </trkpt>
      <trkpt lat="40.48927" lon="-7.80469">
        <ele>391</ele>
        <time>2026-08-15T15:21:38.000Z</time>
      </trkpt>
      <trkpt lat="40.48915" lon="-7.80379">
        <ele>392</ele>
        <time>2026-08-15T15:21:42.000Z</time>
      </trkpt>
      <trkpt lat="40.48906" lon="-7.80284">
        <ele>393</ele>
        <time>2026-08-15T15:21:46.000Z</time>
      </trkpt>
      <trkpt lat="40.48894" lon="-7.80198">
        <ele>396</ele>
        <time>2026-08-15T15:21:50.000Z</time>
      </trkpt>
      <trkpt lat="40.48859" lon="-7.80122">
        <ele>398</ele>
        <time>2026-08-15T15:21:54.000Z</time>
      </trkpt>
      <trkpt lat="40.48811" lon="-7.8005">
        <ele>400</ele>
        <time>2026-08-15T15:21:58.000Z</time>
      </trkpt>
      <trkpt lat="40.48775" lon="-7.7997">
        <ele>401</ele>
        <time>2026-08-15T15:22:02.000Z</time>
      </trkpt>
      <trkpt lat="40.48744" lon="-7.79884">
        <ele>402</ele>
        <time>2026-08-15T15:22:06.000Z</time>
      </trkpt>
      <trkpt lat="40.48711" lon="-7.79803">
        <ele>402</ele>
        <time>2026-08-15T15:22:10.000Z</time>
      </trkpt>
      <trkpt lat="40.48657" lon="-7.79736">
        <ele>403</ele>
        <time>2026-08-15T15:22:14.000Z</time>
      </trkpt>
      <trkpt lat="40.486" lon="-7.79664">
        <ele>404</ele>
        <time>2026-08-15T15:22:18.000Z</time>
      </trkpt>
      <trkpt lat="40.48551" lon="-7.7958">
        <ele>406</ele>
        <time>2026-08-15T15:22:22.000Z</time>
      </trkpt>
      <trkpt lat="40.48502" lon="-7.79494">
        <ele>409</ele>
        <time>2026-08-15T15:22:26.000Z</time>
      </trkpt>
      <trkpt lat="40.48457" lon="-7.79413">
        <ele>413</ele>
        <time>2026-08-15T15:22:30.000Z</time>
      </trkpt>
      <trkpt lat="40.48427" lon="-7.79326">
        <ele>416</ele>
        <time>2026-08-15T15:22:34.000Z</time>
      </trkpt>
      <trkpt lat="40.48394" lon="-7.79247">
        <ele>418</ele>
        <time>2026-08-15T15:22:38.000Z</time>
      </trkpt>
      <trkpt lat="40.48342" lon="-7.7918">
        <ele>419</ele>
        <time>2026-08-15T15:22:42.000Z</time>
      </trkpt>
      <trkpt lat="40.48289" lon="-7.79111">
        <ele>421</ele>
        <time>2026-08-15T15:22:46.000Z</time>
      </trkpt>
      <trkpt lat="40.48227" lon="-7.79061">
        <ele>425</ele>
        <time>2026-08-15T15:22:50.000Z</time>
      </trkpt>
      <trkpt lat="40.48158" lon="-7.79037">
        <ele>430</ele>
        <time>2026-08-15T15:22:54.000Z</time>
      </trkpt>
      <trkpt lat="40.481" lon="-7.78985">
        <ele>433</ele>
        <time>2026-08-15T15:22:58.000Z</time>
      </trkpt>
      <trkpt lat="40.48039" lon="-7.78932">
        <ele>438</ele>
        <time>2026-08-15T15:23:02.000Z</time>
      </trkpt>
      <trkpt lat="40.47975" lon="-7.78885">
        <ele>443</ele>
        <time>2026-08-15T15:23:06.000Z</time>
      </trkpt>
      <trkpt lat="40.47913" lon="-7.78839">
        <ele>447</ele>
        <time>2026-08-15T15:23:10.000Z</time>
      </trkpt>
      <trkpt lat="40.4786" lon="-7.78776">
        <ele>450</ele>
        <time>2026-08-15T15:23:14.000Z</time>
      </trkpt>
      <trkpt lat="40.47817" lon="-7.78705">
        <ele>453</ele>
        <time>2026-08-15T15:23:18.000Z</time>
      </trkpt>
      <trkpt lat="40.47783" lon="-7.78649">
        <ele>455</ele>
        <time>2026-08-15T15:23:22.000Z</time>
      </trkpt>
      <trkpt lat="40.47755" lon="-7.78603">
        <ele>455</ele>
        <time>2026-08-15T15:23:26.000Z</time>
      </trkpt>
      <trkpt lat="40.47729" lon="-7.7856">
        <ele>455</ele>
        <time>2026-08-15T15:23:30.000Z</time>
      </trkpt>
      <trkpt lat="40.47706" lon="-7.78522">
        <ele>455</ele>
        <time>2026-08-15T15:23:34.000Z</time>
      </trkpt>
      <trkpt lat="40.47699" lon="-7.7848">
        <ele>455</ele>
        <time>2026-08-15T15:23:38.000Z</time>
      </trkpt>
      <trkpt lat="40.47707" lon="-7.78435">
        <ele>455</ele>
        <time>2026-08-15T15:23:42.000Z</time>
      </trkpt>
      <trkpt lat="40.47718" lon="-7.7838">
        <ele>454</ele>
        <time>2026-08-15T15:23:46.000Z</time>
      </trkpt>
      <trkpt lat="40.47729" lon="-7.78321">
        <ele>453</ele>
        <time>2026-08-15T15:23:50.000Z</time>
      </trkpt>
      <trkpt lat="40.47736" lon="-7.78263">
        <ele>455</ele>
        <time>2026-08-15T15:23:54.000Z</time>
      </trkpt>
      <trkpt lat="40.47742" lon="-7.78208">
        <ele>457</ele>
        <time>2026-08-15T15:23:58.000Z</time>
      </trkpt>
      <trkpt lat="40.47745" lon="-7.78158">
        <ele>460</ele>
        <time>2026-08-15T15:24:02.000Z</time>
      </trkpt>
      <trkpt lat="40.47732" lon="-7.78128">
        <ele>462</ele>
        <time>2026-08-15T15:24:06.000Z</time>
      </trkpt>
      <trkpt lat="40.47702" lon="-7.78101">
        <ele>463</ele>
        <time>2026-08-15T15:24:10.000Z</time>
      </trkpt>
      <trkpt lat="40.47672" lon="-7.78072">
        <ele>465</ele>
        <time>2026-08-15T15:24:14.000Z</time>
      </trkpt>
      <trkpt lat="40.47645" lon="-7.78037">
        <ele>464</ele>
        <time>2026-08-15T15:24:18.000Z</time>
      </trkpt>
      <trkpt lat="40.47622" lon="-7.77986">
        <ele>463</ele>
        <time>2026-08-15T15:24:22.000Z</time>
      </trkpt>
      <trkpt lat="40.476" lon="-7.77933">
        <ele>464</ele>
        <time>2026-08-15T15:24:26.000Z</time>
      </trkpt>
      <trkpt lat="40.47579" lon="-7.77884">
        <ele>463</ele>
        <time>2026-08-15T15:24:30.000Z</time>
      </trkpt>
      <trkpt lat="40.47558" lon="-7.77833">
        <ele>464</ele>
        <time>2026-08-15T15:24:34.000Z</time>
      </trkpt>
      <trkpt lat="40.47536" lon="-7.77781">
        <ele>466</ele>
        <time>2026-08-15T15:24:38.000Z</time>
      </trkpt>
      <trkpt lat="40.47514" lon="-7.7773">
        <ele>467</ele>
        <time>2026-08-15T15:24:42.000Z</time>
      </trkpt>
      <trkpt lat="40.47494" lon="-7.77681">
        <ele>469</ele>
        <time>2026-08-15T15:24:46.000Z</time>
      </trkpt>
      <trkpt lat="40.47474" lon="-7.77633">
        <ele>471</ele>
        <time>2026-08-15T15:24:50.000Z</time>
      </trkpt>
      <trkpt lat="40.47453" lon="-7.77585">
        <ele>472</ele>
        <time>2026-08-15T15:24:54.000Z</time>
      </trkpt>
      <trkpt lat="40.47432" lon="-7.77534">
        <ele>473</ele>
        <time>2026-08-15T15:24:58.000Z</time>
      </trkpt>
      <trkpt lat="40.47409" lon="-7.7748">
        <ele>474</ele>
        <time>2026-08-15T15:25:02.000Z</time>
      </trkpt>
      <trkpt lat="40.47383" lon="-7.7742">
        <ele>475</ele>
        <time>2026-08-15T15:25:06.000Z</time>
      </trkpt>
      <trkpt lat="40.47354" lon="-7.77353">
        <ele>475</ele>
        <time>2026-08-15T15:25:10.000Z</time>
      </trkpt>
      <trkpt lat="40.47324" lon="-7.77282">
        <ele>475</ele>
        <time>2026-08-15T15:25:14.000Z</time>
      </trkpt>
      <trkpt lat="40.47294" lon="-7.77212">
        <ele>477</ele>
        <time>2026-08-15T15:25:18.000Z</time>
      </trkpt>
      <trkpt lat="40.47264" lon="-7.77141">
        <ele>478</ele>
        <time>2026-08-15T15:25:22.000Z</time>
      </trkpt>
      <trkpt lat="40.47234" lon="-7.7707">
        <ele>482</ele>
        <time>2026-08-15T15:25:26.000Z</time>
      </trkpt>
      <trkpt lat="40.47207" lon="-7.77007">
        <ele>486</ele>
        <time>2026-08-15T15:25:30.000Z</time>
      </trkpt>
      <trkpt lat="40.47183" lon="-7.7695">
        <ele>487</ele>
        <time>2026-08-15T15:25:34.000Z</time>
      </trkpt>
      <trkpt lat="40.47155" lon="-7.76886">
        <ele>489</ele>
        <time>2026-08-15T15:25:38.000Z</time>
      </trkpt>
      <trkpt lat="40.47126" lon="-7.7682">
        <ele>494</ele>
        <time>2026-08-15T15:25:42.000Z</time>
      </trkpt>
      <trkpt lat="40.47097" lon="-7.76753">
        <ele>497</ele>
        <time>2026-08-15T15:25:46.000Z</time>
      </trkpt>
      <trkpt lat="40.47066" lon="-7.7669">
        <ele>498</ele>
        <time>2026-08-15T15:25:50.000Z</time>
      </trkpt>
      <trkpt lat="40.47036" lon="-7.76637">
        <ele>498</ele>
        <time>2026-08-15T15:25:54.000Z</time>
      </trkpt>
      <trkpt lat="40.47011" lon="-7.76595">
        <ele>499</ele>
        <time>2026-08-15T15:25:58.000Z</time>
      </trkpt>
      <trkpt lat="40.46991" lon="-7.76562">
        <ele>498</ele>
        <time>2026-08-15T15:26:02.000Z</time>
      </trkpt>
      <trkpt lat="40.4697" lon="-7.76527">
        <ele>498</ele>
        <time>2026-08-15T15:26:06.000Z</time>
      </trkpt>
      <trkpt lat="40.46944" lon="-7.76485">
        <ele>498</ele>
        <time>2026-08-15T15:26:10.000Z</time>
      </trkpt>
      <trkpt lat="40.46916" lon="-7.76438">
        <ele>499</ele>
        <time>2026-08-15T15:26:14.000Z</time>
      </trkpt>
      <trkpt lat="40.46886" lon="-7.76389">
        <ele>501</ele>
        <time>2026-08-15T15:26:18.000Z</time>
      </trkpt>
      <trkpt lat="40.46856" lon="-7.76338">
        <ele>503</ele>
        <time>2026-08-15T15:26:22.000Z</time>
      </trkpt>
      <trkpt lat="40.46832" lon="-7.76291">
        <ele>506</ele>
        <time>2026-08-15T15:26:26.000Z</time>
      </trkpt>
      <trkpt lat="40.46813" lon="-7.76251">
        <ele>507</ele>
        <time>2026-08-15T15:26:30.000Z</time>
      </trkpt>
      <trkpt lat="40.46791" lon="-7.76204">
        <ele>507</ele>
        <time>2026-08-15T15:26:34.000Z</time>
      </trkpt>
      <trkpt lat="40.46764" lon="-7.76145">
        <ele>507</ele>
        <time>2026-08-15T15:26:38.000Z</time>
      </trkpt>
      <trkpt lat="40.46736" lon="-7.7608">
        <ele>508</ele>
        <time>2026-08-15T15:26:42.000Z</time>
      </trkpt>
      <trkpt lat="40.46713" lon="-7.7601">
        <ele>508</ele>
        <time>2026-08-15T15:26:46.000Z</time>
      </trkpt>
      <trkpt lat="40.46694" lon="-7.75932">
        <ele>508</ele>
        <time>2026-08-15T15:26:50.000Z</time>
      </trkpt>
      <trkpt lat="40.46675" lon="-7.75856">
        <ele>507</ele>
        <time>2026-08-15T15:26:54.000Z</time>
      </trkpt>
      <trkpt lat="40.46656" lon="-7.75779">
        <ele>508</ele>
        <time>2026-08-15T15:26:58.000Z</time>
      </trkpt>
      <trkpt lat="40.46623" lon="-7.75714">
        <ele>508</ele>
        <time>2026-08-15T15:27:02.000Z</time>
      </trkpt>
      <trkpt lat="40.46589" lon="-7.75665">
        <ele>509</ele>
        <time>2026-08-15T15:27:06.000Z</time>
      </trkpt>
      <trkpt lat="40.46557" lon="-7.7562">
        <ele>510</ele>
        <time>2026-08-15T15:27:10.000Z</time>
      </trkpt>
      <trkpt lat="40.4652" lon="-7.75569">
        <ele>511</ele>
        <time>2026-08-15T15:27:14.000Z</time>
      </trkpt>
      <trkpt lat="40.46483" lon="-7.75517">
        <ele>513</ele>
        <time>2026-08-15T15:27:18.000Z</time>
      </trkpt>
      <trkpt lat="40.46444" lon="-7.75463">
        <ele>515</ele>
        <time>2026-08-15T15:27:22.000Z</time>
      </trkpt>
      <trkpt lat="40.46405" lon="-7.75405">
        <ele>519</ele>
        <time>2026-08-15T15:27:26.000Z</time>
      </trkpt>
      <trkpt lat="40.46377" lon="-7.75337">
        <ele>521</ele>
        <time>2026-08-15T15:27:30.000Z</time>
      </trkpt>
      <trkpt lat="40.46351" lon="-7.75277">
        <ele>522</ele>
        <time>2026-08-15T15:27:34.000Z</time>
      </trkpt>
      <trkpt lat="40.46325" lon="-7.75217">
        <ele>523</ele>
        <time>2026-08-15T15:27:38.000Z</time>
      </trkpt>
      <trkpt lat="40.46289" lon="-7.75158">
        <ele>523</ele>
        <time>2026-08-15T15:27:42.000Z</time>
      </trkpt>
      <trkpt lat="40.46235" lon="-7.75112">
        <ele>521</ele>
        <time>2026-08-15T15:27:46.000Z</time>
      </trkpt>
      <trkpt lat="40.46177" lon="-7.75069">
        <ele>517</ele>
        <time>2026-08-15T15:27:50.000Z</time>
      </trkpt>
      <trkpt lat="40.46119" lon="-7.75017">
        <ele>512</ele>
        <time>2026-08-15T15:27:54.000Z</time>
      </trkpt>
      <trkpt lat="40.46064" lon="-7.74955">
        <ele>509</ele>
        <time>2026-08-15T15:27:58.000Z</time>
      </trkpt>
      <trkpt lat="40.46008" lon="-7.74894">
        <ele>507</ele>
        <time>2026-08-15T15:28:02.000Z</time>
      </trkpt>
      <trkpt lat="40.45954" lon="-7.74833">
        <ele>506</ele>
        <time>2026-08-15T15:28:06.000Z</time>
      </trkpt>
      <trkpt lat="40.459" lon="-7.74775">
        <ele>506</ele>
        <time>2026-08-15T15:28:10.000Z</time>
      </trkpt>
      <trkpt lat="40.45839" lon="-7.7473">
        <ele>505</ele>
        <time>2026-08-15T15:28:14.000Z</time>
      </trkpt>
      <trkpt lat="40.45779" lon="-7.74684">
        <ele>505</ele>
        <time>2026-08-15T15:28:18.000Z</time>
      </trkpt>
      <trkpt lat="40.45725" lon="-7.74628">
        <ele>501</ele>
        <time>2026-08-15T15:28:22.000Z</time>
      </trkpt>
      <trkpt lat="40.45673" lon="-7.74566">
        <ele>500</ele>
        <time>2026-08-15T15:28:26.000Z</time>
      </trkpt>
      <trkpt lat="40.45624" lon="-7.74507">
        <ele>499</ele>
        <time>2026-08-15T15:28:30.000Z</time>
      </trkpt>
      <trkpt lat="40.45577" lon="-7.7445">
        <ele>498</ele>
        <time>2026-08-15T15:28:34.000Z</time>
      </trkpt>
      <trkpt lat="40.45527" lon="-7.7439">
        <ele>497</ele>
        <time>2026-08-15T15:28:38.000Z</time>
      </trkpt>
      <trkpt lat="40.4547" lon="-7.74334">
        <ele>497</ele>
        <time>2026-08-15T15:28:42.000Z</time>
      </trkpt>
      <trkpt lat="40.45401" lon="-7.74292">
        <ele>497</ele>
        <time>2026-08-15T15:28:46.000Z</time>
      </trkpt>
      <trkpt lat="40.45331" lon="-7.74257">
        <ele>498</ele>
        <time>2026-08-15T15:28:50.000Z</time>
      </trkpt>
      <trkpt lat="40.45261" lon="-7.74223">
        <ele>500</ele>
        <time>2026-08-15T15:28:54.000Z</time>
      </trkpt>
      <trkpt lat="40.45189" lon="-7.74188">
        <ele>503</ele>
        <time>2026-08-15T15:28:58.000Z</time>
      </trkpt>
      <trkpt lat="40.45116" lon="-7.74152">
        <ele>506</ele>
        <time>2026-08-15T15:29:02.000Z</time>
      </trkpt>
      <trkpt lat="40.45048" lon="-7.74118">
        <ele>509</ele>
        <time>2026-08-15T15:29:06.000Z</time>
      </trkpt>
      <trkpt lat="40.44986" lon="-7.7409">
        <ele>509</ele>
        <time>2026-08-15T15:29:10.000Z</time>
      </trkpt>
      <trkpt lat="40.44925" lon="-7.74061">
        <ele>508</ele>
        <time>2026-08-15T15:29:14.000Z</time>
      </trkpt>
      <trkpt lat="40.44862" lon="-7.74029">
        <ele>508</ele>
        <time>2026-08-15T15:29:18.000Z</time>
      </trkpt>
      <trkpt lat="40.44802" lon="-7.73985">
        <ele>510</ele>
        <time>2026-08-15T15:29:22.000Z</time>
      </trkpt>
      <trkpt lat="40.44747" lon="-7.73927">
        <ele>511</ele>
        <time>2026-08-15T15:29:26.000Z</time>
      </trkpt>
      <trkpt lat="40.44695" lon="-7.73866">
        <ele>509</ele>
        <time>2026-08-15T15:29:30.000Z</time>
      </trkpt>
      <trkpt lat="40.44646" lon="-7.73809">
        <ele>507</ele>
        <time>2026-08-15T15:29:34.000Z</time>
      </trkpt>
      <trkpt lat="40.44604" lon="-7.7376">
        <ele>507</ele>
        <time>2026-08-15T15:29:38.000Z</time>
      </trkpt>
      <trkpt lat="40.44569" lon="-7.73717">
        <ele>507</ele>
        <time>2026-08-15T15:29:42.000Z</time>
      </trkpt>
      <trkpt lat="40.44537" lon="-7.7368">
        <ele>508</ele>
        <time>2026-08-15T15:29:46.000Z</time>
      </trkpt>
      <trkpt lat="40.44505" lon="-7.73643">
        <ele>508</ele>
        <time>2026-08-15T15:29:50.000Z</time>
      </trkpt>
      <trkpt lat="40.44472" lon="-7.73605">
        <ele>508</ele>
        <time>2026-08-15T15:29:54.000Z</time>
      </trkpt>
      <trkpt lat="40.44434" lon="-7.73562">
        <ele>505</ele>
        <time>2026-08-15T15:29:58.000Z</time>
      </trkpt>
      <trkpt lat="40.44393" lon="-7.73515">
        <ele>502</ele>
        <time>2026-08-15T15:30:02.000Z</time>
      </trkpt>
      <trkpt lat="40.44349" lon="-7.73465">
        <ele>500</ele>
        <time>2026-08-15T15:30:06.000Z</time>
      </trkpt>
      <trkpt lat="40.44305" lon="-7.73414">
        <ele>501</ele>
        <time>2026-08-15T15:30:10.000Z</time>
      </trkpt>
      <trkpt lat="40.44261" lon="-7.73363">
        <ele>503</ele>
        <time>2026-08-15T15:30:14.000Z</time>
      </trkpt>
      <trkpt lat="40.44217" lon="-7.7331">
        <ele>502</ele>
        <time>2026-08-15T15:30:18.000Z</time>
      </trkpt>
      <trkpt lat="40.44172" lon="-7.73257">
        <ele>502</ele>
        <time>2026-08-15T15:30:22.000Z</time>
      </trkpt>
      <trkpt lat="40.44125" lon="-7.73202">
        <ele>502</ele>
        <time>2026-08-15T15:30:26.000Z</time>
      </trkpt>
      <trkpt lat="40.44079" lon="-7.73148">
        <ele>501</ele>
        <time>2026-08-15T15:30:30.000Z</time>
      </trkpt>
      <trkpt lat="40.44039" lon="-7.7309">
        <ele>503</ele>
        <time>2026-08-15T15:30:34.000Z</time>
      </trkpt>
      <trkpt lat="40.44012" lon="-7.73015">
        <ele>500</ele>
        <time>2026-08-15T15:30:38.000Z</time>
      </trkpt>
      <trkpt lat="40.43992" lon="-7.72937">
        <ele>497</ele>
        <time>2026-08-15T15:30:42.000Z</time>
      </trkpt>
      <trkpt lat="40.43956" lon="-7.72877">
        <ele>493</ele>
        <time>2026-08-15T15:30:46.000Z</time>
      </trkpt>
      <trkpt lat="40.43898" lon="-7.72846">
        <ele>491</ele>
        <time>2026-08-15T15:30:50.000Z</time>
      </trkpt>
      <trkpt lat="40.43835" lon="-7.72848">
        <ele>491</ele>
        <time>2026-08-15T15:30:54.000Z</time>
      </trkpt>
      <trkpt lat="40.43773" lon="-7.72854">
        <ele>492</ele>
        <time>2026-08-15T15:30:58.000Z</time>
      </trkpt>
      <trkpt lat="40.43712" lon="-7.72849">
        <ele>495</ele>
        <time>2026-08-15T15:31:02.000Z</time>
      </trkpt>
      <trkpt lat="40.43655" lon="-7.72812">
        <ele>494</ele>
        <time>2026-08-15T15:31:06.000Z</time>
      </trkpt>
      <trkpt lat="40.43616" lon="-7.7274">
        <ele>490</ele>
        <time>2026-08-15T15:31:10.000Z</time>
      </trkpt>
      <trkpt lat="40.43575" lon="-7.72662">
        <ele>486</ele>
        <time>2026-08-15T15:31:14.000Z</time>
      </trkpt>
      <trkpt lat="40.43534" lon="-7.72584">
        <ele>485</ele>
        <time>2026-08-15T15:31:18.000Z</time>
      </trkpt>
      <trkpt lat="40.43495" lon="-7.72506">
        <ele>485</ele>
        <time>2026-08-15T15:31:22.000Z</time>
      </trkpt>
      <trkpt lat="40.43457" lon="-7.72429">
        <ele>485</ele>
        <time>2026-08-15T15:31:26.000Z</time>
      </trkpt>
      <trkpt lat="40.43421" lon="-7.72356">
        <ele>484</ele>
        <time>2026-08-15T15:31:30.000Z</time>
      </trkpt>
      <trkpt lat="40.43389" lon="-7.7229">
        <ele>482</ele>
        <time>2026-08-15T15:31:34.000Z</time>
      </trkpt>
      <trkpt lat="40.43377" lon="-7.72219">
        <ele>479</ele>
        <time>2026-08-15T15:31:38.000Z</time>
      </trkpt>
      <trkpt lat="40.43384" lon="-7.72138">
        <ele>476</ele>
        <time>2026-08-15T15:31:42.000Z</time>
      </trkpt>
      <trkpt lat="40.43376" lon="-7.72064">
        <ele>471</ele>
        <time>2026-08-15T15:31:46.000Z</time>
      </trkpt>
      <trkpt lat="40.43338" lon="-7.72016">
        <ele>467</ele>
        <time>2026-08-15T15:31:50.000Z</time>
      </trkpt>
      <trkpt lat="40.43293" lon="-7.71986">
        <ele>466</ele>
        <time>2026-08-15T15:31:54.000Z</time>
      </trkpt>
      <trkpt lat="40.43259" lon="-7.71951">
        <ele>464</ele>
        <time>2026-08-15T15:31:58.000Z</time>
      </trkpt>
      <trkpt lat="40.43243" lon="-7.71907">
        <ele>462</ele>
        <time>2026-08-15T15:32:02.000Z</time>
      </trkpt>
      <trkpt lat="40.43223" lon="-7.71879">
        <ele>462</ele>
        <time>2026-08-15T15:32:06.000Z</time>
      </trkpt>
      <trkpt lat="40.43199" lon="-7.71863">
        <ele>461</ele>
        <time>2026-08-15T15:32:10.000Z</time>
      </trkpt>
      <trkpt lat="40.43169" lon="-7.71855">
        <ele>459</ele>
        <time>2026-08-15T15:32:14.000Z</time>
      </trkpt>
      <trkpt lat="40.4314" lon="-7.71847">
        <ele>461</ele>
        <time>2026-08-15T15:32:18.000Z</time>
      </trkpt>
      <trkpt lat="40.43116" lon="-7.71836">
        <ele>463</ele>
        <time>2026-08-15T15:32:22.000Z</time>
      </trkpt>
      <trkpt lat="40.4309" lon="-7.71822">
        <ele>464</ele>
        <time>2026-08-15T15:32:26.000Z</time>
      </trkpt>
      <trkpt lat="40.43087" lon="-7.71777">
        <ele>464</ele>
        <time>2026-08-15T15:32:30.000Z</time>
      </trkpt>
      <trkpt lat="40.43066" lon="-7.71736">
        <ele>461</ele>
        <time>2026-08-15T15:32:34.000Z</time>
      </trkpt>
      <trkpt lat="40.43037" lon="-7.71689">
        <ele>460</ele>
        <time>2026-08-15T15:32:38.000Z</time>
      </trkpt>
      <trkpt lat="40.43008" lon="-7.71641">
        <ele>460</ele>
        <time>2026-08-15T15:32:42.000Z</time>
      </trkpt>
      <trkpt lat="40.42975" lon="-7.71595">
        <ele>460</ele>
        <time>2026-08-15T15:32:46.000Z</time>
      </trkpt>
      <trkpt lat="40.42936" lon="-7.71558">
        <ele>460</ele>
        <time>2026-08-15T15:32:50.000Z</time>
      </trkpt>
      <trkpt lat="40.42895" lon="-7.7153">
        <ele>462</ele>
        <time>2026-08-15T15:32:54.000Z</time>
      </trkpt>
      <trkpt lat="40.42856" lon="-7.71504">
        <ele>463</ele>
        <time>2026-08-15T15:32:58.000Z</time>
      </trkpt>
      <trkpt lat="40.42824" lon="-7.71483">
        <ele>464</ele>
        <time>2026-08-15T15:33:02.000Z</time>
      </trkpt>
      <trkpt lat="40.42798" lon="-7.71488">
        <ele>466</ele>
        <time>2026-08-15T15:33:06.000Z</time>
      </trkpt>
      <trkpt lat="40.4278" lon="-7.71501">
        <ele>466</ele>
        <time>2026-08-15T15:33:10.000Z</time>
      </trkpt>
      <trkpt lat="40.42754" lon="-7.7146">
        <ele>466</ele>
        <time>2026-08-15T15:33:14.000Z</time>
      </trkpt>
      <trkpt lat="40.42723" lon="-7.71453">
        <ele>468</ele>
        <time>2026-08-15T15:33:18.000Z</time>
      </trkpt>
      <trkpt lat="40.42682" lon="-7.71453">
        <ele>468</ele>
        <time>2026-08-15T15:33:22.000Z</time>
      </trkpt>
      <trkpt lat="40.42637" lon="-7.71458">
        <ele>469</ele>
        <time>2026-08-15T15:33:26.000Z</time>
      </trkpt>
      <trkpt lat="40.4259" lon="-7.71464">
        <ele>470</ele>
        <time>2026-08-15T15:33:30.000Z</time>
      </trkpt>
      <trkpt lat="40.42544" lon="-7.7147">
        <ele>473</ele>
        <time>2026-08-15T15:33:34.000Z</time>
      </trkpt>
      <trkpt lat="40.42499" lon="-7.71469">
        <ele>475</ele>
        <time>2026-08-15T15:33:38.000Z</time>
      </trkpt>
      <trkpt lat="40.42457" lon="-7.71458">
        <ele>477</ele>
        <time>2026-08-15T15:33:42.000Z</time>
      </trkpt>
      <trkpt lat="40.42416" lon="-7.7144">
        <ele>479</ele>
        <time>2026-08-15T15:33:46.000Z</time>
      </trkpt>
      <trkpt lat="40.42374" lon="-7.7142">
        <ele>481</ele>
        <time>2026-08-15T15:33:50.000Z</time>
      </trkpt>
      <trkpt lat="40.42331" lon="-7.71397">
        <ele>484</ele>
        <time>2026-08-15T15:33:54.000Z</time>
      </trkpt>
      <trkpt lat="40.42287" lon="-7.71376">
        <ele>486</ele>
        <time>2026-08-15T15:33:58.000Z</time>
      </trkpt>
      <trkpt lat="40.42244" lon="-7.71357">
        <ele>487</ele>
        <time>2026-08-15T15:34:02.000Z</time>
      </trkpt>
      <trkpt lat="40.42205" lon="-7.71339">
        <ele>489</ele>
        <time>2026-08-15T15:34:06.000Z</time>
      </trkpt>
      <trkpt lat="40.42173" lon="-7.71324">
        <ele>492</ele>
        <time>2026-08-15T15:34:10.000Z</time>
      </trkpt>
      <trkpt lat="40.4215" lon="-7.71316">
        <ele>494</ele>
        <time>2026-08-15T15:34:14.000Z</time>
      </trkpt>
      <trkpt lat="40.42133" lon="-7.71313">
        <ele>495</ele>
        <time>2026-08-15T15:34:18.000Z</time>
      </trkpt>
      <trkpt lat="40.42116" lon="-7.71269">
        <ele>496</ele>
        <time>2026-08-15T15:34:22.000Z</time>
      </trkpt>
      <trkpt lat="40.42095" lon="-7.71233">
        <ele>497</ele>
        <time>2026-08-15T15:34:26.000Z</time>
      </trkpt>
      <trkpt lat="40.42087" lon="-7.71186">
        <ele>500</ele>
        <time>2026-08-15T15:34:30.000Z</time>
      </trkpt>
      <trkpt lat="40.4208" lon="-7.71132">
        <ele>503</ele>
        <time>2026-08-15T15:34:34.000Z</time>
      </trkpt>
      <trkpt lat="40.42083" lon="-7.71068">
        <ele>506</ele>
        <time>2026-08-15T15:34:38.000Z</time>
      </trkpt>
      <trkpt lat="40.42086" lon="-7.71001">
        <ele>509</ele>
        <time>2026-08-15T15:34:42.000Z</time>
      </trkpt>
      <trkpt lat="40.42082" lon="-7.70933">
        <ele>513</ele>
        <time>2026-08-15T15:34:46.000Z</time>
      </trkpt>
      <trkpt lat="40.42064" lon="-7.70872">
        <ele>517</ele>
        <time>2026-08-15T15:34:50.000Z</time>
      </trkpt>
      <trkpt lat="40.42034" lon="-7.70824">
        <ele>521</ele>
        <time>2026-08-15T15:34:54.000Z</time>
      </trkpt>
      <trkpt lat="40.42004" lon="-7.70787">
        <ele>523</ele>
        <time>2026-08-15T15:34:58.000Z</time>
      </trkpt>
      <trkpt lat="40.41987" lon="-7.70753">
        <ele>524</ele>
        <time>2026-08-15T15:35:02.000Z</time>
      </trkpt>
      <trkpt lat="40.41994" lon="-7.70717">
        <ele>525</ele>
        <time>2026-08-15T15:35:06.000Z</time>
      </trkpt>
      <trkpt lat="40.42012" lon="-7.70698">
        <ele>526</ele>
        <time>2026-08-15T15:35:10.000Z</time>
      </trkpt>
      <trkpt lat="40.42026" lon="-7.70678">
        <ele>527</ele>
        <time>2026-08-15T15:35:14.000Z</time>
      </trkpt>
      <trkpt lat="40.4204" lon="-7.70657">
        <ele>529</ele>
        <time>2026-08-15T15:35:18.000Z</time>
      </trkpt>
      <trkpt lat="40.42068" lon="-7.70648">
        <ele>530</ele>
        <time>2026-08-15T15:35:22.000Z</time>
      </trkpt>
      <trkpt lat="40.42093" lon="-7.70627">
        <ele>532</ele>
        <time>2026-08-15T15:35:26.000Z</time>
      </trkpt>
      <trkpt lat="40.42123" lon="-7.70613">
        <ele>534</ele>
        <time>2026-08-15T15:35:30.000Z</time>
      </trkpt>
      <trkpt lat="40.42156" lon="-7.70621">
        <ele>537</ele>
        <time>2026-08-15T15:35:34.000Z</time>
      </trkpt>
      <trkpt lat="40.4219" lon="-7.70619">
        <ele>539</ele>
        <time>2026-08-15T15:35:38.000Z</time>
      </trkpt>
      <trkpt lat="40.42213" lon="-7.70593">
        <ele>541</ele>
        <time>2026-08-15T15:35:42.000Z</time>
      </trkpt>
      <trkpt lat="40.4223" lon="-7.70571">
        <ele>542</ele>
        <time>2026-08-15T15:35:46.000Z</time>
      </trkpt>
      <trkpt lat="40.42234" lon="-7.70537">
        <ele>544</ele>
        <time>2026-08-15T15:35:50.000Z</time>
      </trkpt>
      <trkpt lat="40.42219" lon="-7.70505">
        <ele>546</ele>
        <time>2026-08-15T15:35:54.000Z</time>
      </trkpt>
      <trkpt lat="40.42191" lon="-7.70495">
        <ele>548</ele>
        <time>2026-08-15T15:35:58.000Z</time>
      </trkpt>
      <trkpt lat="40.42177" lon="-7.70499">
        <ele>551</ele>
        <time>2026-08-15T15:36:02.000Z</time>
      </trkpt>
      <trkpt lat="40.42161" lon="-7.70512">
        <ele>552</ele>
        <time>2026-08-15T15:36:06.000Z</time>
      </trkpt>
      <trkpt lat="40.42145" lon="-7.70519">
        <ele>554</ele>
        <time>2026-08-15T15:36:10.000Z</time>
      </trkpt>
      <trkpt lat="40.42137" lon="-7.70505">
        <ele>555</ele>
        <time>2026-08-15T15:36:14.000Z</time>
      </trkpt>
      <trkpt lat="40.42092" lon="-7.70488">
        <ele>557</ele>
        <time>2026-08-15T15:36:18.000Z</time>
      </trkpt>
      <trkpt lat="40.42062" lon="-7.70465">
        <ele>560</ele>
        <time>2026-08-15T15:36:22.000Z</time>
      </trkpt>
      <trkpt lat="40.42027" lon="-7.70443">
        <ele>563</ele>
        <time>2026-08-15T15:36:26.000Z</time>
      </trkpt>
      <trkpt lat="40.41995" lon="-7.70421">
        <ele>565</ele>
        <time>2026-08-15T15:36:30.000Z</time>
      </trkpt>
      <trkpt lat="40.41971" lon="-7.70405">
        <ele>567</ele>
        <time>2026-08-15T15:36:34.000Z</time>
      </trkpt>
      <trkpt lat="40.41955" lon="-7.70393">
        <ele>570</ele>
        <time>2026-08-15T15:36:38.000Z</time>
      </trkpt>
      <trkpt lat="40.41938" lon="-7.7038">
        <ele>572</ele>
        <time>2026-08-15T15:36:42.000Z</time>
      </trkpt>
      <trkpt lat="40.41919" lon="-7.70369">
        <ele>573</ele>
        <time>2026-08-15T15:36:46.000Z</time>
      </trkpt>
      <trkpt lat="40.41898" lon="-7.70364">
        <ele>572</ele>
        <time>2026-08-15T15:36:50.000Z</time>
      </trkpt>
      <trkpt lat="40.4188" lon="-7.70363">
        <ele>572</ele>
        <time>2026-08-15T15:36:54.000Z</time>
      </trkpt>
      <trkpt lat="40.41868" lon="-7.70371">
        <ele>573</ele>
        <time>2026-08-15T15:36:58.000Z</time>
      </trkpt>
      <trkpt lat="40.41859" lon="-7.7038">
        <ele>572</ele>
        <time>2026-08-15T16:28:39.000Z</time>
      </trkpt>
      <trkpt lat="40.41848" lon="-7.70403">
        <ele>572</ele>
        <time>2026-08-15T16:28:43.000Z</time>
      </trkpt>
      <trkpt lat="40.41838" lon="-7.70426">
        <ele>572</ele>
        <time>2026-08-15T16:28:47.000Z</time>
      </trkpt>
      <trkpt lat="40.4183" lon="-7.70449">
        <ele>572</ele>
        <time>2026-08-15T16:28:51.000Z</time>
      </trkpt>
      <trkpt lat="40.41823" lon="-7.70482">
        <ele>572</ele>
        <time>2026-08-15T16:28:55.000Z</time>
      </trkpt>
      <trkpt lat="40.4181" lon="-7.70512">
        <ele>572</ele>
        <time>2026-08-15T16:28:59.000Z</time>
      </trkpt>
      <trkpt lat="40.4179" lon="-7.70538">
        <ele>572</ele>
        <time>2026-08-15T16:29:03.000Z</time>
      </trkpt>
      <trkpt lat="40.4177" lon="-7.70554">
        <ele>572</ele>
        <time>2026-08-15T16:29:07.000Z</time>
      </trkpt>
      <trkpt lat="40.41754" lon="-7.7057">
        <ele>572</ele>
        <time>2026-08-15T16:29:11.000Z</time>
      </trkpt>
      <trkpt lat="40.4174" lon="-7.70591">
        <ele>572</ele>
        <time>2026-08-15T16:29:15.000Z</time>
      </trkpt>
      <trkpt lat="40.41731" lon="-7.70611">
        <ele>572</ele>
        <time>2026-08-15T16:29:19.000Z</time>
      </trkpt>
      <trkpt lat="40.41732" lon="-7.70624">
        <ele>572</ele>
        <time>2026-08-15T16:29:26.000Z</time>
      </trkpt>
      <trkpt lat="40.41739" lon="-7.70641">
        <ele>582</ele>
        <time>2026-08-15T16:29:30.000Z</time>
      </trkpt>
      <trkpt lat="40.41726" lon="-7.70676">
        <ele>582</ele>
        <time>2026-08-15T16:29:34.000Z</time>
      </trkpt>
      <trkpt lat="40.41714" lon="-7.70701">
        <ele>582</ele>
        <time>2026-08-15T16:29:38.000Z</time>
      </trkpt>
      <trkpt lat="40.41696" lon="-7.70715">
        <ele>582</ele>
        <time>2026-08-15T16:29:42.000Z</time>
      </trkpt>
      <trkpt lat="40.41685" lon="-7.70726">
        <ele>582</ele>
        <time>2026-08-15T16:29:46.000Z</time>
      </trkpt>
      <trkpt lat="40.41669" lon="-7.70704">
        <ele>582</ele>
        <time>2026-08-15T16:29:50.000Z</time>
      </trkpt>
      <trkpt lat="40.41677" lon="-7.70692">
        <ele>582</ele>
        <time>2026-08-15T16:29:54.000Z</time>
      </trkpt>
      <trkpt lat="40.41687" lon="-7.70678">
        <ele>587</ele>
        <time>2026-08-15T16:29:58.000Z</time>
      </trkpt>
      <trkpt lat="40.41699" lon="-7.70659">
        <ele>587</ele>
        <time>2026-08-15T16:30:02.000Z</time>
      </trkpt>
      <trkpt lat="40.41711" lon="-7.70642">
        <ele>587</ele>
        <time>2026-08-15T16:30:06.000Z</time>
      </trkpt>
      <trkpt lat="40.4172" lon="-7.70628">
        <ele>582</ele>
        <time>2026-08-15T16:30:10.000Z</time>
      </trkpt>
      <trkpt lat="40.41732" lon="-7.70606">
        <ele>582</ele>
        <time>2026-08-15T16:30:14.000Z</time>
      </trkpt>
      <trkpt lat="40.41742" lon="-7.70583">
        <ele>582</ele>
        <time>2026-08-15T16:30:18.000Z</time>
      </trkpt>
      <trkpt lat="40.41754" lon="-7.70565">
        <ele>582</ele>
        <time>2026-08-15T16:30:22.000Z</time>
      </trkpt>
      <trkpt lat="40.41763" lon="-7.70554">
        <ele>582</ele>
        <time>2026-08-15T16:30:26.000Z</time>
      </trkpt>
      <trkpt lat="40.4177" lon="-7.70546">
        <ele>582</ele>
        <time>2026-08-15T16:30:31.000Z</time>
      </trkpt>
      <trkpt lat="40.41777" lon="-7.7054">
        <ele>582</ele>
        <time>2026-08-15T16:30:36.000Z</time>
      </trkpt>
      <trkpt lat="40.41793" lon="-7.70527">
        <ele>582</ele>
        <time>2026-08-15T16:30:40.000Z</time>
      </trkpt>
      <trkpt lat="40.41808" lon="-7.70506">
        <ele>582</ele>
        <time>2026-08-15T16:30:44.000Z</time>
      </trkpt>
      <trkpt lat="40.4182" lon="-7.70477">
        <ele>582</ele>
        <time>2026-08-15T16:30:48.000Z</time>
      </trkpt>
      <trkpt lat="40.4183" lon="-7.70444">
        <ele>582</ele>
        <time>2026-08-15T16:30:52.000Z</time>
      </trkpt>
      <trkpt lat="40.41839" lon="-7.70414">
        <ele>582</ele>
        <time>2026-08-15T16:30:56.000Z</time>
      </trkpt>
      <trkpt lat="40.4185" lon="-7.70392">
        <ele>582</ele>
        <time>2026-08-15T16:31:00.000Z</time>
      </trkpt>
      <trkpt lat="40.41864" lon="-7.70369">
        <ele>582</ele>
        <time>2026-08-15T16:31:04.000Z</time>
      </trkpt>
      <trkpt lat="40.41876" lon="-7.70358">
        <ele>582</ele>
        <time>2026-08-15T16:31:08.000Z</time>
      </trkpt>
      <trkpt lat="40.41886" lon="-7.70356">
        <ele>571</ele>
        <time>2026-08-15T16:31:19.000Z</time>
      </trkpt>
      <trkpt lat="40.41905" lon="-7.70354">
        <ele>571</ele>
        <time>2026-08-15T16:31:23.000Z</time>
      </trkpt>
      <trkpt lat="40.41926" lon="-7.70354">
        <ele>573</ele>
        <time>2026-08-15T16:31:27.000Z</time>
      </trkpt>
      <trkpt lat="40.41944" lon="-7.70362">
        <ele>573</ele>
        <time>2026-08-15T16:31:31.000Z</time>
      </trkpt>
      <trkpt lat="40.41953" lon="-7.70384">
        <ele>573</ele>
        <time>2026-08-15T16:31:35.000Z</time>
      </trkpt>
      <trkpt lat="40.41967" lon="-7.70401">
        <ele>573</ele>
        <time>2026-08-15T16:31:39.000Z</time>
      </trkpt>
      <trkpt lat="40.4199" lon="-7.70417">
        <ele>573</ele>
        <time>2026-08-15T16:31:43.000Z</time>
      </trkpt>
      <trkpt lat="40.42015" lon="-7.70434">
        <ele>573</ele>
        <time>2026-08-15T16:31:47.000Z</time>
      </trkpt>
      <trkpt lat="40.42043" lon="-7.70453">
        <ele>573</ele>
        <time>2026-08-15T16:31:51.000Z</time>
      </trkpt>
      <trkpt lat="40.42071" lon="-7.70472">
        <ele>573</ele>
        <time>2026-08-15T16:31:55.000Z</time>
      </trkpt>
      <trkpt lat="40.42098" lon="-7.7049">
        <ele>573</ele>
        <time>2026-08-15T16:31:59.000Z</time>
      </trkpt>
      <trkpt lat="40.4212" lon="-7.70498">
        <ele>573</ele>
        <time>2026-08-15T16:32:03.000Z</time>
      </trkpt>
      <trkpt lat="40.42139" lon="-7.70494">
        <ele>573</ele>
        <time>2026-08-15T16:32:07.000Z</time>
      </trkpt>
      <trkpt lat="40.42155" lon="-7.70458">
        <ele>573</ele>
        <time>2026-08-15T16:32:11.000Z</time>
      </trkpt>
      <trkpt lat="40.42168" lon="-7.70414">
        <ele>573</ele>
        <time>2026-08-15T16:32:15.000Z</time>
      </trkpt>
      <trkpt lat="40.4218" lon="-7.70369">
        <ele>573</ele>
        <time>2026-08-15T16:32:19.000Z</time>
      </trkpt>
      <trkpt lat="40.42186" lon="-7.7033">
        <ele>573</ele>
        <time>2026-08-15T16:32:23.000Z</time>
      </trkpt>
      <trkpt lat="40.42169" lon="-7.70299">
        <ele>573</ele>
        <time>2026-08-15T16:32:27.000Z</time>
      </trkpt>
      <trkpt lat="40.42158" lon="-7.70289">
        <ele>573</ele>
        <time>2026-08-15T16:32:31.000Z</time>
      </trkpt>
      <trkpt lat="40.42145" lon="-7.70279">
        <ele>564</ele>
        <time>2026-08-15T16:32:38.000Z</time>
      </trkpt>
      <trkpt lat="40.42123" lon="-7.70262">
        <ele>564</ele>
        <time>2026-08-15T16:32:42.000Z</time>
      </trkpt>
      <trkpt lat="40.421" lon="-7.70244">
        <ele>564</ele>
        <time>2026-08-15T16:32:46.000Z</time>
      </trkpt>
      <trkpt lat="40.42074" lon="-7.70228">
        <ele>564</ele>
        <time>2026-08-15T16:32:50.000Z</time>
      </trkpt>
      <trkpt lat="40.42048" lon="-7.70216">
        <ele>564</ele>
        <time>2026-08-15T16:32:54.000Z</time>
      </trkpt>
      <trkpt lat="40.42025" lon="-7.70214">
        <ele>564</ele>
        <time>2026-08-15T16:32:58.000Z</time>
      </trkpt>
      <trkpt lat="40.42006" lon="-7.70223">
        <ele>564</ele>
        <time>2026-08-15T16:33:02.000Z</time>
      </trkpt>
      <trkpt lat="40.41987" lon="-7.70234">
        <ele>564</ele>
        <time>2026-08-15T16:33:06.000Z</time>
      </trkpt>
      <trkpt lat="40.41975" lon="-7.70223">
        <ele>564</ele>
        <time>2026-08-15T16:33:10.000Z</time>
      </trkpt>
      <trkpt lat="40.41964" lon="-7.70194">
        <ele>564</ele>
        <time>2026-08-15T16:33:14.000Z</time>
      </trkpt>
      <trkpt lat="40.41955" lon="-7.70167">
        <ele>564</ele>
        <time>2026-08-15T16:33:18.000Z</time>
      </trkpt>
      <trkpt lat="40.41962" lon="-7.70143">
        <ele>564</ele>
        <time>2026-08-15T16:33:22.000Z</time>
      </trkpt>
      <trkpt lat="40.41968" lon="-7.70111">
        <ele>564</ele>
        <time>2026-08-15T16:33:26.000Z</time>
      </trkpt>
      <trkpt lat="40.41975" lon="-7.70074">
        <ele>564</ele>
        <time>2026-08-15T16:33:30.000Z</time>
      </trkpt>
      <trkpt lat="40.41984" lon="-7.70029">
        <ele>564</ele>
        <time>2026-08-15T16:33:34.000Z</time>
      </trkpt>
      <trkpt lat="40.41988" lon="-7.69977">
        <ele>564</ele>
        <time>2026-08-15T16:33:38.000Z</time>
      </trkpt>
      <trkpt lat="40.41996" lon="-7.69926">
        <ele>564</ele>
        <time>2026-08-15T16:33:42.000Z</time>
      </trkpt>
      <trkpt lat="40.42016" lon="-7.69881">
        <ele>564</ele>
        <time>2026-08-15T16:33:46.000Z</time>
      </trkpt>
      <trkpt lat="40.4203" lon="-7.69842">
        <ele>564</ele>
        <time>2026-08-15T16:33:50.000Z</time>
      </trkpt>
      <trkpt lat="40.42029" lon="-7.69803">
        <ele>564</ele>
        <time>2026-08-15T16:33:54.000Z</time>
      </trkpt>
      <trkpt lat="40.42016" lon="-7.69757">
        <ele>564</ele>
        <time>2026-08-15T16:33:58.000Z</time>
      </trkpt>
      <trkpt lat="40.42007" lon="-7.69707">
        <ele>564</ele>
        <time>2026-08-15T16:34:02.000Z</time>
      </trkpt>
      <trkpt lat="40.42006" lon="-7.69652">
        <ele>618</ele>
        <time>2026-08-15T16:34:06.000Z</time>
      </trkpt>
      <trkpt lat="40.41989" lon="-7.69615">
        <ele>621</ele>
        <time>2026-08-15T16:34:10.000Z</time>
      </trkpt>
      <trkpt lat="40.4196" lon="-7.69623">
        <ele>624</ele>
        <time>2026-08-15T16:34:14.000Z</time>
      </trkpt>
      <trkpt lat="40.4196" lon="-7.69671">
        <ele>626</ele>
        <time>2026-08-15T16:34:18.000Z</time>
      </trkpt>
      <trkpt lat="40.41981" lon="-7.69719">
        <ele>629</ele>
        <time>2026-08-15T16:34:22.000Z</time>
      </trkpt>
      <trkpt lat="40.41984" lon="-7.69777">
        <ele>631</ele>
        <time>2026-08-15T16:34:26.000Z</time>
      </trkpt>
      <trkpt lat="40.4197" lon="-7.69833">
        <ele>632</ele>
        <time>2026-08-15T16:34:30.000Z</time>
      </trkpt>
      <trkpt lat="40.41939" lon="-7.6988">
        <ele>634</ele>
        <time>2026-08-15T16:34:34.000Z</time>
      </trkpt>
      <trkpt lat="40.41901" lon="-7.69924">
        <ele>638</ele>
        <time>2026-08-15T16:34:38.000Z</time>
      </trkpt>
      <trkpt lat="40.4186" lon="-7.69967">
        <ele>641</ele>
        <time>2026-08-15T16:34:42.000Z</time>
      </trkpt>
      <trkpt lat="40.41819" lon="-7.69999">
        <ele>646</ele>
        <time>2026-08-15T16:34:46.000Z</time>
      </trkpt>
      <trkpt lat="40.41769" lon="-7.70013">
        <ele>650</ele>
        <time>2026-08-15T16:34:50.000Z</time>
      </trkpt>
      <trkpt lat="40.41721" lon="-7.70034">
        <ele>655</ele>
        <time>2026-08-15T16:34:54.000Z</time>
      </trkpt>
      <trkpt lat="40.41675" lon="-7.70056">
        <ele>659</ele>
        <time>2026-08-15T16:34:58.000Z</time>
      </trkpt>
      <trkpt lat="40.41627" lon="-7.70036">
        <ele>662</ele>
        <time>2026-08-15T16:35:02.000Z</time>
      </trkpt>
      <trkpt lat="40.41584" lon="-7.70001">
        <ele>667</ele>
        <time>2026-08-15T16:35:06.000Z</time>
      </trkpt>
      <trkpt lat="40.41549" lon="-7.69953">
        <ele>674</ele>
        <time>2026-08-15T16:35:10.000Z</time>
      </trkpt>
      <trkpt lat="40.41522" lon="-7.69892">
        <ele>678</ele>
        <time>2026-08-15T16:35:14.000Z</time>
      </trkpt>
      <trkpt lat="40.41492" lon="-7.69844">
        <ele>682</ele>
        <time>2026-08-15T16:35:18.000Z</time>
      </trkpt>
      <trkpt lat="40.41447" lon="-7.69828">
        <ele>686</ele>
        <time>2026-08-15T16:35:22.000Z</time>
      </trkpt>
      <trkpt lat="40.41414" lon="-7.6985">
        <ele>689</ele>
        <time>2026-08-15T16:35:26.000Z</time>
      </trkpt>
      <trkpt lat="40.41396" lon="-7.69893">
        <ele>690</ele>
        <time>2026-08-15T16:35:30.000Z</time>
      </trkpt>
      <trkpt lat="40.41355" lon="-7.69914">
        <ele>692</ele>
        <time>2026-08-15T16:35:34.000Z</time>
      </trkpt>
      <trkpt lat="40.41309" lon="-7.69932">
        <ele>695</ele>
        <time>2026-08-15T16:35:38.000Z</time>
      </trkpt>
      <trkpt lat="40.41262" lon="-7.69937">
        <ele>701</ele>
        <time>2026-08-15T16:35:42.000Z</time>
      </trkpt>
      <trkpt lat="40.41213" lon="-7.69924">
        <ele>707</ele>
        <time>2026-08-15T16:35:46.000Z</time>
      </trkpt>
      <trkpt lat="40.41162" lon="-7.69908">
        <ele>713</ele>
        <time>2026-08-15T16:35:50.000Z</time>
      </trkpt>
      <trkpt lat="40.41123" lon="-7.69894">
        <ele>718</ele>
        <time>2026-08-15T16:35:54.000Z</time>
      </trkpt>
      <trkpt lat="40.41113" lon="-7.69854">
        <ele>721</ele>
        <time>2026-08-15T16:35:58.000Z</time>
      </trkpt>
      <trkpt lat="40.41128" lon="-7.69817">
        <ele>725</ele>
        <time>2026-08-15T16:36:02.000Z</time>
      </trkpt>
      <trkpt lat="40.41171" lon="-7.69809">
        <ele>729</ele>
        <time>2026-08-15T16:36:06.000Z</time>
      </trkpt>
      <trkpt lat="40.41213" lon="-7.69784">
        <ele>732</ele>
        <time>2026-08-15T16:36:10.000Z</time>
      </trkpt>
      <trkpt lat="40.41232" lon="-7.69728">
        <ele>735</ele>
        <time>2026-08-15T16:36:14.000Z</time>
      </trkpt>
      <trkpt lat="40.41253" lon="-7.6966">
        <ele>739</ele>
        <time>2026-08-15T16:36:18.000Z</time>
      </trkpt>
      <trkpt lat="40.41282" lon="-7.69599">
        <ele>745</ele>
        <time>2026-08-15T16:36:22.000Z</time>
      </trkpt>
      <trkpt lat="40.41317" lon="-7.69556">
        <ele>750</ele>
        <time>2026-08-15T16:36:26.000Z</time>
      </trkpt>
      <trkpt lat="40.41358" lon="-7.6952">
        <ele>756</ele>
        <time>2026-08-15T16:36:30.000Z</time>
      </trkpt>
      <trkpt lat="40.41367" lon="-7.69458">
        <ele>755</ele>
        <time>2026-08-15T16:36:34.000Z</time>
      </trkpt>
      <trkpt lat="40.41349" lon="-7.69395">
        <ele>759</ele>
        <time>2026-08-15T16:36:38.000Z</time>
      </trkpt>
      <trkpt lat="40.41346" lon="-7.69337">
        <ele>763</ele>
        <time>2026-08-15T16:36:42.000Z</time>
      </trkpt>
      <trkpt lat="40.41345" lon="-7.69279">
        <ele>769</ele>
        <time>2026-08-15T16:36:46.000Z</time>
      </trkpt>
      <trkpt lat="40.41324" lon="-7.69237">
        <ele>776</ele>
        <time>2026-08-15T16:36:50.000Z</time>
      </trkpt>
      <trkpt lat="40.41329" lon="-7.69205">
        <ele>779</ele>
        <time>2026-08-15T16:36:54.000Z</time>
      </trkpt>
      <trkpt lat="40.41357" lon="-7.69203">
        <ele>784</ele>
        <time>2026-08-15T16:36:58.000Z</time>
      </trkpt>
      <trkpt lat="40.41399" lon="-7.69192">
        <ele>787</ele>
        <time>2026-08-15T16:37:02.000Z</time>
      </trkpt>
      <trkpt lat="40.41424" lon="-7.69145">
        <ele>791</ele>
        <time>2026-08-15T16:37:06.000Z</time>
      </trkpt>
      <trkpt lat="40.41457" lon="-7.69096">
        <ele>795</ele>
        <time>2026-08-15T16:37:10.000Z</time>
      </trkpt>
      <trkpt lat="40.4149" lon="-7.69048">
        <ele>799</ele>
        <time>2026-08-15T16:37:14.000Z</time>
      </trkpt>
      <trkpt lat="40.41497" lon="-7.68999">
        <ele>802</ele>
        <time>2026-08-15T16:37:18.000Z</time>
      </trkpt>
      <trkpt lat="40.41482" lon="-7.68952">
        <ele>807</ele>
        <time>2026-08-15T16:37:22.000Z</time>
      </trkpt>
      <trkpt lat="40.41464" lon="-7.689">
        <ele>810</ele>
        <time>2026-08-15T16:37:26.000Z</time>
      </trkpt>
      <trkpt lat="40.41449" lon="-7.68858">
        <ele>812</ele>
        <time>2026-08-15T16:37:30.000Z</time>
      </trkpt>
      <trkpt lat="40.41461" lon="-7.68822">
        <ele>815</ele>
        <time>2026-08-15T16:37:34.000Z</time>
      </trkpt>
      <trkpt lat="40.41501" lon="-7.68818">
        <ele>818</ele>
        <time>2026-08-15T16:37:38.000Z</time>
      </trkpt>
      <trkpt lat="40.41545" lon="-7.68836">
        <ele>821</ele>
        <time>2026-08-15T16:37:42.000Z</time>
      </trkpt>
      <trkpt lat="40.41584" lon="-7.68806">
        <ele>824</ele>
        <time>2026-08-15T16:37:46.000Z</time>
      </trkpt>
      <trkpt lat="40.41604" lon="-7.68752">
        <ele>828</ele>
        <time>2026-08-15T16:37:50.000Z</time>
      </trkpt>
      <trkpt lat="40.41622" lon="-7.68696">
        <ele>833</ele>
        <time>2026-08-15T16:37:54.000Z</time>
      </trkpt>
      <trkpt lat="40.41631" lon="-7.6864">
        <ele>840</ele>
        <time>2026-08-15T16:37:58.000Z</time>
      </trkpt>
      <trkpt lat="40.41632" lon="-7.68585">
        <ele>846</ele>
        <time>2026-08-15T16:38:02.000Z</time>
      </trkpt>
      <trkpt lat="40.4166" lon="-7.6854">
        <ele>850</ele>
        <time>2026-08-15T16:38:06.000Z</time>
      </trkpt>
      <trkpt lat="40.41703" lon="-7.68503">
        <ele>854</ele>
        <time>2026-08-15T16:38:10.000Z</time>
      </trkpt>
      <trkpt lat="40.41743" lon="-7.68456">
        <ele>857</ele>
        <time>2026-08-15T16:38:14.000Z</time>
      </trkpt>
      <trkpt lat="40.41783" lon="-7.68407">
        <ele>859</ele>
        <time>2026-08-15T16:38:18.000Z</time>
      </trkpt>
      <trkpt lat="40.41815" lon="-7.68357">
        <ele>862</ele>
        <time>2026-08-15T16:38:22.000Z</time>
      </trkpt>
      <trkpt lat="40.41829" lon="-7.68293">
        <ele>863</ele>
        <time>2026-08-15T16:38:26.000Z</time>
      </trkpt>
      <trkpt lat="40.41851" lon="-7.68236">
        <ele>867</ele>
        <time>2026-08-15T16:38:30.000Z</time>
      </trkpt>
      <trkpt lat="40.41878" lon="-7.68182">
        <ele>871</ele>
        <time>2026-08-15T16:38:34.000Z</time>
      </trkpt>
      <trkpt lat="40.41883" lon="-7.68115">
        <ele>875</ele>
        <time>2026-08-15T16:38:38.000Z</time>
      </trkpt>
      <trkpt lat="40.41895" lon="-7.68053">
        <ele>881</ele>
        <time>2026-08-15T16:38:42.000Z</time>
      </trkpt>
      <trkpt lat="40.41901" lon="-7.67994">
        <ele>888</ele>
        <time>2026-08-15T16:38:46.000Z</time>
      </trkpt>
      <trkpt lat="40.41899" lon="-7.67933">
        <ele>899</ele>
        <time>2026-08-15T16:38:50.000Z</time>
      </trkpt>
      <trkpt lat="40.41913" lon="-7.67872">
        <ele>906</ele>
        <time>2026-08-15T16:38:54.000Z</time>
      </trkpt>
      <trkpt lat="40.41916" lon="-7.67804">
        <ele>913</ele>
        <time>2026-08-15T16:38:58.000Z</time>
      </trkpt>
      <trkpt lat="40.4192" lon="-7.67737">
        <ele>919</ele>
        <time>2026-08-15T16:39:02.000Z</time>
      </trkpt>
      <trkpt lat="40.41928" lon="-7.67677">
        <ele>923</ele>
        <time>2026-08-15T16:39:06.000Z</time>
      </trkpt>
      <trkpt lat="40.41935" lon="-7.67631">
        <ele>927</ele>
        <time>2026-08-15T16:39:10.000Z</time>
      </trkpt>
      <trkpt lat="40.41928" lon="-7.67597">
        <ele>929</ele>
        <time>2026-08-15T16:39:14.000Z</time>
      </trkpt>
      <trkpt lat="40.41899" lon="-7.67591">
        <ele>933</ele>
        <time>2026-08-15T16:39:18.000Z</time>
      </trkpt>
      <trkpt lat="40.41861" lon="-7.6763">
        <ele>936</ele>
        <time>2026-08-15T16:39:22.000Z</time>
      </trkpt>
      <trkpt lat="40.41822" lon="-7.67672">
        <ele>939</ele>
        <time>2026-08-15T16:39:26.000Z</time>
      </trkpt>
      <trkpt lat="40.41778" lon="-7.67722">
        <ele>943</ele>
        <time>2026-08-15T16:39:30.000Z</time>
      </trkpt>
      <trkpt lat="40.41744" lon="-7.67779">
        <ele>947</ele>
        <time>2026-08-15T16:39:34.000Z</time>
      </trkpt>
      <trkpt lat="40.41713" lon="-7.67836">
        <ele>950</ele>
        <time>2026-08-15T16:39:38.000Z</time>
      </trkpt>
      <trkpt lat="40.4168" lon="-7.67886">
        <ele>953</ele>
        <time>2026-08-15T16:39:42.000Z</time>
      </trkpt>
      <trkpt lat="40.41636" lon="-7.67917">
        <ele>956</ele>
        <time>2026-08-15T16:39:46.000Z</time>
      </trkpt>
      <trkpt lat="40.41583" lon="-7.67922">
        <ele>959</ele>
        <time>2026-08-15T16:39:50.000Z</time>
      </trkpt>
      <trkpt lat="40.41524" lon="-7.6792">
        <ele>963</ele>
        <time>2026-08-15T16:39:54.000Z</time>
      </trkpt>
      <trkpt lat="40.41464" lon="-7.67933">
        <ele>969</ele>
        <time>2026-08-15T16:39:58.000Z</time>
      </trkpt>
      <trkpt lat="40.41413" lon="-7.67954">
        <ele>975</ele>
        <time>2026-08-15T16:40:02.000Z</time>
      </trkpt>
      <trkpt lat="40.41368" lon="-7.67996">
        <ele>979</ele>
        <time>2026-08-15T16:40:06.000Z</time>
      </trkpt>
      <trkpt lat="40.41311" lon="-7.68023">
        <ele>981</ele>
        <time>2026-08-15T16:40:10.000Z</time>
      </trkpt>
      <trkpt lat="40.41246" lon="-7.68019">
        <ele>983</ele>
        <time>2026-08-15T16:40:14.000Z</time>
      </trkpt>
      <trkpt lat="40.41184" lon="-7.68013">
        <ele>989</ele>
        <time>2026-08-15T16:40:18.000Z</time>
      </trkpt>
      <trkpt lat="40.41129" lon="-7.68036">
        <ele>994</ele>
        <time>2026-08-15T16:40:22.000Z</time>
      </trkpt>
      <trkpt lat="40.41084" lon="-7.68088">
        <ele>998</ele>
        <time>2026-08-15T16:40:26.000Z</time>
      </trkpt>
      <trkpt lat="40.41047" lon="-7.68142">
        <ele>1003</ele>
        <time>2026-08-15T16:40:30.000Z</time>
      </trkpt>
      <trkpt lat="40.41005" lon="-7.68152">
        <ele>1011</ele>
        <time>2026-08-15T16:40:34.000Z</time>
      </trkpt>
      <trkpt lat="40.40982" lon="-7.68118">
        <ele>1016</ele>
        <time>2026-08-15T16:40:38.000Z</time>
      </trkpt>
      <trkpt lat="40.40993" lon="-7.68071">
        <ele>1020</ele>
        <time>2026-08-15T16:40:42.000Z</time>
      </trkpt>
      <trkpt lat="40.41027" lon="-7.68022">
        <ele>1024</ele>
        <time>2026-08-15T16:40:46.000Z</time>
      </trkpt>
      <trkpt lat="40.41064" lon="-7.67971">
        <ele>1029</ele>
        <time>2026-08-15T16:40:50.000Z</time>
      </trkpt>
      <trkpt lat="40.41098" lon="-7.67922">
        <ele>1032</ele>
        <time>2026-08-15T16:40:54.000Z</time>
      </trkpt>
      <trkpt lat="40.4113" lon="-7.67866">
        <ele>1034</ele>
        <time>2026-08-15T16:40:58.000Z</time>
      </trkpt>
      <trkpt lat="40.41164" lon="-7.67805">
        <ele>1036</ele>
        <time>2026-08-15T16:41:02.000Z</time>
      </trkpt>
      <trkpt lat="40.41197" lon="-7.67744">
        <ele>1039</ele>
        <time>2026-08-15T16:41:06.000Z</time>
      </trkpt>
      <trkpt lat="40.41228" lon="-7.67686">
        <ele>1041</ele>
        <time>2026-08-15T16:41:10.000Z</time>
      </trkpt>
      <trkpt lat="40.41257" lon="-7.67632">
        <ele>1043</ele>
        <time>2026-08-15T16:41:14.000Z</time>
      </trkpt>
      <trkpt lat="40.41273" lon="-7.67577">
        <ele>1044</ele>
        <time>2026-08-15T16:41:18.000Z</time>
      </trkpt>
      <trkpt lat="40.41279" lon="-7.67517">
        <ele>1044</ele>
        <time>2026-08-15T16:41:22.000Z</time>
      </trkpt>
      <trkpt lat="40.41286" lon="-7.67449">
        <ele>1045</ele>
        <time>2026-08-15T16:41:26.000Z</time>
      </trkpt>
      <trkpt lat="40.41293" lon="-7.67374">
        <ele>1045</ele>
        <time>2026-08-15T16:41:30.000Z</time>
      </trkpt>
      <trkpt lat="40.41301" lon="-7.67297">
        <ele>1048</ele>
        <time>2026-08-15T16:41:34.000Z</time>
      </trkpt>
      <trkpt lat="40.41294" lon="-7.67226">
        <ele>1052</ele>
        <time>2026-08-15T16:41:38.000Z</time>
      </trkpt>
      <trkpt lat="40.41257" lon="-7.67173">
        <ele>1057</ele>
        <time>2026-08-15T16:41:42.000Z</time>
      </trkpt>
      <trkpt lat="40.41208" lon="-7.67144">
        <ele>1063</ele>
        <time>2026-08-15T16:41:47.000Z</time>
      </trkpt>
      <trkpt lat="40.4115" lon="-7.67104">
        <ele>1067</ele>
        <time>2026-08-15T16:41:51.000Z</time>
      </trkpt>
      <trkpt lat="40.41116" lon="-7.67051">
        <ele>1072</ele>
        <time>2026-08-15T16:41:55.000Z</time>
      </trkpt>
      <trkpt lat="40.41089" lon="-7.66988">
        <ele>1075</ele>
        <time>2026-08-15T16:41:59.000Z</time>
      </trkpt>
      <trkpt lat="40.41063" lon="-7.66929">
        <ele>1080</ele>
        <time>2026-08-15T16:42:03.000Z</time>
      </trkpt>
      <trkpt lat="40.41047" lon="-7.66867">
        <ele>1083</ele>
        <time>2026-08-15T16:42:07.000Z</time>
      </trkpt>
      <trkpt lat="40.4105" lon="-7.66791">
        <ele>1086</ele>
        <time>2026-08-15T16:42:11.000Z</time>
      </trkpt>
      <trkpt lat="40.41055" lon="-7.66712">
        <ele>1088</ele>
        <time>2026-08-15T16:42:15.000Z</time>
      </trkpt>
      <trkpt lat="40.41038" lon="-7.66644">
        <ele>1092</ele>
        <time>2026-08-15T16:42:19.000Z</time>
      </trkpt>
      <trkpt lat="40.40994" lon="-7.66598">
        <ele>1097</ele>
        <time>2026-08-15T16:42:23.000Z</time>
      </trkpt>
      <trkpt lat="40.40957" lon="-7.66547">
        <ele>1103</ele>
        <time>2026-08-15T16:42:27.000Z</time>
      </trkpt>
      <trkpt lat="40.40957" lon="-7.6648">
        <ele>1107</ele>
        <time>2026-08-15T16:42:31.000Z</time>
      </trkpt>
      <trkpt lat="40.40967" lon="-7.66416">
        <ele>1110</ele>
        <time>2026-08-15T16:42:35.000Z</time>
      </trkpt>
      <trkpt lat="40.4095" lon="-7.66359">
        <ele>1113</ele>
        <time>2026-08-15T16:42:39.000Z</time>
      </trkpt>
      <trkpt lat="40.40903" lon="-7.66337">
        <ele>1117</ele>
        <time>2026-08-15T16:42:43.000Z</time>
      </trkpt>
      <trkpt lat="40.4085" lon="-7.66358">
        <ele>1124</ele>
        <time>2026-08-15T16:42:47.000Z</time>
      </trkpt>
      <trkpt lat="40.40798" lon="-7.6638">
        <ele>1130</ele>
        <time>2026-08-15T16:42:51.000Z</time>
      </trkpt>
      <trkpt lat="40.40749" lon="-7.6639">
        <ele>1136</ele>
        <time>2026-08-15T16:42:55.000Z</time>
      </trkpt>
      <trkpt lat="40.40703" lon="-7.66372">
        <ele>1140</ele>
        <time>2026-08-15T16:42:59.000Z</time>
      </trkpt>
      <trkpt lat="40.40657" lon="-7.66346">
        <ele>1143</ele>
        <time>2026-08-15T16:43:03.000Z</time>
      </trkpt>
      <trkpt lat="40.40609" lon="-7.6632">
        <ele>1149</ele>
        <time>2026-08-15T16:43:07.000Z</time>
      </trkpt>
      <trkpt lat="40.40562" lon="-7.66294">
        <ele>1152</ele>
        <time>2026-08-15T16:43:11.000Z</time>
      </trkpt>
      <trkpt lat="40.40517" lon="-7.66269">
        <ele>1155</ele>
        <time>2026-08-15T16:43:15.000Z</time>
      </trkpt>
      <trkpt lat="40.4047" lon="-7.66244">
        <ele>1160</ele>
        <time>2026-08-15T16:43:19.000Z</time>
      </trkpt>
      <trkpt lat="40.40425" lon="-7.66215">
        <ele>1165</ele>
        <time>2026-08-15T16:43:23.000Z</time>
      </trkpt>
      <trkpt lat="40.40392" lon="-7.66164">
        <ele>1170</ele>
        <time>2026-08-15T16:43:27.000Z</time>
      </trkpt>
      <trkpt lat="40.40381" lon="-7.66099">
        <ele>1173</ele>
        <time>2026-08-15T16:43:31.000Z</time>
      </trkpt>
      <trkpt lat="40.40391" lon="-7.66029">
        <ele>1175</ele>
        <time>2026-08-15T16:43:35.000Z</time>
      </trkpt>
      <trkpt lat="40.40402" lon="-7.65968">
        <ele>1175</ele>
        <time>2026-08-15T16:43:39.000Z</time>
      </trkpt>
      <trkpt lat="40.40413" lon="-7.65906">
        <ele>1175</ele>
        <time>2026-08-15T16:43:43.000Z</time>
      </trkpt>
      <trkpt lat="40.40444" lon="-7.65858">
        <ele>1173</ele>
        <time>2026-08-15T16:43:47.000Z</time>
      </trkpt>
      <trkpt lat="40.40494" lon="-7.65823">
        <ele>1170</ele>
        <time>2026-08-15T16:43:51.000Z</time>
      </trkpt>
      <trkpt lat="40.40543" lon="-7.65788">
        <ele>1169</ele>
        <time>2026-08-15T16:43:55.000Z</time>
      </trkpt>
      <trkpt lat="40.4057" lon="-7.65731">
        <ele>1168</ele>
        <time>2026-08-15T16:43:59.000Z</time>
      </trkpt>
      <trkpt lat="40.40573" lon="-7.65663">
        <ele>1169</ele>
        <time>2026-08-15T16:44:03.000Z</time>
      </trkpt>
      <trkpt lat="40.40585" lon="-7.65601">
        <ele>1167</ele>
        <time>2026-08-15T16:44:07.000Z</time>
      </trkpt>
      <trkpt lat="40.40625" lon="-7.65558">
        <ele>1165</ele>
        <time>2026-08-15T16:44:11.000Z</time>
      </trkpt>
      <trkpt lat="40.40665" lon="-7.65514">
        <ele>1165</ele>
        <time>2026-08-15T16:44:15.000Z</time>
      </trkpt>
      <trkpt lat="40.40671" lon="-7.6545">
        <ele>1165</ele>
        <time>2026-08-15T16:44:19.000Z</time>
      </trkpt>
      <trkpt lat="40.40657" lon="-7.65381">
        <ele>1163</ele>
        <time>2026-08-15T16:44:23.000Z</time>
      </trkpt>
      <trkpt lat="40.40639" lon="-7.65311">
        <ele>1160</ele>
        <time>2026-08-15T16:44:27.000Z</time>
      </trkpt>
      <trkpt lat="40.40615" lon="-7.65245">
        <ele>1158</ele>
        <time>2026-08-15T16:44:31.000Z</time>
      </trkpt>
      <trkpt lat="40.40585" lon="-7.65179">
        <ele>1154</ele>
        <time>2026-08-15T16:44:35.000Z</time>
      </trkpt>
      <trkpt lat="40.40552" lon="-7.65113">
        <ele>1150</ele>
        <time>2026-08-15T16:44:39.000Z</time>
      </trkpt>
      <trkpt lat="40.40528" lon="-7.65052">
        <ele>1147</ele>
        <time>2026-08-15T16:44:43.000Z</time>
      </trkpt>
      <trkpt lat="40.40525" lon="-7.64987">
        <ele>1146</ele>
        <time>2026-08-15T16:44:47.000Z</time>
      </trkpt>
      <trkpt lat="40.40532" lon="-7.64927">
        <ele>1146</ele>
        <time>2026-08-15T16:44:51.000Z</time>
      </trkpt>
      <trkpt lat="40.40521" lon="-7.64874">
        <ele>1143</ele>
        <time>2026-08-15T16:44:55.000Z</time>
      </trkpt>
      <trkpt lat="40.40496" lon="-7.6483">
        <ele>1141</ele>
        <time>2026-08-15T16:44:59.000Z</time>
      </trkpt>
      <trkpt lat="40.40476" lon="-7.64788">
        <ele>1139</ele>
        <time>2026-08-15T16:45:03.000Z</time>
      </trkpt>
      <trkpt lat="40.40473" lon="-7.64735">
        <ele>1139</ele>
        <time>2026-08-15T16:45:07.000Z</time>
      </trkpt>
      <trkpt lat="40.40479" lon="-7.64684">
        <ele>1138</ele>
        <time>2026-08-15T16:45:11.000Z</time>
      </trkpt>
      <trkpt lat="40.40492" lon="-7.64635">
        <ele>1138</ele>
        <time>2026-08-15T16:45:15.000Z</time>
      </trkpt>
      <trkpt lat="40.40485" lon="-7.64588">
        <ele>1138</ele>
        <time>2026-08-15T16:45:19.000Z</time>
      </trkpt>
      <trkpt lat="40.40465" lon="-7.64547">
        <ele>1139</ele>
        <time>2026-08-15T16:45:23.000Z</time>
      </trkpt>
      <trkpt lat="40.40448" lon="-7.64507">
        <ele>1139</ele>
        <time>2026-08-15T16:45:27.000Z</time>
      </trkpt>
      <trkpt lat="40.4045" lon="-7.6446">
        <ele>1138</ele>
        <time>2026-08-15T16:45:31.000Z</time>
      </trkpt>
      <trkpt lat="40.40456" lon="-7.64411">
        <ele>1135</ele>
        <time>2026-08-15T16:45:35.000Z</time>
      </trkpt>
      <trkpt lat="40.40462" lon="-7.64359">
        <ele>1133</ele>
        <time>2026-08-15T16:45:39.000Z</time>
      </trkpt>
      <trkpt lat="40.40456" lon="-7.64307">
        <ele>1130</ele>
        <time>2026-08-15T16:45:43.000Z</time>
      </trkpt>
      <trkpt lat="40.40423" lon="-7.64286">
        <ele>1127</ele>
        <time>2026-08-15T16:45:47.000Z</time>
      </trkpt>
      <trkpt lat="40.40391" lon="-7.64275">
        <ele>1124</ele>
        <time>2026-08-15T16:45:51.000Z</time>
      </trkpt>
      <trkpt lat="40.40367" lon="-7.64254">
        <ele>1120</ele>
        <time>2026-08-15T16:45:55.000Z</time>
      </trkpt>
      <trkpt lat="40.40349" lon="-7.64225">
        <ele>1117</ele>
        <time>2026-08-15T16:45:59.000Z</time>
      </trkpt>
      <trkpt lat="40.40329" lon="-7.64195">
        <ele>1113</ele>
        <time>2026-08-15T16:46:03.000Z</time>
      </trkpt>
      <trkpt lat="40.40302" lon="-7.64173">
        <ele>1109</ele>
        <time>2026-08-15T16:46:07.000Z</time>
      </trkpt>
      <trkpt lat="40.4027" lon="-7.64161">
        <ele>1107</ele>
        <time>2026-08-15T16:46:11.000Z</time>
      </trkpt>
      <trkpt lat="40.40247" lon="-7.64152">
        <ele>1105</ele>
        <time>2026-08-15T16:46:15.000Z</time>
      </trkpt>
      <trkpt lat="40.40222" lon="-7.64143">
        <ele>1104</ele>
        <time>2026-08-15T16:46:19.000Z</time>
      </trkpt>
      <trkpt lat="40.40194" lon="-7.64133">
        <ele>1103</ele>
        <time>2026-08-15T16:46:23.000Z</time>
      </trkpt>
      <trkpt lat="40.40159" lon="-7.64121">
        <ele>1100</ele>
        <time>2026-08-15T16:46:27.000Z</time>
      </trkpt>
      <trkpt lat="40.40124" lon="-7.64114">
        <ele>1096</ele>
        <time>2026-08-15T16:46:31.000Z</time>
      </trkpt>
      <trkpt lat="40.401" lon="-7.64141">
        <ele>1092</ele>
        <time>2026-08-15T16:46:35.000Z</time>
      </trkpt>
      <trkpt lat="40.40077" lon="-7.64179">
        <ele>1085</ele>
        <time>2026-08-15T16:46:39.000Z</time>
      </trkpt>
      <trkpt lat="40.40041" lon="-7.64205">
        <ele>1084</ele>
        <time>2026-08-15T16:46:43.000Z</time>
      </trkpt>
      <trkpt lat="40.40015" lon="-7.64239">
        <ele>1084</ele>
        <time>2026-08-15T16:46:47.000Z</time>
      </trkpt>
      <trkpt lat="40.40021" lon="-7.6428">
        <ele>1084</ele>
        <time>2026-08-15T16:46:51.000Z</time>
      </trkpt>
      <trkpt lat="40.40047" lon="-7.64311">
        <ele>1088</ele>
        <time>2026-08-15T16:46:55.000Z</time>
      </trkpt>
      <trkpt lat="40.40064" lon="-7.64357">
        <ele>1092</ele>
        <time>2026-08-15T16:46:59.000Z</time>
      </trkpt>
      <trkpt lat="40.4007" lon="-7.64419">
        <ele>1096</ele>
        <time>2026-08-15T16:47:03.000Z</time>
      </trkpt>
      <trkpt lat="40.40048" lon="-7.64473">
        <ele>1102</ele>
        <time>2026-08-15T16:47:07.000Z</time>
      </trkpt>
      <trkpt lat="40.40008" lon="-7.64524">
        <ele>1108</ele>
        <time>2026-08-15T16:47:11.000Z</time>
      </trkpt>
      <trkpt lat="40.3998" lon="-7.64578">
        <ele>1113</ele>
        <time>2026-08-15T16:47:15.000Z</time>
      </trkpt>
      <trkpt lat="40.39958" lon="-7.64638">
        <ele>1118</ele>
        <time>2026-08-15T16:47:19.000Z</time>
      </trkpt>
      <trkpt lat="40.39934" lon="-7.6469">
        <ele>1122</ele>
        <time>2026-08-15T16:47:23.000Z</time>
      </trkpt>
      <trkpt lat="40.39943" lon="-7.64754">
        <ele>1127</ele>
        <time>2026-08-15T16:47:27.000Z</time>
      </trkpt>
      <trkpt lat="40.39937" lon="-7.64822">
        <ele>1131</ele>
        <time>2026-08-15T16:47:31.000Z</time>
      </trkpt>
      <trkpt lat="40.3995" lon="-7.64883">
        <ele>1135</ele>
        <time>2026-08-15T16:47:35.000Z</time>
      </trkpt>
      <trkpt lat="40.39963" lon="-7.64937">
        <ele>1140</ele>
        <time>2026-08-15T16:47:39.000Z</time>
      </trkpt>
      <trkpt lat="40.39956" lon="-7.64981">
        <ele>1143</ele>
        <time>2026-08-15T16:47:43.000Z</time>
      </trkpt>
      <trkpt lat="40.3992" lon="-7.65003">
        <ele>1147</ele>
        <time>2026-08-15T16:47:47.000Z</time>
      </trkpt>
      <trkpt lat="40.39871" lon="-7.65003">
        <ele>1151</ele>
        <time>2026-08-15T16:47:51.000Z</time>
      </trkpt>
      <trkpt lat="40.39816" lon="-7.65001">
        <ele>1156</ele>
        <time>2026-08-15T16:47:55.000Z</time>
      </trkpt>
      <trkpt lat="40.39763" lon="-7.65008">
        <ele>1162</ele>
        <time>2026-08-15T16:47:59.000Z</time>
      </trkpt>
      <trkpt lat="40.39713" lon="-7.65035">
        <ele>1168</ele>
        <time>2026-08-15T16:48:03.000Z</time>
      </trkpt>
      <trkpt lat="40.3967" lon="-7.65081">
        <ele>1175</ele>
        <time>2026-08-15T16:48:07.000Z</time>
      </trkpt>
      <trkpt lat="40.39636" lon="-7.6514">
        <ele>1180</ele>
        <time>2026-08-15T16:48:11.000Z</time>
      </trkpt>
      <trkpt lat="40.3962" lon="-7.65203">
        <ele>1186</ele>
        <time>2026-08-15T16:48:15.000Z</time>
      </trkpt>
      <trkpt lat="40.39634" lon="-7.65251">
        <ele>1192</ele>
        <time>2026-08-15T16:48:19.000Z</time>
      </trkpt>
      <trkpt lat="40.39622" lon="-7.653">
        <ele>1196</ele>
        <time>2026-08-15T16:48:23.000Z</time>
      </trkpt>
      <trkpt lat="40.39607" lon="-7.65353">
        <ele>1199</ele>
        <time>2026-08-15T16:48:27.000Z</time>
      </trkpt>
      <trkpt lat="40.39632" lon="-7.65395">
        <ele>1203</ele>
        <time>2026-08-15T16:48:31.000Z</time>
      </trkpt>
      <trkpt lat="40.39641" lon="-7.65436">
        <ele>1207</ele>
        <time>2026-08-15T16:48:35.000Z</time>
      </trkpt>
      <trkpt lat="40.3961" lon="-7.65455">
        <ele>1211</ele>
        <time>2026-08-15T16:48:39.000Z</time>
      </trkpt>
      <trkpt lat="40.3958" lon="-7.65419">
        <ele>1213</ele>
        <time>2026-08-15T16:48:43.000Z</time>
      </trkpt>
      <trkpt lat="40.39552" lon="-7.65368">
        <ele>1217</ele>
        <time>2026-08-15T16:48:47.000Z</time>
      </trkpt>
      <trkpt lat="40.39551" lon="-7.653">
        <ele>1220</ele>
        <time>2026-08-15T16:48:51.000Z</time>
      </trkpt>
      <trkpt lat="40.39539" lon="-7.65234">
        <ele>1224</ele>
        <time>2026-08-15T16:48:55.000Z</time>
      </trkpt>
      <trkpt lat="40.39514" lon="-7.65164">
        <ele>1231</ele>
        <time>2026-08-15T16:48:59.000Z</time>
      </trkpt>
      <trkpt lat="40.39503" lon="-7.65084">
        <ele>1237</ele>
        <time>2026-08-15T16:49:03.000Z</time>
      </trkpt>
      <trkpt lat="40.39495" lon="-7.65006">
        <ele>1244</ele>
        <time>2026-08-15T16:49:07.000Z</time>
      </trkpt>
      <trkpt lat="40.39477" lon="-7.64931">
        <ele>1250</ele>
        <time>2026-08-15T16:49:11.000Z</time>
      </trkpt>
      <trkpt lat="40.39454" lon="-7.64859">
        <ele>1255</ele>
        <time>2026-08-15T16:49:15.000Z</time>
      </trkpt>
      <trkpt lat="40.39434" lon="-7.64796">
        <ele>1260</ele>
        <time>2026-08-15T16:49:19.000Z</time>
      </trkpt>
      <trkpt lat="40.39415" lon="-7.64752">
        <ele>1263</ele>
        <time>2026-08-15T16:49:23.000Z</time>
      </trkpt>
      <trkpt lat="40.39378" lon="-7.64724">
        <ele>1266</ele>
        <time>2026-08-15T16:49:27.000Z</time>
      </trkpt>
      <trkpt lat="40.39333" lon="-7.64728">
        <ele>1269</ele>
        <time>2026-08-15T16:49:31.000Z</time>
      </trkpt>
      <trkpt lat="40.39294" lon="-7.64769">
        <ele>1276</ele>
        <time>2026-08-15T16:49:35.000Z</time>
      </trkpt>
      <trkpt lat="40.39268" lon="-7.64841">
        <ele>1283</ele>
        <time>2026-08-15T16:49:39.000Z</time>
      </trkpt>
      <trkpt lat="40.3924" lon="-7.6492">
        <ele>1291</ele>
        <time>2026-08-15T16:49:43.000Z</time>
      </trkpt>
      <trkpt lat="40.39211" lon="-7.65002">
        <ele>1298</ele>
        <time>2026-08-15T16:49:47.000Z</time>
      </trkpt>
      <trkpt lat="40.39185" lon="-7.65077">
        <ele>1304</ele>
        <time>2026-08-15T16:49:51.000Z</time>
      </trkpt>
      <trkpt lat="40.39147" lon="-7.65124">
        <ele>1309</ele>
        <time>2026-08-15T16:49:55.000Z</time>
      </trkpt>
      <trkpt lat="40.39092" lon="-7.65116">
        <ele>1312</ele>
        <time>2026-08-15T16:49:59.000Z</time>
      </trkpt>
      <trkpt lat="40.3904" lon="-7.65132">
        <ele>1320</ele>
        <time>2026-08-15T16:50:03.000Z</time>
      </trkpt>
      <trkpt lat="40.38991" lon="-7.65175">
        <ele>1325</ele>
        <time>2026-08-15T16:50:07.000Z</time>
      </trkpt>
      <trkpt lat="40.3895" lon="-7.6523">
        <ele>1331</ele>
        <time>2026-08-15T16:50:11.000Z</time>
      </trkpt>
      <trkpt lat="40.38911" lon="-7.65278">
        <ele>1336</ele>
        <time>2026-08-15T16:50:15.000Z</time>
      </trkpt>
      <trkpt lat="40.38858" lon="-7.6529">
        <ele>1339</ele>
        <time>2026-08-15T16:50:19.000Z</time>
      </trkpt>
      <trkpt lat="40.38803" lon="-7.65266">
        <ele>1343</ele>
        <time>2026-08-15T16:50:23.000Z</time>
      </trkpt>
      <trkpt lat="40.38752" lon="-7.65255">
        <ele>1347</ele>
        <time>2026-08-15T16:50:27.000Z</time>
      </trkpt>
      <trkpt lat="40.38703" lon="-7.65262">
        <ele>1354</ele>
        <time>2026-08-15T16:50:31.000Z</time>
      </trkpt>
      <trkpt lat="40.38661" lon="-7.6528">
        <ele>1360</ele>
        <time>2026-08-15T16:50:35.000Z</time>
      </trkpt>
      <trkpt lat="40.38628" lon="-7.65276">
        <ele>1363</ele>
        <time>2026-08-15T16:50:39.000Z</time>
      </trkpt>
      <trkpt lat="40.38609" lon="-7.65221">
        <ele>1365</ele>
        <time>2026-08-15T16:50:43.000Z</time>
      </trkpt>
      <trkpt lat="40.3859" lon="-7.65159">
        <ele>1369</ele>
        <time>2026-08-15T16:50:47.000Z</time>
      </trkpt>
      <trkpt lat="40.38545" lon="-7.65133">
        <ele>1375</ele>
        <time>2026-08-15T16:50:51.000Z</time>
      </trkpt>
      <trkpt lat="40.38494" lon="-7.65153">
        <ele>1381</ele>
        <time>2026-08-15T16:50:55.000Z</time>
      </trkpt>
      <trkpt lat="40.3844" lon="-7.65186">
        <ele>1387</ele>
        <time>2026-08-15T16:50:59.000Z</time>
      </trkpt>
      <trkpt lat="40.38387" lon="-7.65217">
        <ele>1394</ele>
        <time>2026-08-15T16:51:03.000Z</time>
      </trkpt>
      <trkpt lat="40.38329" lon="-7.65224">
        <ele>1398</ele>
        <time>2026-08-15T16:51:07.000Z</time>
      </trkpt>
      <trkpt lat="40.38271" lon="-7.65221">
        <ele>1404</ele>
        <time>2026-08-15T16:51:11.000Z</time>
      </trkpt>
      <trkpt lat="40.38226" lon="-7.65234">
        <ele>1409</ele>
        <time>2026-08-15T16:51:15.000Z</time>
      </trkpt>
      <trkpt lat="40.38204" lon="-7.65283">
        <ele>1415</ele>
        <time>2026-08-15T16:51:19.000Z</time>
      </trkpt>
      <trkpt lat="40.38165" lon="-7.65303">
        <ele>1421</ele>
        <time>2026-08-15T16:51:23.000Z</time>
      </trkpt>
      <trkpt lat="40.38119" lon="-7.65293">
        <ele>1426</ele>
        <time>2026-08-15T16:51:27.000Z</time>
      </trkpt>
      <trkpt lat="40.38077" lon="-7.65272">
        <ele>1429</ele>
        <time>2026-08-15T16:51:31.000Z</time>
      </trkpt>
      <trkpt lat="40.38048" lon="-7.65225">
        <ele>1433</ele>
        <time>2026-08-15T16:51:35.000Z</time>
      </trkpt>
      <trkpt lat="40.38044" lon="-7.65164">
        <ele>1437</ele>
        <time>2026-08-15T16:51:39.000Z</time>
      </trkpt>
      <trkpt lat="40.38068" lon="-7.65102">
        <ele>1443</ele>
        <time>2026-08-15T16:51:43.000Z</time>
      </trkpt>
      <trkpt lat="40.38101" lon="-7.65037">
        <ele>1448</ele>
        <time>2026-08-15T16:51:47.000Z</time>
      </trkpt>
      <trkpt lat="40.38134" lon="-7.64974">
        <ele>1454</ele>
        <time>2026-08-15T16:51:51.000Z</time>
      </trkpt>
      <trkpt lat="40.38176" lon="-7.64928">
        <ele>1459</ele>
        <time>2026-08-15T16:51:55.000Z</time>
      </trkpt>
      <trkpt lat="40.38208" lon="-7.64888">
        <ele>1464</ele>
        <time>2026-08-15T16:51:59.000Z</time>
      </trkpt>
      <trkpt lat="40.38204" lon="-7.64833">
        <ele>1469</ele>
        <time>2026-08-15T16:52:03.000Z</time>
      </trkpt>
      <trkpt lat="40.3818" lon="-7.64771">
        <ele>1475</ele>
        <time>2026-08-15T16:52:07.000Z</time>
      </trkpt>
      <trkpt lat="40.38155" lon="-7.64717">
        <ele>1483</ele>
        <time>2026-08-15T16:52:11.000Z</time>
      </trkpt>
      <trkpt lat="40.38112" lon="-7.64712">
        <ele>1490</ele>
        <time>2026-08-15T16:52:15.000Z</time>
      </trkpt>
      <trkpt lat="40.38058" lon="-7.64701">
        <ele>1497</ele>
        <time>2026-08-15T16:52:19.000Z</time>
      </trkpt>
      <trkpt lat="40.38002" lon="-7.64677">
        <ele>1503</ele>
        <time>2026-08-15T16:52:23.000Z</time>
      </trkpt>
      <trkpt lat="40.37957" lon="-7.64663">
        <ele>1507</ele>
        <time>2026-08-15T16:52:27.000Z</time>
      </trkpt>
      <trkpt lat="40.37921" lon="-7.64696">
        <ele>1510</ele>
        <time>2026-08-15T16:52:31.000Z</time>
      </trkpt>
      <trkpt lat="40.37868" lon="-7.64718">
        <ele>1515</ele>
        <time>2026-08-15T16:52:35.000Z</time>
      </trkpt>
      <trkpt lat="40.3781" lon="-7.64743">
        <ele>1521</ele>
        <time>2026-08-15T16:52:39.000Z</time>
      </trkpt>
      <trkpt lat="40.37755" lon="-7.64773">
        <ele>1525</ele>
        <time>2026-08-15T16:52:43.000Z</time>
      </trkpt>
      <trkpt lat="40.37706" lon="-7.64804">
        <ele>1530</ele>
        <time>2026-08-15T16:52:47.000Z</time>
      </trkpt>
      <trkpt lat="40.37673" lon="-7.64839">
        <ele>1536</ele>
        <time>2026-08-15T16:52:51.000Z</time>
      </trkpt>
      <trkpt lat="40.37643" lon="-7.64838">
        <ele>1542</ele>
        <time>2026-08-15T16:52:55.000Z</time>
      </trkpt>
      <trkpt lat="40.37615" lon="-7.64796">
        <ele>1544</ele>
        <time>2026-08-15T16:52:59.000Z</time>
      </trkpt>
      <trkpt lat="40.37587" lon="-7.64748">
        <ele>1549</ele>
        <time>2026-08-15T16:53:03.000Z</time>
      </trkpt>
      <trkpt lat="40.37559" lon="-7.64699">
        <ele>1553</ele>
        <time>2026-08-15T16:53:07.000Z</time>
      </trkpt>
      <trkpt lat="40.37538" lon="-7.64635">
        <ele>1559</ele>
        <time>2026-08-15T16:53:11.000Z</time>
      </trkpt>
      <trkpt lat="40.37515" lon="-7.64576">
        <ele>1563</ele>
        <time>2026-08-15T16:53:15.000Z</time>
      </trkpt>
      <trkpt lat="40.37495" lon="-7.64525">
        <ele>1564</ele>
        <time>2026-08-15T16:53:19.000Z</time>
      </trkpt>
      <trkpt lat="40.37469" lon="-7.64475">
        <ele>1565</ele>
        <time>2026-08-15T16:53:23.000Z</time>
      </trkpt>
      <trkpt lat="40.37424" lon="-7.64444">
        <ele>1561</ele>
        <time>2026-08-15T16:53:27.000Z</time>
      </trkpt>
      <trkpt lat="40.37374" lon="-7.64414">
        <ele>1558</ele>
        <time>2026-08-15T16:53:31.000Z</time>
      </trkpt>
      <trkpt lat="40.37324" lon="-7.64391">
        <ele>1555</ele>
        <time>2026-08-15T16:53:35.000Z</time>
      </trkpt>
      <trkpt lat="40.37284" lon="-7.64362">
        <ele>1553</ele>
        <time>2026-08-15T16:53:39.000Z</time>
      </trkpt>
      <trkpt lat="40.37259" lon="-7.64316">
        <ele>1549</ele>
        <time>2026-08-15T16:53:43.000Z</time>
      </trkpt>
      <trkpt lat="40.37243" lon="-7.64261">
        <ele>1547</ele>
        <time>2026-08-15T16:53:47.000Z</time>
      </trkpt>
      <trkpt lat="40.37243" lon="-7.642">
        <ele>1545</ele>
        <time>2026-08-15T16:53:51.000Z</time>
      </trkpt>
      <trkpt lat="40.37246" lon="-7.64137">
        <ele>1544</ele>
        <time>2026-08-15T16:53:55.000Z</time>
      </trkpt>
      <trkpt lat="40.37249" lon="-7.64077">
        <ele>1544</ele>
        <time>2026-08-15T16:53:59.000Z</time>
      </trkpt>
      <trkpt lat="40.37244" lon="-7.64029">
        <ele>1547</ele>
        <time>2026-08-15T16:54:03.000Z</time>
      </trkpt>
      <trkpt lat="40.37227" lon="-7.63982">
        <ele>1551</ele>
        <time>2026-08-15T16:54:07.000Z</time>
      </trkpt>
      <trkpt lat="40.37194" lon="-7.63938">
        <ele>1553</ele>
        <time>2026-08-15T16:54:11.000Z</time>
      </trkpt>
      <trkpt lat="40.37152" lon="-7.6391">
        <ele>1554</ele>
        <time>2026-08-15T16:54:15.000Z</time>
      </trkpt>
      <trkpt lat="40.37108" lon="-7.63885">
        <ele>1558</ele>
        <time>2026-08-15T16:54:19.000Z</time>
      </trkpt>
      <trkpt lat="40.37065" lon="-7.63855">
        <ele>1563</ele>
        <time>2026-08-15T16:54:23.000Z</time>
      </trkpt>
      <trkpt lat="40.37024" lon="-7.63825">
        <ele>1566</ele>
        <time>2026-08-15T16:54:27.000Z</time>
      </trkpt>
      <trkpt lat="40.36988" lon="-7.63819">
        <ele>1570</ele>
        <time>2026-08-15T16:54:31.000Z</time>
      </trkpt>
      <trkpt lat="40.36954" lon="-7.63862">
        <ele>1574</ele>
        <time>2026-08-15T16:54:35.000Z</time>
      </trkpt>
      <trkpt lat="40.36932" lon="-7.63924">
        <ele>1578</ele>
        <time>2026-08-15T16:54:39.000Z</time>
      </trkpt>
      <trkpt lat="40.36913" lon="-7.63996">
        <ele>1582</ele>
        <time>2026-08-15T16:54:43.000Z</time>
      </trkpt>
      <trkpt lat="40.36885" lon="-7.64062">
        <ele>1586</ele>
        <time>2026-08-15T16:54:47.000Z</time>
      </trkpt>
      <trkpt lat="40.36865" lon="-7.64126">
        <ele>1592</ele>
        <time>2026-08-15T16:54:51.000Z</time>
      </trkpt>
      <trkpt lat="40.3687" lon="-7.64195">
        <ele>1598</ele>
        <time>2026-08-15T16:54:55.000Z</time>
      </trkpt>
      <trkpt lat="40.36863" lon="-7.64261">
        <ele>1604</ele>
        <time>2026-08-15T16:54:59.000Z</time>
      </trkpt>
      <trkpt lat="40.36839" lon="-7.64326">
        <ele>1611</ele>
        <time>2026-08-15T16:55:03.000Z</time>
      </trkpt>
      <trkpt lat="40.36814" lon="-7.64393">
        <ele>1617</ele>
        <time>2026-08-15T16:55:07.000Z</time>
      </trkpt>
      <trkpt lat="40.36791" lon="-7.64455">
        <ele>1621</ele>
        <time>2026-08-15T16:55:11.000Z</time>
      </trkpt>
      <trkpt lat="40.36773" lon="-7.64504">
        <ele>1625</ele>
        <time>2026-08-15T16:55:15.000Z</time>
      </trkpt>
      <trkpt lat="40.36752" lon="-7.6454">
        <ele>1626</ele>
        <time>2026-08-15T16:55:19.000Z</time>
      </trkpt>
      <trkpt lat="40.36716" lon="-7.64569">
        <ele>1626</ele>
        <time>2026-08-15T16:55:23.000Z</time>
      </trkpt>
      <trkpt lat="40.36675" lon="-7.6461">
        <ele>1626</ele>
        <time>2026-08-15T16:55:27.000Z</time>
      </trkpt>
      <trkpt lat="40.36634" lon="-7.64654">
        <ele>1628</ele>
        <time>2026-08-15T16:55:31.000Z</time>
      </trkpt>
      <trkpt lat="40.36594" lon="-7.64695">
        <ele>1631</ele>
        <time>2026-08-15T16:55:35.000Z</time>
      </trkpt>
      <trkpt lat="40.36561" lon="-7.64731">
        <ele>1634</ele>
        <time>2026-08-15T16:55:39.000Z</time>
      </trkpt>
      <trkpt lat="40.36537" lon="-7.64756">
        <ele>1638</ele>
        <time>2026-08-15T16:55:43.000Z</time>
      </trkpt>
      <trkpt lat="40.36523" lon="-7.64791">
        <ele>1640</ele>
        <time>2026-08-15T16:55:47.000Z</time>
      </trkpt>
      <trkpt lat="40.36537" lon="-7.6483">
        <ele>1643</ele>
        <time>2026-08-15T16:55:51.000Z</time>
      </trkpt>
      <trkpt lat="40.36546" lon="-7.64864">
        <ele>1645</ele>
        <time>2026-08-15T16:55:55.000Z</time>
      </trkpt>
      <trkpt lat="40.36528" lon="-7.64885">
        <ele>1647</ele>
        <time>2026-08-15T16:55:59.000Z</time>
      </trkpt>
      <trkpt lat="40.36494" lon="-7.64907">
        <ele>1645</ele>
        <time>2026-08-15T16:56:03.000Z</time>
      </trkpt>
      <trkpt lat="40.36453" lon="-7.64935">
        <ele>1640</ele>
        <time>2026-08-15T16:56:07.000Z</time>
      </trkpt>
      <trkpt lat="40.36408" lon="-7.64973">
        <ele>1634</ele>
        <time>2026-08-15T16:56:11.000Z</time>
      </trkpt>
      <trkpt lat="40.36369" lon="-7.65019">
        <ele>1634</ele>
        <time>2026-08-15T16:56:15.000Z</time>
      </trkpt>
      <trkpt lat="40.36332" lon="-7.65066">
        <ele>1634</ele>
        <time>2026-08-15T16:56:19.000Z</time>
      </trkpt>
      <trkpt lat="40.36305" lon="-7.65125">
        <ele>1637</ele>
        <time>2026-08-15T16:56:23.000Z</time>
      </trkpt>
      <trkpt lat="40.36282" lon="-7.65184">
        <ele>1640</ele>
        <time>2026-08-15T16:56:27.000Z</time>
      </trkpt>
      <trkpt lat="40.36262" lon="-7.65232">
        <ele>1643</ele>
        <time>2026-08-15T16:56:31.000Z</time>
      </trkpt>
      <trkpt lat="40.36239" lon="-7.65259">
        <ele>1645</ele>
        <time>2026-08-15T16:56:35.000Z</time>
      </trkpt>
      <trkpt lat="40.36222" lon="-7.6527">
        <ele>1645</ele>
        <time>2026-08-15T16:56:39.000Z</time>
      </trkpt>
      <trkpt lat="40.36214" lon="-7.65274">
        <ele>1645</ele>
        <time>2026-08-15T16:57:21.000Z</time>
      </trkpt>
      <trkpt lat="40.36224" lon="-7.65268">
        <ele>1644</ele>
        <time>2026-08-15T16:58:10.000Z</time>
      </trkpt>
      <trkpt lat="40.36226" lon="-7.65247">
        <ele>1644</ele>
        <time>2026-08-15T16:58:14.000Z</time>
      </trkpt>
      <trkpt lat="40.36228" lon="-7.65238">
        <ele>1646</ele>
        <time>2026-08-15T16:58:18.000Z</time>
      </trkpt>
      <trkpt lat="40.36239" lon="-7.65259">
        <ele>1646</ele>
        <time>2026-08-15T16:58:22.000Z</time>
      </trkpt>
      <trkpt lat="40.36246" lon="-7.65251">
        <ele>1643</ele>
        <time>2026-08-15T16:59:13.000Z</time>
      </trkpt>
      <trkpt lat="40.36262" lon="-7.65228">
        <ele>1642</ele>
        <time>2026-08-15T16:59:17.000Z</time>
      </trkpt>
      <trkpt lat="40.36273" lon="-7.65205">
        <ele>1641</ele>
        <time>2026-08-15T16:59:21.000Z</time>
      </trkpt>
      <trkpt lat="40.36293" lon="-7.65156">
        <ele>1639</ele>
        <time>2026-08-15T16:59:25.000Z</time>
      </trkpt>
      <trkpt lat="40.36312" lon="-7.65107">
        <ele>1636</ele>
        <time>2026-08-15T16:59:29.000Z</time>
      </trkpt>
      <trkpt lat="40.36337" lon="-7.65058">
        <ele>1635</ele>
        <time>2026-08-15T16:59:33.000Z</time>
      </trkpt>
      <trkpt lat="40.36373" lon="-7.65014">
        <ele>1633</ele>
        <time>2026-08-15T16:59:37.000Z</time>
      </trkpt>
      <trkpt lat="40.36417" lon="-7.64965">
        <ele>1632</ele>
        <time>2026-08-15T16:59:41.000Z</time>
      </trkpt>
      <trkpt lat="40.36464" lon="-7.64927">
        <ele>1638</ele>
        <time>2026-08-15T16:59:45.000Z</time>
      </trkpt>
      <trkpt lat="40.36507" lon="-7.64899">
        <ele>1642</ele>
        <time>2026-08-15T16:59:49.000Z</time>
      </trkpt>
      <trkpt lat="40.36536" lon="-7.64878">
        <ele>1643</ele>
        <time>2026-08-15T16:59:53.000Z</time>
      </trkpt>
      <trkpt lat="40.36541" lon="-7.64839">
        <ele>1643</ele>
        <time>2026-08-15T16:59:57.000Z</time>
      </trkpt>
      <trkpt lat="40.36526" lon="-7.64808">
        <ele>1643</ele>
        <time>2026-08-15T17:00:01.000Z</time>
      </trkpt>
      <trkpt lat="40.36526" lon="-7.64772">
        <ele>1643</ele>
        <time>2026-08-15T17:00:05.000Z</time>
      </trkpt>
      <trkpt lat="40.36512" lon="-7.64727">
        <ele>1646</ele>
        <time>2026-08-15T17:00:09.000Z</time>
      </trkpt>
      <trkpt lat="40.36512" lon="-7.64702">
        <ele>1648</ele>
        <time>2026-08-15T17:00:13.000Z</time>
      </trkpt>
      <trkpt lat="40.36511" lon="-7.6468">
        <ele>1650</ele>
        <time>2026-08-15T17:00:17.000Z</time>
      </trkpt>
      <trkpt lat="40.36512" lon="-7.64664">
        <ele>1650</ele>
        <time>2026-08-15T17:00:21.000Z</time>
      </trkpt>
      <trkpt lat="40.36517" lon="-7.64656">
        <ele>1653</ele>
        <time>2026-08-15T17:01:16.000Z</time>
      </trkpt>
      <trkpt lat="40.36512" lon="-7.64696">
        <ele>1653</ele>
        <time>2026-08-15T17:25:11.000Z</time>
      </trkpt>
      <trkpt lat="40.36512" lon="-7.64714">
        <ele>1653</ele>
        <time>2026-08-15T17:25:15.000Z</time>
      </trkpt>
      <trkpt lat="40.36515" lon="-7.64734">
        <ele>1653</ele>
        <time>2026-08-15T17:25:19.000Z</time>
      </trkpt>
      <trkpt lat="40.36526" lon="-7.64772">
        <ele>1653</ele>
        <time>2026-08-15T17:25:23.000Z</time>
      </trkpt>
      <trkpt lat="40.36522" lon="-7.64785">
        <ele>1653</ele>
        <time>2026-08-15T17:25:30.000Z</time>
      </trkpt>
      <trkpt lat="40.36531" lon="-7.64819">
        <ele>1653</ele>
        <time>2026-08-15T17:25:34.000Z</time>
      </trkpt>
      <trkpt lat="40.36546" lon="-7.64853">
        <ele>1653</ele>
        <time>2026-08-15T17:25:38.000Z</time>
      </trkpt>
      <trkpt lat="40.36531" lon="-7.64883">
        <ele>1653</ele>
        <time>2026-08-15T17:25:42.000Z</time>
      </trkpt>
      <trkpt lat="40.36492" lon="-7.64908">
        <ele>1653</ele>
        <time>2026-08-15T17:25:46.000Z</time>
      </trkpt>
      <trkpt lat="40.36451" lon="-7.64937">
        <ele>1653</ele>
        <time>2026-08-15T17:25:50.000Z</time>
      </trkpt>
      <trkpt lat="40.36406" lon="-7.64976">
        <ele>1653</ele>
        <time>2026-08-15T17:25:54.000Z</time>
      </trkpt>
      <trkpt lat="40.36365" lon="-7.65023">
        <ele>1653</ele>
        <time>2026-08-15T17:25:58.000Z</time>
      </trkpt>
      <trkpt lat="40.36328" lon="-7.65072">
        <ele>1653</ele>
        <time>2026-08-15T17:26:02.000Z</time>
      </trkpt>
      <trkpt lat="40.36304" lon="-7.65129">
        <ele>1653</ele>
        <time>2026-08-15T17:26:06.000Z</time>
      </trkpt>
      <trkpt lat="40.36282" lon="-7.65184">
        <ele>1653</ele>
        <time>2026-08-15T17:26:10.000Z</time>
      </trkpt>
      <trkpt lat="40.3626" lon="-7.65235">
        <ele>1653</ele>
        <time>2026-08-15T17:26:14.000Z</time>
      </trkpt>
      <trkpt lat="40.36223" lon="-7.65269">
        <ele>1653</ele>
        <time>2026-08-15T17:26:18.000Z</time>
      </trkpt>
      <trkpt lat="40.36177" lon="-7.65296">
        <ele>1653</ele>
        <time>2026-08-15T17:26:22.000Z</time>
      </trkpt>
      <trkpt lat="40.36124" lon="-7.65327">
        <ele>1653</ele>
        <time>2026-08-15T17:26:26.000Z</time>
      </trkpt>
      <trkpt lat="40.36062" lon="-7.65362">
        <ele>1653</ele>
        <time>2026-08-15T17:26:30.000Z</time>
      </trkpt>
      <trkpt lat="40.35999" lon="-7.65397">
        <ele>1653</ele>
        <time>2026-08-15T17:26:34.000Z</time>
      </trkpt>
      <trkpt lat="40.35935" lon="-7.65433">
        <ele>1653</ele>
        <time>2026-08-15T17:26:38.000Z</time>
      </trkpt>
      <trkpt lat="40.35871" lon="-7.65469">
        <ele>1651</ele>
        <time>2026-08-15T17:26:42.000Z</time>
      </trkpt>
      <trkpt lat="40.35807" lon="-7.65505">
        <ele>1655</ele>
        <time>2026-08-15T17:26:46.000Z</time>
      </trkpt>
      <trkpt lat="40.35741" lon="-7.65542">
        <ele>1662</ele>
        <time>2026-08-15T17:26:50.000Z</time>
      </trkpt>
      <trkpt lat="40.35673" lon="-7.6558">
        <ele>1668</ele>
        <time>2026-08-15T17:26:54.000Z</time>
      </trkpt>
      <trkpt lat="40.35605" lon="-7.65618">
        <ele>1674</ele>
        <time>2026-08-15T17:26:58.000Z</time>
      </trkpt>
      <trkpt lat="40.35543" lon="-7.65653">
        <ele>1681</ele>
        <time>2026-08-15T17:27:02.000Z</time>
      </trkpt>
      <trkpt lat="40.35486" lon="-7.65685">
        <ele>1687</ele>
        <time>2026-08-15T17:27:06.000Z</time>
      </trkpt>
      <trkpt lat="40.3544" lon="-7.65718">
        <ele>1694</ele>
        <time>2026-08-15T17:27:10.000Z</time>
      </trkpt>
      <trkpt lat="40.35429" lon="-7.65776">
        <ele>1702</ele>
        <time>2026-08-15T17:27:14.000Z</time>
      </trkpt>
      <trkpt lat="40.35438" lon="-7.65843">
        <ele>1709</ele>
        <time>2026-08-15T17:27:18.000Z</time>
      </trkpt>
      <trkpt lat="40.35438" lon="-7.65904">
        <ele>1713</ele>
        <time>2026-08-15T17:27:22.000Z</time>
      </trkpt>
      <trkpt lat="40.35413" lon="-7.65964">
        <ele>1713</ele>
        <time>2026-08-15T17:27:26.000Z</time>
      </trkpt>
      <trkpt lat="40.35384" lon="-7.6603">
        <ele>1713</ele>
        <time>2026-08-15T17:27:30.000Z</time>
      </trkpt>
      <trkpt lat="40.35361" lon="-7.66104">
        <ele>1712</ele>
        <time>2026-08-15T17:27:34.000Z</time>
      </trkpt>
      <trkpt lat="40.35338" lon="-7.66185">
        <ele>1714</ele>
        <time>2026-08-15T17:27:38.000Z</time>
      </trkpt>
      <trkpt lat="40.35316" lon="-7.66262">
        <ele>1716</ele>
        <time>2026-08-15T17:27:42.000Z</time>
      </trkpt>
      <trkpt lat="40.35303" lon="-7.6633">
        <ele>1719</ele>
        <time>2026-08-15T17:27:46.000Z</time>
      </trkpt>
      <trkpt lat="40.35319" lon="-7.6638">
        <ele>1724</ele>
        <time>2026-08-15T17:27:50.000Z</time>
      </trkpt>
      <trkpt lat="40.35323" lon="-7.66428">
        <ele>1726</ele>
        <time>2026-08-15T17:27:54.000Z</time>
      </trkpt>
      <trkpt lat="40.35311" lon="-7.66495">
        <ele>1728</ele>
        <time>2026-08-15T17:27:58.000Z</time>
      </trkpt>
      <trkpt lat="40.35301" lon="-7.66549">
        <ele>1731</ele>
        <time>2026-08-15T17:28:02.000Z</time>
      </trkpt>
      <trkpt lat="40.35284" lon="-7.66582">
        <ele>1735</ele>
        <time>2026-08-15T17:28:06.000Z</time>
      </trkpt>
      <trkpt lat="40.3524" lon="-7.66583">
        <ele>1740</ele>
        <time>2026-08-15T17:28:10.000Z</time>
      </trkpt>
      <trkpt lat="40.35189" lon="-7.66577">
        <ele>1746</ele>
        <time>2026-08-15T17:28:14.000Z</time>
      </trkpt>
      <trkpt lat="40.35139" lon="-7.66572">
        <ele>1751</ele>
        <time>2026-08-15T17:28:18.000Z</time>
      </trkpt>
      <trkpt lat="40.35091" lon="-7.66567">
        <ele>1757</ele>
        <time>2026-08-15T17:28:22.000Z</time>
      </trkpt>
      <trkpt lat="40.35045" lon="-7.66576">
        <ele>1762</ele>
        <time>2026-08-15T17:28:26.000Z</time>
      </trkpt>
      <trkpt lat="40.35008" lon="-7.66584">
        <ele>1766</ele>
        <time>2026-08-15T17:28:30.000Z</time>
      </trkpt>
      <trkpt lat="40.34975" lon="-7.66571">
        <ele>1769</ele>
        <time>2026-08-15T17:28:34.000Z</time>
      </trkpt>
      <trkpt lat="40.34956" lon="-7.66518">
        <ele>1774</ele>
        <time>2026-08-15T17:28:38.000Z</time>
      </trkpt>
      <trkpt lat="40.34978" lon="-7.66463">
        <ele>1781</ele>
        <time>2026-08-15T17:28:42.000Z</time>
      </trkpt>
      <trkpt lat="40.35006" lon="-7.66415">
        <ele>1786</ele>
        <time>2026-08-15T17:28:46.000Z</time>
      </trkpt>
      <trkpt lat="40.35023" lon="-7.66362">
        <ele>1788</ele>
        <time>2026-08-15T17:28:50.000Z</time>
      </trkpt>
      <trkpt lat="40.35021" lon="-7.66299">
        <ele>1790</ele>
        <time>2026-08-15T17:28:54.000Z</time>
      </trkpt>
      <trkpt lat="40.35004" lon="-7.6624">
        <ele>1792</ele>
        <time>2026-08-15T17:28:58.000Z</time>
      </trkpt>
      <trkpt lat="40.34979" lon="-7.66189">
        <ele>1797</ele>
        <time>2026-08-15T17:29:02.000Z</time>
      </trkpt>
      <trkpt lat="40.34936" lon="-7.66176">
        <ele>1803</ele>
        <time>2026-08-15T17:29:06.000Z</time>
      </trkpt>
      <trkpt lat="40.34895" lon="-7.66204">
        <ele>1808</ele>
        <time>2026-08-15T17:29:10.000Z</time>
      </trkpt>
      <trkpt lat="40.34854" lon="-7.66236">
        <ele>1811</ele>
        <time>2026-08-15T17:29:14.000Z</time>
      </trkpt>
      <trkpt lat="40.34808" lon="-7.66273">
        <ele>1813</ele>
        <time>2026-08-15T17:29:18.000Z</time>
      </trkpt>
      <trkpt lat="40.34767" lon="-7.66304">
        <ele>1816</ele>
        <time>2026-08-15T17:29:22.000Z</time>
      </trkpt>
      <trkpt lat="40.34723" lon="-7.66307">
        <ele>1820</ele>
        <time>2026-08-15T17:29:26.000Z</time>
      </trkpt>
      <trkpt lat="40.34676" lon="-7.66278">
        <ele>1822</ele>
        <time>2026-08-15T17:29:30.000Z</time>
      </trkpt>
      <trkpt lat="40.3463" lon="-7.66247">
        <ele>1826</ele>
        <time>2026-08-15T17:29:34.000Z</time>
      </trkpt>
      <trkpt lat="40.34593" lon="-7.66223">
        <ele>1830</ele>
        <time>2026-08-15T17:29:38.000Z</time>
      </trkpt>
      <trkpt lat="40.34572" lon="-7.66186">
        <ele>1832</ele>
        <time>2026-08-15T17:29:42.000Z</time>
      </trkpt>
      <trkpt lat="40.34586" lon="-7.66132">
        <ele>1836</ele>
        <time>2026-08-15T17:29:46.000Z</time>
      </trkpt>
      <trkpt lat="40.34614" lon="-7.66075">
        <ele>1838</ele>
        <time>2026-08-15T17:29:50.000Z</time>
      </trkpt>
      <trkpt lat="40.34642" lon="-7.66018">
        <ele>1840</ele>
        <time>2026-08-15T17:29:54.000Z</time>
      </trkpt>
      <trkpt lat="40.34662" lon="-7.65964">
        <ele>1843</ele>
        <time>2026-08-15T17:29:58.000Z</time>
      </trkpt>
      <trkpt lat="40.34667" lon="-7.65911">
        <ele>1845</ele>
        <time>2026-08-15T17:30:02.000Z</time>
      </trkpt>
      <trkpt lat="40.34669" lon="-7.65845">
        <ele>1845</ele>
        <time>2026-08-15T17:30:06.000Z</time>
      </trkpt>
      <trkpt lat="40.34672" lon="-7.65759">
        <ele>1841</ele>
        <time>2026-08-15T17:30:10.000Z</time>
      </trkpt>
      <trkpt lat="40.34675" lon="-7.65662">
        <ele>1841</ele>
        <time>2026-08-15T17:30:14.000Z</time>
      </trkpt>
      <trkpt lat="40.34678" lon="-7.65566">
        <ele>1847</ele>
        <time>2026-08-15T17:30:18.000Z</time>
      </trkpt>
      <trkpt lat="40.34683" lon="-7.65481">
        <ele>1855</ele>
        <time>2026-08-15T17:30:22.000Z</time>
      </trkpt>
      <trkpt lat="40.34702" lon="-7.65408">
        <ele>1861</ele>
        <time>2026-08-15T17:30:26.000Z</time>
      </trkpt>
      <trkpt lat="40.34734" lon="-7.65343">
        <ele>1868</ele>
        <time>2026-08-15T17:30:30.000Z</time>
      </trkpt>
      <trkpt lat="40.34759" lon="-7.65292">
        <ele>1871</ele>
        <time>2026-08-15T17:30:34.000Z</time>
      </trkpt>
      <trkpt lat="40.34767" lon="-7.65246">
        <ele>1875</ele>
        <time>2026-08-15T17:30:38.000Z</time>
      </trkpt>
      <trkpt lat="40.34746" lon="-7.65204">
        <ele>1879</ele>
        <time>2026-08-15T17:30:42.000Z</time>
      </trkpt>
      <trkpt lat="40.34722" lon="-7.65153">
        <ele>1881</ele>
        <time>2026-08-15T17:30:46.000Z</time>
      </trkpt>
      <trkpt lat="40.34707" lon="-7.65085">
        <ele>1883</ele>
        <time>2026-08-15T17:30:50.000Z</time>
      </trkpt>
      <trkpt lat="40.34706" lon="-7.65007">
        <ele>1884</ele>
        <time>2026-08-15T17:30:54.000Z</time>
      </trkpt>
      <trkpt lat="40.34712" lon="-7.64929">
        <ele>1885</ele>
        <time>2026-08-15T17:30:58.000Z</time>
      </trkpt>
      <trkpt lat="40.34716" lon="-7.64856">
        <ele>1886</ele>
        <time>2026-08-15T17:31:02.000Z</time>
      </trkpt>
      <trkpt lat="40.34717" lon="-7.64788">
        <ele>1889</ele>
        <time>2026-08-15T17:31:06.000Z</time>
      </trkpt>
      <trkpt lat="40.34682" lon="-7.64746">
        <ele>1895</ele>
        <time>2026-08-15T17:31:10.000Z</time>
      </trkpt>
      <trkpt lat="40.3464" lon="-7.6472">
        <ele>1899</ele>
        <time>2026-08-15T17:31:14.000Z</time>
      </trkpt>
      <trkpt lat="40.34609" lon="-7.64687">
        <ele>1903</ele>
        <time>2026-08-15T17:31:18.000Z</time>
      </trkpt>
      <trkpt lat="40.34597" lon="-7.64627">
        <ele>1905</ele>
        <time>2026-08-15T17:31:22.000Z</time>
      </trkpt>
      <trkpt lat="40.346" lon="-7.64549">
        <ele>1902</ele>
        <time>2026-08-15T17:31:26.000Z</time>
      </trkpt>
      <trkpt lat="40.34603" lon="-7.64458">
        <ele>1900</ele>
        <time>2026-08-15T17:31:30.000Z</time>
      </trkpt>
      <trkpt lat="40.34607" lon="-7.64363">
        <ele>1898</ele>
        <time>2026-08-15T17:31:34.000Z</time>
      </trkpt>
      <trkpt lat="40.34611" lon="-7.64266">
        <ele>1901</ele>
        <time>2026-08-15T17:31:38.000Z</time>
      </trkpt>
      <trkpt lat="40.34614" lon="-7.64178">
        <ele>1906</ele>
        <time>2026-08-15T17:31:42.000Z</time>
      </trkpt>
      <trkpt lat="40.34598" lon="-7.64115">
        <ele>1909</ele>
        <time>2026-08-15T17:31:46.000Z</time>
      </trkpt>
      <trkpt lat="40.34561" lon="-7.6408">
        <ele>1916</ele>
        <time>2026-08-15T17:31:50.000Z</time>
      </trkpt>
      <trkpt lat="40.34521" lon="-7.64045">
        <ele>1918</ele>
        <time>2026-08-15T17:31:54.000Z</time>
      </trkpt>
      <trkpt lat="40.34495" lon="-7.63989">
        <ele>1917</ele>
        <time>2026-08-15T17:31:58.000Z</time>
      </trkpt>
      <trkpt lat="40.3448" lon="-7.63907">
        <ele>1913</ele>
        <time>2026-08-15T17:32:02.000Z</time>
      </trkpt>
      <trkpt lat="40.34464" lon="-7.63817">
        <ele>1909</ele>
        <time>2026-08-15T17:32:06.000Z</time>
      </trkpt>
      <trkpt lat="40.34447" lon="-7.63719">
        <ele>1907</ele>
        <time>2026-08-15T17:32:10.000Z</time>
      </trkpt>
      <trkpt lat="40.34429" lon="-7.63619">
        <ele>1907</ele>
        <time>2026-08-15T17:32:14.000Z</time>
      </trkpt>
      <trkpt lat="40.34412" lon="-7.6352">
        <ele>1910</ele>
        <time>2026-08-15T17:32:18.000Z</time>
      </trkpt>
      <trkpt lat="40.34396" lon="-7.63433">
        <ele>1914</ele>
        <time>2026-08-15T17:32:22.000Z</time>
      </trkpt>
      <trkpt lat="40.34382" lon="-7.6336">
        <ele>1918</ele>
        <time>2026-08-15T17:32:26.000Z</time>
      </trkpt>
      <trkpt lat="40.34351" lon="-7.63301">
        <ele>1923</ele>
        <time>2026-08-15T17:32:30.000Z</time>
      </trkpt>
      <trkpt lat="40.34308" lon="-7.63256">
        <ele>1926</ele>
        <time>2026-08-15T17:32:34.000Z</time>
      </trkpt>
      <trkpt lat="40.34272" lon="-7.63215">
        <ele>1928</ele>
        <time>2026-08-15T17:32:38.000Z</time>
      </trkpt>
      <trkpt lat="40.34256" lon="-7.63157">
        <ele>1929</ele>
        <time>2026-08-15T17:32:42.000Z</time>
      </trkpt>
      <trkpt lat="40.34258" lon="-7.6308">
        <ele>1930</ele>
        <time>2026-08-15T17:32:46.000Z</time>
      </trkpt>
      <trkpt lat="40.34244" lon="-7.62997">
        <ele>1930</ele>
        <time>2026-08-15T17:32:50.000Z</time>
      </trkpt>
      <trkpt lat="40.34226" lon="-7.62919">
        <ele>1931</ele>
        <time>2026-08-15T17:32:54.000Z</time>
      </trkpt>
      <trkpt lat="40.34198" lon="-7.6284">
        <ele>1929</ele>
        <time>2026-08-15T17:32:58.000Z</time>
      </trkpt>
      <trkpt lat="40.3417" lon="-7.62761">
        <ele>1926</ele>
        <time>2026-08-15T17:33:02.000Z</time>
      </trkpt>
      <trkpt lat="40.34144" lon="-7.62687">
        <ele>1925</ele>
        <time>2026-08-15T17:33:06.000Z</time>
      </trkpt>
      <trkpt lat="40.34132" lon="-7.62609">
        <ele>1923</ele>
        <time>2026-08-15T17:33:10.000Z</time>
      </trkpt>
      <trkpt lat="40.34146" lon="-7.62516">
        <ele>1919</ele>
        <time>2026-08-15T17:33:14.000Z</time>
      </trkpt>
      <trkpt lat="40.3416" lon="-7.62421">
        <ele>1915</ele>
        <time>2026-08-15T17:33:18.000Z</time>
      </trkpt>
      <trkpt lat="40.34168" lon="-7.62331">
        <ele>1911</ele>
        <time>2026-08-15T17:33:22.000Z</time>
      </trkpt>
      <trkpt lat="40.34175" lon="-7.62246">
        <ele>1907</ele>
        <time>2026-08-15T17:33:26.000Z</time>
      </trkpt>
      <trkpt lat="40.34162" lon="-7.62168">
        <ele>1906</ele>
        <time>2026-08-15T17:33:30.000Z</time>
      </trkpt>
      <trkpt lat="40.34136" lon="-7.62094">
        <ele>1905</ele>
        <time>2026-08-15T17:33:34.000Z</time>
      </trkpt>
      <trkpt lat="40.3411" lon="-7.62023">
        <ele>1905</ele>
        <time>2026-08-15T17:33:38.000Z</time>
      </trkpt>
      <trkpt lat="40.34076" lon="-7.61966">
        <ele>1905</ele>
        <time>2026-08-15T17:33:42.000Z</time>
      </trkpt>
      <trkpt lat="40.34025" lon="-7.61932">
        <ele>1903</ele>
        <time>2026-08-15T17:33:46.000Z</time>
      </trkpt>
      <trkpt lat="40.33976" lon="-7.61884">
        <ele>1897</ele>
        <time>2026-08-15T17:33:50.000Z</time>
      </trkpt>
      <trkpt lat="40.33932" lon="-7.61816">
        <ele>1896</ele>
        <time>2026-08-15T17:33:54.000Z</time>
      </trkpt>
      <trkpt lat="40.33893" lon="-7.61751">
        <ele>1898</ele>
        <time>2026-08-15T17:33:58.000Z</time>
      </trkpt>
      <trkpt lat="40.33856" lon="-7.61692">
        <ele>1900</ele>
        <time>2026-08-15T17:34:02.000Z</time>
      </trkpt>
      <trkpt lat="40.33819" lon="-7.61632">
        <ele>1904</ele>
        <time>2026-08-15T17:34:06.000Z</time>
      </trkpt>
      <trkpt lat="40.33771" lon="-7.61589">
        <ele>1908</ele>
        <time>2026-08-15T17:34:10.000Z</time>
      </trkpt>
      <trkpt lat="40.33709" lon="-7.61594">
        <ele>1911</ele>
        <time>2026-08-15T17:34:14.000Z</time>
      </trkpt>
      <trkpt lat="40.33649" lon="-7.61626">
        <ele>1916</ele>
        <time>2026-08-15T17:34:18.000Z</time>
      </trkpt>
      <trkpt lat="40.3359" lon="-7.61656">
        <ele>1920</ele>
        <time>2026-08-15T17:34:22.000Z</time>
      </trkpt>
      <trkpt lat="40.33541" lon="-7.61697">
        <ele>1922</ele>
        <time>2026-08-15T17:34:26.000Z</time>
      </trkpt>
      <trkpt lat="40.33501" lon="-7.61737">
        <ele>1924</ele>
        <time>2026-08-15T17:34:30.000Z</time>
      </trkpt>
      <trkpt lat="40.33446" lon="-7.61758">
        <ele>1927</ele>
        <time>2026-08-15T17:34:34.000Z</time>
      </trkpt>
      <trkpt lat="40.33385" lon="-7.61772">
        <ele>1931</ele>
        <time>2026-08-15T17:34:38.000Z</time>
      </trkpt>
      <trkpt lat="40.33326" lon="-7.61778">
        <ele>1934</ele>
        <time>2026-08-15T17:34:42.000Z</time>
      </trkpt>
      <trkpt lat="40.33269" lon="-7.61762">
        <ele>1939</ele>
        <time>2026-08-15T17:34:47.000Z</time>
      </trkpt>
      <trkpt lat="40.33204" lon="-7.61711">
        <ele>1944</ele>
        <time>2026-08-15T17:34:51.000Z</time>
      </trkpt>
      <trkpt lat="40.33169" lon="-7.61679">
        <ele>1948</ele>
        <time>2026-08-15T17:34:55.000Z</time>
      </trkpt>
      <trkpt lat="40.33118" lon="-7.6163">
        <ele>1951</ele>
        <time>2026-08-15T17:34:59.000Z</time>
      </trkpt>
      <trkpt lat="40.33089" lon="-7.61574">
        <ele>1952</ele>
        <time>2026-08-15T17:35:03.000Z</time>
      </trkpt>
      <trkpt lat="40.33079" lon="-7.61501">
        <ele>1955</ele>
        <time>2026-08-15T17:35:07.000Z</time>
      </trkpt>
      <trkpt lat="40.33084" lon="-7.61424">
        <ele>1956</ele>
        <time>2026-08-15T17:35:11.000Z</time>
      </trkpt>
      <trkpt lat="40.3309" lon="-7.61346">
        <ele>1959</ele>
        <time>2026-08-15T17:35:15.000Z</time>
      </trkpt>
      <trkpt lat="40.33095" lon="-7.61274">
        <ele>1963</ele>
        <time>2026-08-15T17:35:19.000Z</time>
      </trkpt>
      <trkpt lat="40.33098" lon="-7.61207">
        <ele>1967</ele>
        <time>2026-08-15T17:35:23.000Z</time>
      </trkpt>
      <trkpt lat="40.33077" lon="-7.61147">
        <ele>1970</ele>
        <time>2026-08-15T17:35:27.000Z</time>
      </trkpt>
      <trkpt lat="40.33042" lon="-7.61092">
        <ele>1974</ele>
        <time>2026-08-15T17:35:31.000Z</time>
      </trkpt>
      <trkpt lat="40.33004" lon="-7.61032">
        <ele>1978</ele>
        <time>2026-08-15T17:35:35.000Z</time>
      </trkpt>
      <trkpt lat="40.32968" lon="-7.60974">
        <ele>1982</ele>
        <time>2026-08-15T17:35:39.000Z</time>
      </trkpt>
      <trkpt lat="40.32931" lon="-7.60916">
        <ele>1985</ele>
        <time>2026-08-15T17:35:43.000Z</time>
      </trkpt>
      <trkpt lat="40.32897" lon="-7.60862">
        <ele>1988</ele>
        <time>2026-08-15T17:35:47.000Z</time>
      </trkpt>
      <trkpt lat="40.32866" lon="-7.60804">
        <ele>1991</ele>
        <time>2026-08-15T17:35:51.000Z</time>
      </trkpt>
      <trkpt lat="40.32839" lon="-7.60741">
        <ele>1994</ele>
        <time>2026-08-15T17:35:55.000Z</time>
      </trkpt>
      <trkpt lat="40.32814" lon="-7.60683">
        <ele>2000</ele>
        <time>2026-08-15T17:35:59.000Z</time>
      </trkpt>
      <trkpt lat="40.32774" lon="-7.60667">
        <ele>2001</ele>
        <time>2026-08-15T17:36:03.000Z</time>
      </trkpt>
      <trkpt lat="40.32735" lon="-7.60679">
        <ele>2001</ele>
        <time>2026-08-15T17:36:07.000Z</time>
      </trkpt>
      <trkpt lat="40.32692" lon="-7.60721">
        <ele>2001</ele>
        <time>2026-08-15T17:36:11.000Z</time>
      </trkpt>
      <trkpt lat="40.32655" lon="-7.60746">
        <ele>2004</ele>
        <time>2026-08-15T17:36:15.000Z</time>
      </trkpt>
      <trkpt lat="40.32611" lon="-7.60808">
        <ele>2009</ele>
        <time>2026-08-15T17:36:19.000Z</time>
      </trkpt>
      <trkpt lat="40.32589" lon="-7.60867">
        <ele>2013</ele>
        <time>2026-08-15T17:36:23.000Z</time>
      </trkpt>
      <trkpt lat="40.32565" lon="-7.6093">
        <ele>2015</ele>
        <time>2026-08-15T17:36:27.000Z</time>
      </trkpt>
      <trkpt lat="40.32533" lon="-7.60996">
        <ele>2018</ele>
        <time>2026-08-15T17:36:31.000Z</time>
      </trkpt>
      <trkpt lat="40.32491" lon="-7.61051">
        <ele>2021</ele>
        <time>2026-08-15T17:36:35.000Z</time>
      </trkpt>
      <trkpt lat="40.32442" lon="-7.61094">
        <ele>2027</ele>
        <time>2026-08-15T17:36:39.000Z</time>
      </trkpt>
      <trkpt lat="40.32396" lon="-7.6113">
        <ele>2032</ele>
        <time>2026-08-15T17:36:43.000Z</time>
      </trkpt>
      <trkpt lat="40.32362" lon="-7.61156">
        <ele>2036</ele>
        <time>2026-08-15T17:36:47.000Z</time>
      </trkpt>
      <trkpt lat="40.32306" lon="-7.61201">
        <ele>2042</ele>
        <time>2026-08-15T17:36:51.000Z</time>
      </trkpt>
      <trkpt lat="40.3227" lon="-7.6123">
        <ele>2047</ele>
        <time>2026-08-15T17:36:55.000Z</time>
      </trkpt>
      <trkpt lat="40.32244" lon="-7.61251">
        <ele>2048</ele>
        <time>2026-08-15T17:36:59.000Z</time>
      </trkpt>
      <trkpt lat="40.32227" lon="-7.6128">
        <ele>2048</ele>
        <time>2026-08-15T17:37:03.000Z</time>
      </trkpt>
      <trkpt lat="40.32219" lon="-7.61309">
        <ele>2047</ele>
        <time>2026-08-15T17:37:07.000Z</time>
      </trkpt>
      <trkpt lat="40.32209" lon="-7.61327">
        <ele>2044</ele>
        <time>2026-08-15T17:37:11.000Z</time>
      </trkpt>
      <trkpt lat="40.32194" lon="-7.61335">
        <ele>2042</ele>
        <time>2026-08-15T17:37:15.000Z</time>
      </trkpt>
    </trkseg>
  </trk>
</gpx>