<?xml version="1.0" encoding="UTF-8" ?>
<gpx xmlns:xsi="http://www.w3.org/2001/XMLSchema-instance" xmlns="http://www.topografix.com/GPX/1/1" xsi:schemaLocation="http://www.topografix.com/GPX/1/1 http://www.topografix.com/GPX/1/1/gpx.xsd" version="1.1" creator="https://kurviger.com/">
  <metadata>
      <name>20260816_Regresso da Covilhã </name>
      <author>
        <link href="https://kurviger.com">
          <text>Kurviger</text>
          <type>text/html</type>
        </link>
      </author>
      <time>2026-08-16T20:37:30.000Z</time>
  </metadata>
  <trk>
    <name>20260816_Regresso da Covilhã </name>
    <trkseg>    
      <trkpt lat="40.2195" lon="-7.52488">
        <ele>548</ele>
        <time>2026-08-16T09:07:38.000Z</time>
      </trkpt>
      <trkpt lat="40.21954" lon="-7.52524">
        <ele>548</ele>
        <time>2026-08-16T09:11:20.000Z</time>
      </trkpt>
      <trkpt lat="40.21944" lon="-7.52532">
        <ele>548</ele>
        <time>2026-08-16T09:11:24.000Z</time>
      </trkpt>
      <trkpt lat="40.21936" lon="-7.52542">
        <ele>548</ele>
        <time>2026-08-16T09:11:28.000Z</time>
      </trkpt>
      <trkpt lat="40.2193" lon="-7.52552">
        <ele>548</ele>
        <time>2026-08-16T09:11:33.000Z</time>
      </trkpt>
      <trkpt lat="40.21936" lon="-7.52561">
        <ele>548</ele>
        <time>2026-08-16T09:11:37.000Z</time>
      </trkpt>
      <trkpt lat="40.21947" lon="-7.52572">
        <ele>548</ele>
        <time>2026-08-16T09:11:41.000Z</time>
      </trkpt>
      <trkpt lat="40.21959" lon="-7.52586">
        <ele>548</ele>
        <time>2026-08-16T09:11:45.000Z</time>
      </trkpt>
      <trkpt lat="40.21969" lon="-7.526">
        <ele>548</ele>
        <time>2026-08-16T09:11:49.000Z</time>
      </trkpt>
      <trkpt lat="40.2198" lon="-7.52616">
        <ele>548</ele>
        <time>2026-08-16T09:11:53.000Z</time>
      </trkpt>
      <trkpt lat="40.21991" lon="-7.52638">
        <ele>548</ele>
        <time>2026-08-16T09:11:57.000Z</time>
      </trkpt>
      <trkpt lat="40.22007" lon="-7.52668">
        <ele>548</ele>
        <time>2026-08-16T09:12:01.000Z</time>
      </trkpt>
      <trkpt lat="40.2202" lon="-7.52696">
        <ele>548</ele>
        <time>2026-08-16T09:12:05.000Z</time>
      </trkpt>
      <trkpt lat="40.22033" lon="-7.52727">
        <ele>548</ele>
        <time>2026-08-16T09:12:09.000Z</time>
      </trkpt>
      <trkpt lat="40.22048" lon="-7.52755">
        <ele>548</ele>
        <time>2026-08-16T09:12:13.000Z</time>
      </trkpt>
      <trkpt lat="40.22075" lon="-7.52774">
        <ele>548</ele>
        <time>2026-08-16T09:12:17.000Z</time>
      </trkpt>
      <trkpt lat="40.22106" lon="-7.52794">
        <ele>548</ele>
        <time>2026-08-16T09:12:21.000Z</time>
      </trkpt>
      <trkpt lat="40.22134" lon="-7.52811">
        <ele>548</ele>
        <time>2026-08-16T09:12:25.000Z</time>
      </trkpt>
      <trkpt lat="40.22153" lon="-7.52823">
        <ele>548</ele>
        <time>2026-08-16T09:12:29.000Z</time>
      </trkpt>
      <trkpt lat="40.22169" lon="-7.52832">
        <ele>548</ele>
        <time>2026-08-16T09:12:33.000Z</time>
      </trkpt>
      <trkpt lat="40.22186" lon="-7.5282">
        <ele>548</ele>
        <time>2026-08-16T09:12:37.000Z</time>
      </trkpt>
      <trkpt lat="40.22216" lon="-7.52809">
        <ele>548</ele>
        <time>2026-08-16T09:12:41.000Z</time>
      </trkpt>
      <trkpt lat="40.22254" lon="-7.52798">
        <ele>548</ele>
        <time>2026-08-16T09:12:45.000Z</time>
      </trkpt>
      <trkpt lat="40.2229" lon="-7.52787">
        <ele>548</ele>
        <time>2026-08-16T09:12:49.000Z</time>
      </trkpt>
      <trkpt lat="40.22325" lon="-7.52777">
        <ele>548</ele>
        <time>2026-08-16T09:12:53.000Z</time>
      </trkpt>
      <trkpt lat="40.22359" lon="-7.52784">
        <ele>548</ele>
        <time>2026-08-16T09:12:57.000Z</time>
      </trkpt>
      <trkpt lat="40.22385" lon="-7.52813">
        <ele>548</ele>
        <time>2026-08-16T09:13:01.000Z</time>
      </trkpt>
      <trkpt lat="40.22404" lon="-7.52857">
        <ele>587</ele>
        <time>2026-08-16T09:13:05.000Z</time>
      </trkpt>
      <trkpt lat="40.22417" lon="-7.52905">
        <ele>587</ele>
        <time>2026-08-16T09:13:09.000Z</time>
      </trkpt>
      <trkpt lat="40.22415" lon="-7.52953">
        <ele>589</ele>
        <time>2026-08-16T09:13:13.000Z</time>
      </trkpt>
      <trkpt lat="40.22417" lon="-7.52999">
        <ele>588</ele>
        <time>2026-08-16T09:13:17.000Z</time>
      </trkpt>
      <trkpt lat="40.22438" lon="-7.5304">
        <ele>588</ele>
        <time>2026-08-16T09:13:21.000Z</time>
      </trkpt>
      <trkpt lat="40.22462" lon="-7.53082">
        <ele>588</ele>
        <time>2026-08-16T09:13:25.000Z</time>
      </trkpt>
      <trkpt lat="40.22486" lon="-7.53121">
        <ele>589</ele>
        <time>2026-08-16T09:13:29.000Z</time>
      </trkpt>
      <trkpt lat="40.2252" lon="-7.53151">
        <ele>589</ele>
        <time>2026-08-16T09:13:33.000Z</time>
      </trkpt>
      <trkpt lat="40.22554" lon="-7.53179">
        <ele>589</ele>
        <time>2026-08-16T09:13:37.000Z</time>
      </trkpt>
      <trkpt lat="40.22586" lon="-7.53205">
        <ele>589</ele>
        <time>2026-08-16T09:13:41.000Z</time>
      </trkpt>
      <trkpt lat="40.22626" lon="-7.53213">
        <ele>588</ele>
        <time>2026-08-16T09:13:45.000Z</time>
      </trkpt>
      <trkpt lat="40.22657" lon="-7.53172">
        <ele>589</ele>
        <time>2026-08-16T09:13:49.000Z</time>
      </trkpt>
      <trkpt lat="40.22671" lon="-7.53122">
        <ele>591</ele>
        <time>2026-08-16T09:13:53.000Z</time>
      </trkpt>
      <trkpt lat="40.22688" lon="-7.53069">
        <ele>595</ele>
        <time>2026-08-16T09:13:57.000Z</time>
      </trkpt>
      <trkpt lat="40.22708" lon="-7.53018">
        <ele>595</ele>
        <time>2026-08-16T09:14:01.000Z</time>
      </trkpt>
      <trkpt lat="40.22727" lon="-7.52972">
        <ele>595</ele>
        <time>2026-08-16T09:14:05.000Z</time>
      </trkpt>
      <trkpt lat="40.22753" lon="-7.52938">
        <ele>595</ele>
        <time>2026-08-16T09:14:09.000Z</time>
      </trkpt>
      <trkpt lat="40.22791" lon="-7.52925">
        <ele>595</ele>
        <time>2026-08-16T09:14:13.000Z</time>
      </trkpt>
      <trkpt lat="40.22827" lon="-7.52912">
        <ele>595</ele>
        <time>2026-08-16T09:14:17.000Z</time>
      </trkpt>
      <trkpt lat="40.22858" lon="-7.52878">
        <ele>598</ele>
        <time>2026-08-16T09:14:21.000Z</time>
      </trkpt>
      <trkpt lat="40.22872" lon="-7.52827">
        <ele>598</ele>
        <time>2026-08-16T09:14:25.000Z</time>
      </trkpt>
      <trkpt lat="40.22887" lon="-7.52773">
        <ele>598</ele>
        <time>2026-08-16T09:14:29.000Z</time>
      </trkpt>
      <trkpt lat="40.22909" lon="-7.52721">
        <ele>598</ele>
        <time>2026-08-16T09:14:33.000Z</time>
      </trkpt>
      <trkpt lat="40.22948" lon="-7.5269">
        <ele>598</ele>
        <time>2026-08-16T09:14:37.000Z</time>
      </trkpt>
      <trkpt lat="40.22992" lon="-7.52675">
        <ele>598</ele>
        <time>2026-08-16T09:14:41.000Z</time>
      </trkpt>
      <trkpt lat="40.23036" lon="-7.52659">
        <ele>588</ele>
        <time>2026-08-16T09:14:45.000Z</time>
      </trkpt>
      <trkpt lat="40.23079" lon="-7.52645">
        <ele>588</ele>
        <time>2026-08-16T09:14:49.000Z</time>
      </trkpt>
      <trkpt lat="40.23118" lon="-7.52627">
        <ele>588</ele>
        <time>2026-08-16T09:14:53.000Z</time>
      </trkpt>
      <trkpt lat="40.23157" lon="-7.52609">
        <ele>588</ele>
        <time>2026-08-16T09:14:57.000Z</time>
      </trkpt>
      <trkpt lat="40.23196" lon="-7.52592">
        <ele>588</ele>
        <time>2026-08-16T09:15:01.000Z</time>
      </trkpt>
      <trkpt lat="40.23241" lon="-7.52571">
        <ele>588</ele>
        <time>2026-08-16T09:15:05.000Z</time>
      </trkpt>
      <trkpt lat="40.2329" lon="-7.52549">
        <ele>588</ele>
        <time>2026-08-16T09:15:09.000Z</time>
      </trkpt>
      <trkpt lat="40.23336" lon="-7.5252">
        <ele>588</ele>
        <time>2026-08-16T09:15:13.000Z</time>
      </trkpt>
      <trkpt lat="40.23375" lon="-7.52481">
        <ele>588</ele>
        <time>2026-08-16T09:15:17.000Z</time>
      </trkpt>
      <trkpt lat="40.2341" lon="-7.52439">
        <ele>588</ele>
        <time>2026-08-16T09:15:21.000Z</time>
      </trkpt>
      <trkpt lat="40.23454" lon="-7.52406">
        <ele>588</ele>
        <time>2026-08-16T09:15:25.000Z</time>
      </trkpt>
      <trkpt lat="40.23504" lon="-7.52387">
        <ele>578</ele>
        <time>2026-08-16T09:15:29.000Z</time>
      </trkpt>
      <trkpt lat="40.23552" lon="-7.52369">
        <ele>578</ele>
        <time>2026-08-16T09:15:33.000Z</time>
      </trkpt>
      <trkpt lat="40.23592" lon="-7.52345">
        <ele>578</ele>
        <time>2026-08-16T09:15:37.000Z</time>
      </trkpt>
      <trkpt lat="40.23618" lon="-7.52319">
        <ele>578</ele>
        <time>2026-08-16T09:15:41.000Z</time>
      </trkpt>
      <trkpt lat="40.23626" lon="-7.52287">
        <ele>578</ele>
        <time>2026-08-16T09:15:45.000Z</time>
      </trkpt>
      <trkpt lat="40.23612" lon="-7.5225">
        <ele>578</ele>
        <time>2026-08-16T09:15:49.000Z</time>
      </trkpt>
      <trkpt lat="40.23596" lon="-7.52201">
        <ele>568</ele>
        <time>2026-08-16T09:15:53.000Z</time>
      </trkpt>
      <trkpt lat="40.23585" lon="-7.52142">
        <ele>563</ele>
        <time>2026-08-16T09:15:57.000Z</time>
      </trkpt>
      <trkpt lat="40.23588" lon="-7.52077">
        <ele>560</ele>
        <time>2026-08-16T09:16:01.000Z</time>
      </trkpt>
      <trkpt lat="40.23606" lon="-7.52014">
        <ele>557</ele>
        <time>2026-08-16T09:16:05.000Z</time>
      </trkpt>
      <trkpt lat="40.23635" lon="-7.51968">
        <ele>555</ele>
        <time>2026-08-16T09:16:09.000Z</time>
      </trkpt>
      <trkpt lat="40.23644" lon="-7.51934">
        <ele>552</ele>
        <time>2026-08-16T09:16:13.000Z</time>
      </trkpt>
      <trkpt lat="40.23653" lon="-7.519">
        <ele>553</ele>
        <time>2026-08-16T09:16:17.000Z</time>
      </trkpt>
      <trkpt lat="40.23653" lon="-7.51857">
        <ele>553</ele>
        <time>2026-08-16T09:16:21.000Z</time>
      </trkpt>
      <trkpt lat="40.23642" lon="-7.51803">
        <ele>553</ele>
        <time>2026-08-16T09:16:25.000Z</time>
      </trkpt>
      <trkpt lat="40.23631" lon="-7.51744">
        <ele>553</ele>
        <time>2026-08-16T09:16:29.000Z</time>
      </trkpt>
      <trkpt lat="40.23623" lon="-7.51686">
        <ele>553</ele>
        <time>2026-08-16T09:16:33.000Z</time>
      </trkpt>
      <trkpt lat="40.23633" lon="-7.51632">
        <ele>553</ele>
        <time>2026-08-16T09:16:37.000Z</time>
      </trkpt>
      <trkpt lat="40.23648" lon="-7.51574">
        <ele>535</ele>
        <time>2026-08-16T09:16:41.000Z</time>
      </trkpt>
      <trkpt lat="40.23663" lon="-7.5151">
        <ele>535</ele>
        <time>2026-08-16T09:16:45.000Z</time>
      </trkpt>
      <trkpt lat="40.23677" lon="-7.51446">
        <ele>535</ele>
        <time>2026-08-16T09:16:49.000Z</time>
      </trkpt>
      <trkpt lat="40.23688" lon="-7.51387">
        <ele>535</ele>
        <time>2026-08-16T09:16:53.000Z</time>
      </trkpt>
      <trkpt lat="40.23674" lon="-7.5133">
        <ele>535</ele>
        <time>2026-08-16T09:16:57.000Z</time>
      </trkpt>
      <trkpt lat="40.23658" lon="-7.51273">
        <ele>523</ele>
        <time>2026-08-16T09:17:01.000Z</time>
      </trkpt>
      <trkpt lat="40.23629" lon="-7.51227">
        <ele>523</ele>
        <time>2026-08-16T09:17:05.000Z</time>
      </trkpt>
      <trkpt lat="40.2359" lon="-7.51188">
        <ele>523</ele>
        <time>2026-08-16T09:17:09.000Z</time>
      </trkpt>
      <trkpt lat="40.23548" lon="-7.51146">
        <ele>523</ele>
        <time>2026-08-16T09:17:13.000Z</time>
      </trkpt>
      <trkpt lat="40.23513" lon="-7.51097">
        <ele>523</ele>
        <time>2026-08-16T09:17:17.000Z</time>
      </trkpt>
      <trkpt lat="40.23481" lon="-7.5105">
        <ele>523</ele>
        <time>2026-08-16T09:17:21.000Z</time>
      </trkpt>
      <trkpt lat="40.23453" lon="-7.51001">
        <ele>498</ele>
        <time>2026-08-16T09:17:25.000Z</time>
      </trkpt>
      <trkpt lat="40.23443" lon="-7.50939">
        <ele>495</ele>
        <time>2026-08-16T09:17:29.000Z</time>
      </trkpt>
      <trkpt lat="40.23433" lon="-7.50878">
        <ele>493</ele>
        <time>2026-08-16T09:17:33.000Z</time>
      </trkpt>
      <trkpt lat="40.23425" lon="-7.50822">
        <ele>490</ele>
        <time>2026-08-16T09:17:37.000Z</time>
      </trkpt>
      <trkpt lat="40.23412" lon="-7.50783">
        <ele>489</ele>
        <time>2026-08-16T09:17:41.000Z</time>
      </trkpt>
      <trkpt lat="40.23398" lon="-7.50738">
        <ele>488</ele>
        <time>2026-08-16T09:17:45.000Z</time>
      </trkpt>
      <trkpt lat="40.234" lon="-7.50694">
        <ele>487</ele>
        <time>2026-08-16T09:17:49.000Z</time>
      </trkpt>
      <trkpt lat="40.23392" lon="-7.50638">
        <ele>486</ele>
        <time>2026-08-16T09:17:53.000Z</time>
      </trkpt>
      <trkpt lat="40.23383" lon="-7.50574">
        <ele>485</ele>
        <time>2026-08-16T09:17:57.000Z</time>
      </trkpt>
      <trkpt lat="40.23373" lon="-7.50509">
        <ele>483</ele>
        <time>2026-08-16T09:18:01.000Z</time>
      </trkpt>
      <trkpt lat="40.23363" lon="-7.50437">
        <ele>483</ele>
        <time>2026-08-16T09:18:05.000Z</time>
      </trkpt>
      <trkpt lat="40.23352" lon="-7.50365">
        <ele>482</ele>
        <time>2026-08-16T09:18:09.000Z</time>
      </trkpt>
      <trkpt lat="40.23344" lon="-7.50299">
        <ele>481</ele>
        <time>2026-08-16T09:18:13.000Z</time>
      </trkpt>
      <trkpt lat="40.2335" lon="-7.50234">
        <ele>480</ele>
        <time>2026-08-16T09:18:17.000Z</time>
      </trkpt>
      <trkpt lat="40.2336" lon="-7.5017">
        <ele>479</ele>
        <time>2026-08-16T09:18:21.000Z</time>
      </trkpt>
      <trkpt lat="40.23371" lon="-7.50105">
        <ele>477</ele>
        <time>2026-08-16T09:18:25.000Z</time>
      </trkpt>
      <trkpt lat="40.2338" lon="-7.50045">
        <ele>476</ele>
        <time>2026-08-16T09:18:29.000Z</time>
      </trkpt>
      <trkpt lat="40.23388" lon="-7.49998">
        <ele>476</ele>
        <time>2026-08-16T09:18:33.000Z</time>
      </trkpt>
      <trkpt lat="40.23386" lon="-7.49961">
        <ele>476</ele>
        <time>2026-08-16T09:18:37.000Z</time>
      </trkpt>
      <trkpt lat="40.23388" lon="-7.49919">
        <ele>476</ele>
        <time>2026-08-16T09:18:41.000Z</time>
      </trkpt>
      <trkpt lat="40.23419" lon="-7.4992">
        <ele>476</ele>
        <time>2026-08-16T09:18:45.000Z</time>
      </trkpt>
      <trkpt lat="40.23446" lon="-7.49949">
        <ele>476</ele>
        <time>2026-08-16T09:18:49.000Z</time>
      </trkpt>
      <trkpt lat="40.23489" lon="-7.49965">
        <ele>476</ele>
        <time>2026-08-16T09:18:53.000Z</time>
      </trkpt>
      <trkpt lat="40.23538" lon="-7.49982">
        <ele>476</ele>
        <time>2026-08-16T09:18:57.000Z</time>
      </trkpt>
      <trkpt lat="40.23594" lon="-7.50001">
        <ele>476</ele>
        <time>2026-08-16T09:19:01.000Z</time>
      </trkpt>
      <trkpt lat="40.23655" lon="-7.50022">
        <ele>476</ele>
        <time>2026-08-16T09:19:05.000Z</time>
      </trkpt>
      <trkpt lat="40.23719" lon="-7.50041">
        <ele>476</ele>
        <time>2026-08-16T09:19:09.000Z</time>
      </trkpt>
      <trkpt lat="40.23786" lon="-7.50062">
        <ele>476</ele>
        <time>2026-08-16T09:19:13.000Z</time>
      </trkpt>
      <trkpt lat="40.23858" lon="-7.5008">
        <ele>476</ele>
        <time>2026-08-16T09:19:17.000Z</time>
      </trkpt>
      <trkpt lat="40.23935" lon="-7.50094">
        <ele>499</ele>
        <time>2026-08-16T09:19:21.000Z</time>
      </trkpt>
      <trkpt lat="40.24011" lon="-7.50097">
        <ele>499</ele>
        <time>2026-08-16T09:19:25.000Z</time>
      </trkpt>
      <trkpt lat="40.24082" lon="-7.50086">
        <ele>499</ele>
        <time>2026-08-16T09:19:29.000Z</time>
      </trkpt>
      <trkpt lat="40.24155" lon="-7.50071">
        <ele>499</ele>
        <time>2026-08-16T09:19:33.000Z</time>
      </trkpt>
      <trkpt lat="40.24228" lon="-7.50056">
        <ele>499</ele>
        <time>2026-08-16T09:19:37.000Z</time>
      </trkpt>
      <trkpt lat="40.24301" lon="-7.50038">
        <ele>499</ele>
        <time>2026-08-16T09:19:41.000Z</time>
      </trkpt>
      <trkpt lat="40.24371" lon="-7.5002">
        <ele>499</ele>
        <time>2026-08-16T09:19:45.000Z</time>
      </trkpt>
      <trkpt lat="40.24437" lon="-7.50003">
        <ele>499</ele>
        <time>2026-08-16T09:19:49.000Z</time>
      </trkpt>
      <trkpt lat="40.24502" lon="-7.49986">
        <ele>499</ele>
        <time>2026-08-16T09:19:53.000Z</time>
      </trkpt>
      <trkpt lat="40.24567" lon="-7.49966">
        <ele>499</ele>
        <time>2026-08-16T09:19:57.000Z</time>
      </trkpt>
      <trkpt lat="40.24631" lon="-7.49944">
        <ele>499</ele>
        <time>2026-08-16T09:20:01.000Z</time>
      </trkpt>
      <trkpt lat="40.24695" lon="-7.49927">
        <ele>499</ele>
        <time>2026-08-16T09:20:05.000Z</time>
      </trkpt>
      <trkpt lat="40.24752" lon="-7.4991">
        <ele>499</ele>
        <time>2026-08-16T09:20:09.000Z</time>
      </trkpt>
      <trkpt lat="40.24796" lon="-7.49897">
        <ele>499</ele>
        <time>2026-08-16T09:20:13.000Z</time>
      </trkpt>
      <trkpt lat="40.24826" lon="-7.49885">
        <ele>499</ele>
        <time>2026-08-16T09:20:17.000Z</time>
      </trkpt>
      <trkpt lat="40.2484" lon="-7.49879">
        <ele>499</ele>
        <time>2026-08-16T09:20:21.000Z</time>
      </trkpt>
      <trkpt lat="40.24852" lon="-7.49874">
        <ele>556</ele>
        <time>2026-08-16T09:20:33.000Z</time>
      </trkpt>
      <trkpt lat="40.24877" lon="-7.49864">
        <ele>556</ele>
        <time>2026-08-16T09:20:37.000Z</time>
      </trkpt>
      <trkpt lat="40.24907" lon="-7.49844">
        <ele>556</ele>
        <time>2026-08-16T09:20:41.000Z</time>
      </trkpt>
      <trkpt lat="40.24943" lon="-7.49815">
        <ele>556</ele>
        <time>2026-08-16T09:20:45.000Z</time>
      </trkpt>
      <trkpt lat="40.24983" lon="-7.49778">
        <ele>556</ele>
        <time>2026-08-16T09:20:49.000Z</time>
      </trkpt>
      <trkpt lat="40.25028" lon="-7.49732">
        <ele>556</ele>
        <time>2026-08-16T09:20:53.000Z</time>
      </trkpt>
      <trkpt lat="40.25071" lon="-7.49675">
        <ele>496</ele>
        <time>2026-08-16T09:20:57.000Z</time>
      </trkpt>
      <trkpt lat="40.25118" lon="-7.49615">
        <ele>496</ele>
        <time>2026-08-16T09:21:01.000Z</time>
      </trkpt>
      <trkpt lat="40.2517" lon="-7.49556">
        <ele>496</ele>
        <time>2026-08-16T09:21:05.000Z</time>
      </trkpt>
      <trkpt lat="40.25226" lon="-7.49506">
        <ele>496</ele>
        <time>2026-08-16T09:21:09.000Z</time>
      </trkpt>
      <trkpt lat="40.25283" lon="-7.4946">
        <ele>496</ele>
        <time>2026-08-16T09:21:13.000Z</time>
      </trkpt>
      <trkpt lat="40.25345" lon="-7.4941">
        <ele>496</ele>
        <time>2026-08-16T09:21:17.000Z</time>
      </trkpt>
      <trkpt lat="40.25407" lon="-7.4936">
        <ele>496</ele>
        <time>2026-08-16T09:21:22.000Z</time>
      </trkpt>
      <trkpt lat="40.25485" lon="-7.49297">
        <ele>496</ele>
        <time>2026-08-16T09:21:26.000Z</time>
      </trkpt>
      <trkpt lat="40.2555" lon="-7.49248">
        <ele>496</ele>
        <time>2026-08-16T09:21:30.000Z</time>
      </trkpt>
      <trkpt lat="40.25616" lon="-7.49203">
        <ele>496</ele>
        <time>2026-08-16T09:21:34.000Z</time>
      </trkpt>
      <trkpt lat="40.25688" lon="-7.49166">
        <ele>496</ele>
        <time>2026-08-16T09:21:38.000Z</time>
      </trkpt>
      <trkpt lat="40.25763" lon="-7.49138">
        <ele>496</ele>
        <time>2026-08-16T09:21:42.000Z</time>
      </trkpt>
      <trkpt lat="40.2584" lon="-7.49116">
        <ele>496</ele>
        <time>2026-08-16T09:21:46.000Z</time>
      </trkpt>
      <trkpt lat="40.25919" lon="-7.49097">
        <ele>496</ele>
        <time>2026-08-16T09:21:50.000Z</time>
      </trkpt>
      <trkpt lat="40.25998" lon="-7.49078">
        <ele>496</ele>
        <time>2026-08-16T09:21:54.000Z</time>
      </trkpt>
      <trkpt lat="40.26075" lon="-7.49059">
        <ele>496</ele>
        <time>2026-08-16T09:21:58.000Z</time>
      </trkpt>
      <trkpt lat="40.26153" lon="-7.49041">
        <ele>496</ele>
        <time>2026-08-16T09:22:02.000Z</time>
      </trkpt>
      <trkpt lat="40.26229" lon="-7.4902">
        <ele>508</ele>
        <time>2026-08-16T09:22:06.000Z</time>
      </trkpt>
      <trkpt lat="40.26304" lon="-7.49">
        <ele>511</ele>
        <time>2026-08-16T09:22:10.000Z</time>
      </trkpt>
      <trkpt lat="40.2638" lon="-7.4898">
        <ele>515</ele>
        <time>2026-08-16T09:22:14.000Z</time>
      </trkpt>
      <trkpt lat="40.26456" lon="-7.48961">
        <ele>518</ele>
        <time>2026-08-16T09:22:18.000Z</time>
      </trkpt>
      <trkpt lat="40.26531" lon="-7.48952">
        <ele>520</ele>
        <time>2026-08-16T09:22:22.000Z</time>
      </trkpt>
      <trkpt lat="40.26606" lon="-7.48949">
        <ele>522</ele>
        <time>2026-08-16T09:22:26.000Z</time>
      </trkpt>
      <trkpt lat="40.26684" lon="-7.48951">
        <ele>524</ele>
        <time>2026-08-16T09:22:30.000Z</time>
      </trkpt>
      <trkpt lat="40.2676" lon="-7.48949">
        <ele>526</ele>
        <time>2026-08-16T09:22:34.000Z</time>
      </trkpt>
      <trkpt lat="40.26836" lon="-7.4894">
        <ele>528</ele>
        <time>2026-08-16T09:22:38.000Z</time>
      </trkpt>
      <trkpt lat="40.26908" lon="-7.48919">
        <ele>531</ele>
        <time>2026-08-16T09:22:42.000Z</time>
      </trkpt>
      <trkpt lat="40.26977" lon="-7.48885">
        <ele>532</ele>
        <time>2026-08-16T09:22:46.000Z</time>
      </trkpt>
      <trkpt lat="40.27043" lon="-7.48845">
        <ele>542</ele>
        <time>2026-08-16T09:22:50.000Z</time>
      </trkpt>
      <trkpt lat="40.27109" lon="-7.488">
        <ele>542</ele>
        <time>2026-08-16T09:22:54.000Z</time>
      </trkpt>
      <trkpt lat="40.27175" lon="-7.48752">
        <ele>542</ele>
        <time>2026-08-16T09:22:58.000Z</time>
      </trkpt>
      <trkpt lat="40.2724" lon="-7.48701">
        <ele>542</ele>
        <time>2026-08-16T09:23:02.000Z</time>
      </trkpt>
      <trkpt lat="40.27302" lon="-7.48648">
        <ele>542</ele>
        <time>2026-08-16T09:23:06.000Z</time>
      </trkpt>
      <trkpt lat="40.27364" lon="-7.48594">
        <ele>542</ele>
        <time>2026-08-16T09:23:10.000Z</time>
      </trkpt>
      <trkpt lat="40.27422" lon="-7.48536">
        <ele>542</ele>
        <time>2026-08-16T09:23:14.000Z</time>
      </trkpt>
      <trkpt lat="40.27476" lon="-7.48479">
        <ele>542</ele>
        <time>2026-08-16T09:23:18.000Z</time>
      </trkpt>
      <trkpt lat="40.27527" lon="-7.48425">
        <ele>542</ele>
        <time>2026-08-16T09:23:22.000Z</time>
      </trkpt>
      <trkpt lat="40.27581" lon="-7.48375">
        <ele>542</ele>
        <time>2026-08-16T09:23:26.000Z</time>
      </trkpt>
      <trkpt lat="40.27637" lon="-7.48327">
        <ele>542</ele>
        <time>2026-08-16T09:23:30.000Z</time>
      </trkpt>
      <trkpt lat="40.27697" lon="-7.48283">
        <ele>542</ele>
        <time>2026-08-16T09:23:34.000Z</time>
      </trkpt>
      <trkpt lat="40.27757" lon="-7.48244">
        <ele>542</ele>
        <time>2026-08-16T09:23:38.000Z</time>
      </trkpt>
      <trkpt lat="40.27816" lon="-7.48206">
        <ele>542</ele>
        <time>2026-08-16T09:23:42.000Z</time>
      </trkpt>
      <trkpt lat="40.27875" lon="-7.48166">
        <ele>542</ele>
        <time>2026-08-16T09:23:46.000Z</time>
      </trkpt>
      <trkpt lat="40.27929" lon="-7.48116">
        <ele>542</ele>
        <time>2026-08-16T09:23:50.000Z</time>
      </trkpt>
      <trkpt lat="40.27977" lon="-7.48063">
        <ele>542</ele>
        <time>2026-08-16T09:23:54.000Z</time>
      </trkpt>
      <trkpt lat="40.28024" lon="-7.48007">
        <ele>542</ele>
        <time>2026-08-16T09:23:58.000Z</time>
      </trkpt>
      <trkpt lat="40.28067" lon="-7.47956">
        <ele>542</ele>
        <time>2026-08-16T09:24:02.000Z</time>
      </trkpt>
      <trkpt lat="40.28101" lon="-7.47913">
        <ele>542</ele>
        <time>2026-08-16T09:24:06.000Z</time>
      </trkpt>
      <trkpt lat="40.2812" lon="-7.4787">
        <ele>542</ele>
        <time>2026-08-16T09:24:10.000Z</time>
      </trkpt>
      <trkpt lat="40.28132" lon="-7.47824">
        <ele>542</ele>
        <time>2026-08-16T09:24:14.000Z</time>
      </trkpt>
      <trkpt lat="40.28159" lon="-7.47793">
        <ele>542</ele>
        <time>2026-08-16T09:24:18.000Z</time>
      </trkpt>
      <trkpt lat="40.28199" lon="-7.47789">
        <ele>510</ele>
        <time>2026-08-16T09:24:22.000Z</time>
      </trkpt>
      <trkpt lat="40.28244" lon="-7.47763">
        <ele>509</ele>
        <time>2026-08-16T09:24:26.000Z</time>
      </trkpt>
      <trkpt lat="40.2829" lon="-7.47722">
        <ele>509</ele>
        <time>2026-08-16T09:24:30.000Z</time>
      </trkpt>
      <trkpt lat="40.2834" lon="-7.47683">
        <ele>509</ele>
        <time>2026-08-16T09:24:34.000Z</time>
      </trkpt>
      <trkpt lat="40.28394" lon="-7.47644">
        <ele>509</ele>
        <time>2026-08-16T09:24:38.000Z</time>
      </trkpt>
      <trkpt lat="40.28444" lon="-7.47607">
        <ele>509</ele>
        <time>2026-08-16T09:24:42.000Z</time>
      </trkpt>
      <trkpt lat="40.28485" lon="-7.47581">
        <ele>509</ele>
        <time>2026-08-16T09:24:46.000Z</time>
      </trkpt>
      <trkpt lat="40.28526" lon="-7.47554">
        <ele>509</ele>
        <time>2026-08-16T09:24:50.000Z</time>
      </trkpt>
      <trkpt lat="40.28574" lon="-7.47523">
        <ele>509</ele>
        <time>2026-08-16T09:24:54.000Z</time>
      </trkpt>
      <trkpt lat="40.28628" lon="-7.47489">
        <ele>509</ele>
        <time>2026-08-16T09:24:58.000Z</time>
      </trkpt>
      <trkpt lat="40.28687" lon="-7.47451">
        <ele>509</ele>
        <time>2026-08-16T09:25:02.000Z</time>
      </trkpt>
      <trkpt lat="40.28751" lon="-7.47411">
        <ele>509</ele>
        <time>2026-08-16T09:25:06.000Z</time>
      </trkpt>
      <trkpt lat="40.28814" lon="-7.47373">
        <ele>509</ele>
        <time>2026-08-16T09:25:10.000Z</time>
      </trkpt>
      <trkpt lat="40.28884" lon="-7.47336">
        <ele>509</ele>
        <time>2026-08-16T09:25:14.000Z</time>
      </trkpt>
      <trkpt lat="40.28954" lon="-7.47299">
        <ele>509</ele>
        <time>2026-08-16T09:25:18.000Z</time>
      </trkpt>
      <trkpt lat="40.29021" lon="-7.47264">
        <ele>509</ele>
        <time>2026-08-16T09:25:22.000Z</time>
      </trkpt>
      <trkpt lat="40.29089" lon="-7.47229">
        <ele>509</ele>
        <time>2026-08-16T09:25:26.000Z</time>
      </trkpt>
      <trkpt lat="40.29158" lon="-7.47193">
        <ele>509</ele>
        <time>2026-08-16T09:25:30.000Z</time>
      </trkpt>
      <trkpt lat="40.29229" lon="-7.47155">
        <ele>509</ele>
        <time>2026-08-16T09:25:34.000Z</time>
      </trkpt>
      <trkpt lat="40.293" lon="-7.47116">
        <ele>509</ele>
        <time>2026-08-16T09:25:38.000Z</time>
      </trkpt>
      <trkpt lat="40.2937" lon="-7.47072">
        <ele>509</ele>
        <time>2026-08-16T09:25:42.000Z</time>
      </trkpt>
      <trkpt lat="40.29431" lon="-7.47017">
        <ele>509</ele>
        <time>2026-08-16T09:25:46.000Z</time>
      </trkpt>
      <trkpt lat="40.29481" lon="-7.4695">
        <ele>509</ele>
        <time>2026-08-16T09:25:50.000Z</time>
      </trkpt>
      <trkpt lat="40.29527" lon="-7.46886">
        <ele>511</ele>
        <time>2026-08-16T09:25:54.000Z</time>
      </trkpt>
      <trkpt lat="40.29573" lon="-7.46822">
        <ele>512</ele>
        <time>2026-08-16T09:25:58.000Z</time>
      </trkpt>
      <trkpt lat="40.29619" lon="-7.46758">
        <ele>514</ele>
        <time>2026-08-16T09:26:02.000Z</time>
      </trkpt>
      <trkpt lat="40.29666" lon="-7.46694">
        <ele>517</ele>
        <time>2026-08-16T09:26:06.000Z</time>
      </trkpt>
      <trkpt lat="40.29712" lon="-7.4663">
        <ele>518</ele>
        <time>2026-08-16T09:26:10.000Z</time>
      </trkpt>
      <trkpt lat="40.30809" lon="-7.45422">
        <ele>558</ele>
        <time>2026-08-16T09:28:12.000Z</time>
      </trkpt>
      <trkpt lat="40.3086" lon="-7.45393">
        <ele>558</ele>
        <time>2026-08-16T09:28:16.000Z</time>
      </trkpt>
      <trkpt lat="40.30913" lon="-7.45335">
        <ele>558</ele>
        <time>2026-08-16T09:28:20.000Z</time>
      </trkpt>
      <trkpt lat="40.30964" lon="-7.45285">
        <ele>558</ele>
        <time>2026-08-16T09:28:24.000Z</time>
      </trkpt>
      <trkpt lat="40.31016" lon="-7.45235">
        <ele>558</ele>
        <time>2026-08-16T09:28:28.000Z</time>
      </trkpt>
      <trkpt lat="40.31074" lon="-7.45187">
        <ele>558</ele>
        <time>2026-08-16T09:28:32.000Z</time>
      </trkpt>
      <trkpt lat="40.31131" lon="-7.45138">
        <ele>558</ele>
        <time>2026-08-16T09:28:36.000Z</time>
      </trkpt>
      <trkpt lat="40.31187" lon="-7.45081">
        <ele>558</ele>
        <time>2026-08-16T09:28:40.000Z</time>
      </trkpt>
      <trkpt lat="40.31239" lon="-7.45021">
        <ele>558</ele>
        <time>2026-08-16T09:28:44.000Z</time>
      </trkpt>
      <trkpt lat="40.31291" lon="-7.44961">
        <ele>558</ele>
        <time>2026-08-16T09:28:48.000Z</time>
      </trkpt>
      <trkpt lat="40.3134" lon="-7.44904">
        <ele>558</ele>
        <time>2026-08-16T09:28:52.000Z</time>
      </trkpt>
      <trkpt lat="40.31389" lon="-7.44847">
        <ele>558</ele>
        <time>2026-08-16T09:28:56.000Z</time>
      </trkpt>
      <trkpt lat="40.31436" lon="-7.44792">
        <ele>558</ele>
        <time>2026-08-16T09:29:00.000Z</time>
      </trkpt>
      <trkpt lat="40.31475" lon="-7.4474">
        <ele>558</ele>
        <time>2026-08-16T09:29:04.000Z</time>
      </trkpt>
      <trkpt lat="40.31507" lon="-7.44694">
        <ele>558</ele>
        <time>2026-08-16T09:29:08.000Z</time>
      </trkpt>
      <trkpt lat="40.31532" lon="-7.44657">
        <ele>558</ele>
        <time>2026-08-16T09:29:12.000Z</time>
      </trkpt>
      <trkpt lat="40.31546" lon="-7.44631">
        <ele>558</ele>
        <time>2026-08-16T09:29:16.000Z</time>
      </trkpt>
      <trkpt lat="40.31553" lon="-7.44619">
        <ele>558</ele>
        <time>2026-08-16T09:29:20.000Z</time>
      </trkpt>
      <trkpt lat="40.31562" lon="-7.44609">
        <ele>602</ele>
        <time>2026-08-16T09:30:03.000Z</time>
      </trkpt>
      <trkpt lat="40.31584" lon="-7.4461">
        <ele>602</ele>
        <time>2026-08-16T09:30:07.000Z</time>
      </trkpt>
      <trkpt lat="40.31601" lon="-7.44633">
        <ele>601</ele>
        <time>2026-08-16T09:30:11.000Z</time>
      </trkpt>
      <trkpt lat="40.31614" lon="-7.44664">
        <ele>600</ele>
        <time>2026-08-16T09:30:15.000Z</time>
      </trkpt>
      <trkpt lat="40.31625" lon="-7.44695">
        <ele>599</ele>
        <time>2026-08-16T09:30:19.000Z</time>
      </trkpt>
      <trkpt lat="40.31637" lon="-7.44724">
        <ele>599</ele>
        <time>2026-08-16T09:30:23.000Z</time>
      </trkpt>
      <trkpt lat="40.31647" lon="-7.44748">
        <ele>598</ele>
        <time>2026-08-16T09:34:44.000Z</time>
      </trkpt>
      <trkpt lat="40.31654" lon="-7.44764">
        <ele>597</ele>
        <time>2026-08-16T09:34:48.000Z</time>
      </trkpt>
      <trkpt lat="40.31647" lon="-7.44752">
        <ele>599</ele>
        <time>2026-08-16T09:34:59.000Z</time>
      </trkpt>
      <trkpt lat="40.31644" lon="-7.4474">
        <ele>598</ele>
        <time>2026-08-16T09:35:17.000Z</time>
      </trkpt>
      <trkpt lat="40.31636" lon="-7.44722">
        <ele>598</ele>
        <time>2026-08-16T09:35:21.000Z</time>
      </trkpt>
      <trkpt lat="40.31627" lon="-7.44701">
        <ele>599</ele>
        <time>2026-08-16T09:35:25.000Z</time>
      </trkpt>
      <trkpt lat="40.31618" lon="-7.44682">
        <ele>600</ele>
        <time>2026-08-16T09:35:29.000Z</time>
      </trkpt>
      <trkpt lat="40.31613" lon="-7.4467">
        <ele>600</ele>
        <time>2026-08-16T09:35:33.000Z</time>
      </trkpt>
      <trkpt lat="40.31609" lon="-7.44661">
        <ele>600</ele>
        <time>2026-08-16T09:35:37.000Z</time>
      </trkpt>
      <trkpt lat="40.31603" lon="-7.44648">
        <ele>601</ele>
        <time>2026-08-16T09:35:41.000Z</time>
      </trkpt>
      <trkpt lat="40.31594" lon="-7.44631">
        <ele>602</ele>
        <time>2026-08-16T09:35:45.000Z</time>
      </trkpt>
      <trkpt lat="40.31582" lon="-7.4462">
        <ele>602</ele>
        <time>2026-08-16T09:35:49.000Z</time>
      </trkpt>
      <trkpt lat="40.31572" lon="-7.44611">
        <ele>601</ele>
        <time>2026-08-16T09:37:34.000Z</time>
      </trkpt>
      <trkpt lat="40.31568" lon="-7.44584">
        <ele>602</ele>
        <time>2026-08-16T09:37:38.000Z</time>
      </trkpt>
      <trkpt lat="40.31583" lon="-7.4455">
        <ele>603</ele>
        <time>2026-08-16T09:37:42.000Z</time>
      </trkpt>
      <trkpt lat="40.316" lon="-7.44511">
        <ele>605</ele>
        <time>2026-08-16T09:37:46.000Z</time>
      </trkpt>
      <trkpt lat="40.31611" lon="-7.44472">
        <ele>608</ele>
        <time>2026-08-16T09:37:50.000Z</time>
      </trkpt>
      <trkpt lat="40.31609" lon="-7.44432">
        <ele>609</ele>
        <time>2026-08-16T09:37:54.000Z</time>
      </trkpt>
      <trkpt lat="40.31587" lon="-7.44395">
        <ele>608</ele>
        <time>2026-08-16T09:37:58.000Z</time>
      </trkpt>
      <trkpt lat="40.31548" lon="-7.44384">
        <ele>608</ele>
        <time>2026-08-16T09:38:02.000Z</time>
      </trkpt>
      <trkpt lat="40.31504" lon="-7.44379">
        <ele>609</ele>
        <time>2026-08-16T09:38:06.000Z</time>
      </trkpt>
      <trkpt lat="40.3146" lon="-7.44374">
        <ele>609</ele>
        <time>2026-08-16T09:38:10.000Z</time>
      </trkpt>
      <trkpt lat="40.31413" lon="-7.44351">
        <ele>610</ele>
        <time>2026-08-16T09:38:14.000Z</time>
      </trkpt>
      <trkpt lat="40.3136" lon="-7.44319">
        <ele>607</ele>
        <time>2026-08-16T09:38:18.000Z</time>
      </trkpt>
      <trkpt lat="40.31303" lon="-7.44284">
        <ele>604</ele>
        <time>2026-08-16T09:38:22.000Z</time>
      </trkpt>
      <trkpt lat="40.31246" lon="-7.44249">
        <ele>602</ele>
        <time>2026-08-16T09:38:26.000Z</time>
      </trkpt>
      <trkpt lat="40.31196" lon="-7.44218">
        <ele>601</ele>
        <time>2026-08-16T09:38:30.000Z</time>
      </trkpt>
      <trkpt lat="40.31153" lon="-7.44185">
        <ele>600</ele>
        <time>2026-08-16T09:38:34.000Z</time>
      </trkpt>
      <trkpt lat="40.31136" lon="-7.44123">
        <ele>598</ele>
        <time>2026-08-16T09:38:38.000Z</time>
      </trkpt>
      <trkpt lat="40.31124" lon="-7.44049">
        <ele>598</ele>
        <time>2026-08-16T09:38:42.000Z</time>
      </trkpt>
      <trkpt lat="40.3111" lon="-7.43964">
        <ele>599</ele>
        <time>2026-08-16T09:38:46.000Z</time>
      </trkpt>
      <trkpt lat="40.31097" lon="-7.43882">
        <ele>600</ele>
        <time>2026-08-16T09:38:50.000Z</time>
      </trkpt>
      <trkpt lat="40.31079" lon="-7.43803">
        <ele>598</ele>
        <time>2026-08-16T09:38:54.000Z</time>
      </trkpt>
      <trkpt lat="40.3105" lon="-7.43728">
        <ele>596</ele>
        <time>2026-08-16T09:38:58.000Z</time>
      </trkpt>
      <trkpt lat="40.31022" lon="-7.43654">
        <ele>596</ele>
        <time>2026-08-16T09:39:02.000Z</time>
      </trkpt>
      <trkpt lat="40.30997" lon="-7.43579">
        <ele>595</ele>
        <time>2026-08-16T09:39:06.000Z</time>
      </trkpt>
      <trkpt lat="40.30977" lon="-7.43506">
        <ele>595</ele>
        <time>2026-08-16T09:39:10.000Z</time>
      </trkpt>
      <trkpt lat="40.30956" lon="-7.43431">
        <ele>594</ele>
        <time>2026-08-16T09:39:14.000Z</time>
      </trkpt>
      <trkpt lat="40.30935" lon="-7.43355">
        <ele>590</ele>
        <time>2026-08-16T09:39:18.000Z</time>
      </trkpt>
      <trkpt lat="40.30918" lon="-7.43284">
        <ele>585</ele>
        <time>2026-08-16T09:39:22.000Z</time>
      </trkpt>
      <trkpt lat="40.30914" lon="-7.4321">
        <ele>580</ele>
        <time>2026-08-16T09:39:26.000Z</time>
      </trkpt>
      <trkpt lat="40.30913" lon="-7.43131">
        <ele>576</ele>
        <time>2026-08-16T09:39:30.000Z</time>
      </trkpt>
      <trkpt lat="40.3091" lon="-7.43055">
        <ele>573</ele>
        <time>2026-08-16T09:39:34.000Z</time>
      </trkpt>
      <trkpt lat="40.30903" lon="-7.42982">
        <ele>569</ele>
        <time>2026-08-16T09:39:38.000Z</time>
      </trkpt>
      <trkpt lat="40.30895" lon="-7.4291">
        <ele>564</ele>
        <time>2026-08-16T09:39:42.000Z</time>
      </trkpt>
      <trkpt lat="40.3088" lon="-7.42842">
        <ele>561</ele>
        <time>2026-08-16T09:39:46.000Z</time>
      </trkpt>
      <trkpt lat="40.30871" lon="-7.42776">
        <ele>556</ele>
        <time>2026-08-16T09:39:50.000Z</time>
      </trkpt>
      <trkpt lat="40.3089" lon="-7.42705">
        <ele>552</ele>
        <time>2026-08-16T09:39:54.000Z</time>
      </trkpt>
      <trkpt lat="40.30914" lon="-7.42628">
        <ele>548</ele>
        <time>2026-08-16T09:39:58.000Z</time>
      </trkpt>
      <trkpt lat="40.30938" lon="-7.42553">
        <ele>545</ele>
        <time>2026-08-16T09:40:02.000Z</time>
      </trkpt>
      <trkpt lat="40.3096" lon="-7.42483">
        <ele>539</ele>
        <time>2026-08-16T09:40:06.000Z</time>
      </trkpt>
      <trkpt lat="40.30992" lon="-7.42418">
        <ele>535</ele>
        <time>2026-08-16T09:40:10.000Z</time>
      </trkpt>
      <trkpt lat="40.31013" lon="-7.42361">
        <ele>531</ele>
        <time>2026-08-16T09:40:14.000Z</time>
      </trkpt>
      <trkpt lat="40.30997" lon="-7.4231">
        <ele>529</ele>
        <time>2026-08-16T09:40:18.000Z</time>
      </trkpt>
      <trkpt lat="40.30954" lon="-7.42277">
        <ele>526</ele>
        <time>2026-08-16T09:40:22.000Z</time>
      </trkpt>
      <trkpt lat="40.30911" lon="-7.42238">
        <ele>522</ele>
        <time>2026-08-16T09:40:26.000Z</time>
      </trkpt>
      <trkpt lat="40.30889" lon="-7.42174">
        <ele>518</ele>
        <time>2026-08-16T09:40:30.000Z</time>
      </trkpt>
      <trkpt lat="40.30886" lon="-7.42097">
        <ele>514</ele>
        <time>2026-08-16T09:40:34.000Z</time>
      </trkpt>
      <trkpt lat="40.30884" lon="-7.42017">
        <ele>511</ele>
        <time>2026-08-16T09:40:38.000Z</time>
      </trkpt>
      <trkpt lat="40.30881" lon="-7.41942">
        <ele>510</ele>
        <time>2026-08-16T09:40:42.000Z</time>
      </trkpt>
      <trkpt lat="40.3087" lon="-7.41866">
        <ele>508</ele>
        <time>2026-08-16T09:40:46.000Z</time>
      </trkpt>
      <trkpt lat="40.30857" lon="-7.41788">
        <ele>504</ele>
        <time>2026-08-16T09:40:50.000Z</time>
      </trkpt>
      <trkpt lat="40.30841" lon="-7.41707">
        <ele>499</ele>
        <time>2026-08-16T09:40:54.000Z</time>
      </trkpt>
      <trkpt lat="40.30826" lon="-7.41622">
        <ele>494</ele>
        <time>2026-08-16T09:40:58.000Z</time>
      </trkpt>
      <trkpt lat="40.30812" lon="-7.41541">
        <ele>491</ele>
        <time>2026-08-16T09:41:02.000Z</time>
      </trkpt>
      <trkpt lat="40.30801" lon="-7.41476">
        <ele>488</ele>
        <time>2026-08-16T09:41:06.000Z</time>
      </trkpt>
      <trkpt lat="40.30794" lon="-7.4145">
        <ele>487</ele>
        <time>2026-08-16T09:41:10.000Z</time>
      </trkpt>
      <trkpt lat="40.30789" lon="-7.41437">
        <ele>489</ele>
        <time>2026-08-16T09:41:24.000Z</time>
      </trkpt>
      <trkpt lat="40.30777" lon="-7.41401">
        <ele>490</ele>
        <time>2026-08-16T09:41:28.000Z</time>
      </trkpt>
      <trkpt lat="40.30778" lon="-7.41351">
        <ele>490</ele>
        <time>2026-08-16T09:41:32.000Z</time>
      </trkpt>
      <trkpt lat="40.30778" lon="-7.41293">
        <ele>489</ele>
        <time>2026-08-16T09:41:36.000Z</time>
      </trkpt>
      <trkpt lat="40.30779" lon="-7.41227">
        <ele>489</ele>
        <time>2026-08-16T09:41:40.000Z</time>
      </trkpt>
      <trkpt lat="40.30779" lon="-7.41154">
        <ele>488</ele>
        <time>2026-08-16T09:41:44.000Z</time>
      </trkpt>
      <trkpt lat="40.3078" lon="-7.41082">
        <ele>488</ele>
        <time>2026-08-16T09:41:48.000Z</time>
      </trkpt>
      <trkpt lat="40.30781" lon="-7.41004">
        <ele>488</ele>
        <time>2026-08-16T09:41:52.000Z</time>
      </trkpt>
      <trkpt lat="40.30778" lon="-7.40928">
        <ele>488</ele>
        <time>2026-08-16T09:41:56.000Z</time>
      </trkpt>
      <trkpt lat="40.3074" lon="-7.40867">
        <ele>489</ele>
        <time>2026-08-16T09:42:00.000Z</time>
      </trkpt>
      <trkpt lat="40.30683" lon="-7.40827">
        <ele>490</ele>
        <time>2026-08-16T09:42:04.000Z</time>
      </trkpt>
      <trkpt lat="40.30623" lon="-7.40786">
        <ele>491</ele>
        <time>2026-08-16T09:42:08.000Z</time>
      </trkpt>
      <trkpt lat="40.30566" lon="-7.40746">
        <ele>492</ele>
        <time>2026-08-16T09:42:12.000Z</time>
      </trkpt>
      <trkpt lat="40.30507" lon="-7.40716">
        <ele>492</ele>
        <time>2026-08-16T09:42:16.000Z</time>
      </trkpt>
      <trkpt lat="40.30447" lon="-7.40696">
        <ele>492</ele>
        <time>2026-08-16T09:42:20.000Z</time>
      </trkpt>
      <trkpt lat="40.30396" lon="-7.40648">
        <ele>493</ele>
        <time>2026-08-16T09:42:24.000Z</time>
      </trkpt>
      <trkpt lat="40.30364" lon="-7.40576">
        <ele>494</ele>
        <time>2026-08-16T09:42:28.000Z</time>
      </trkpt>
      <trkpt lat="40.30357" lon="-7.4049">
        <ele>495</ele>
        <time>2026-08-16T09:42:32.000Z</time>
      </trkpt>
      <trkpt lat="40.30377" lon="-7.40402">
        <ele>495</ele>
        <time>2026-08-16T09:42:36.000Z</time>
      </trkpt>
      <trkpt lat="40.3041" lon="-7.40315">
        <ele>496</ele>
        <time>2026-08-16T09:42:40.000Z</time>
      </trkpt>
      <trkpt lat="40.30445" lon="-7.40227">
        <ele>498</ele>
        <time>2026-08-16T09:42:44.000Z</time>
      </trkpt>
      <trkpt lat="40.30479" lon="-7.40134">
        <ele>498</ele>
        <time>2026-08-16T09:42:48.000Z</time>
      </trkpt>
      <trkpt lat="40.30513" lon="-7.4004">
        <ele>497</ele>
        <time>2026-08-16T09:42:52.000Z</time>
      </trkpt>
      <trkpt lat="40.30544" lon="-7.39956">
        <ele>497</ele>
        <time>2026-08-16T09:42:56.000Z</time>
      </trkpt>
      <trkpt lat="40.30573" lon="-7.39879">
        <ele>497</ele>
        <time>2026-08-16T09:43:00.000Z</time>
      </trkpt>
      <trkpt lat="40.30598" lon="-7.39804">
        <ele>496</ele>
        <time>2026-08-16T09:43:04.000Z</time>
      </trkpt>
      <trkpt lat="40.306" lon="-7.39719">
        <ele>494</ele>
        <time>2026-08-16T09:43:08.000Z</time>
      </trkpt>
      <trkpt lat="40.30586" lon="-7.39634">
        <ele>494</ele>
        <time>2026-08-16T09:43:12.000Z</time>
      </trkpt>
      <trkpt lat="40.30565" lon="-7.39547">
        <ele>496</ele>
        <time>2026-08-16T09:43:16.000Z</time>
      </trkpt>
      <trkpt lat="40.30549" lon="-7.39457">
        <ele>497</ele>
        <time>2026-08-16T09:43:20.000Z</time>
      </trkpt>
      <trkpt lat="40.30531" lon="-7.39362">
        <ele>498</ele>
        <time>2026-08-16T09:43:24.000Z</time>
      </trkpt>
      <trkpt lat="40.3051" lon="-7.39263">
        <ele>498</ele>
        <time>2026-08-16T09:43:28.000Z</time>
      </trkpt>
      <trkpt lat="40.30488" lon="-7.39157">
        <ele>498</ele>
        <time>2026-08-16T09:43:32.000Z</time>
      </trkpt>
      <trkpt lat="40.30465" lon="-7.39047">
        <ele>498</ele>
        <time>2026-08-16T09:43:36.000Z</time>
      </trkpt>
      <trkpt lat="40.30443" lon="-7.38937">
        <ele>497</ele>
        <time>2026-08-16T09:43:40.000Z</time>
      </trkpt>
      <trkpt lat="40.30421" lon="-7.38828">
        <ele>499</ele>
        <time>2026-08-16T09:43:44.000Z</time>
      </trkpt>
      <trkpt lat="40.30399" lon="-7.38719">
        <ele>502</ele>
        <time>2026-08-16T09:43:48.000Z</time>
      </trkpt>
      <trkpt lat="40.30376" lon="-7.38608">
        <ele>505</ele>
        <time>2026-08-16T09:43:52.000Z</time>
      </trkpt>
      <trkpt lat="40.30354" lon="-7.385">
        <ele>507</ele>
        <time>2026-08-16T09:43:56.000Z</time>
      </trkpt>
      <trkpt lat="40.30333" lon="-7.38396">
        <ele>509</ele>
        <time>2026-08-16T09:44:00.000Z</time>
      </trkpt>
      <trkpt lat="40.30314" lon="-7.383">
        <ele>512</ele>
        <time>2026-08-16T09:44:04.000Z</time>
      </trkpt>
      <trkpt lat="40.30297" lon="-7.38211">
        <ele>513</ele>
        <time>2026-08-16T09:44:08.000Z</time>
      </trkpt>
      <trkpt lat="40.30294" lon="-7.38125">
        <ele>513</ele>
        <time>2026-08-16T09:44:12.000Z</time>
      </trkpt>
      <trkpt lat="40.30295" lon="-7.38051">
        <ele>511</ele>
        <time>2026-08-16T09:44:16.000Z</time>
      </trkpt>
      <trkpt lat="40.30296" lon="-7.37979">
        <ele>511</ele>
        <time>2026-08-16T09:44:20.000Z</time>
      </trkpt>
      <trkpt lat="40.30297" lon="-7.37901">
        <ele>510</ele>
        <time>2026-08-16T09:44:24.000Z</time>
      </trkpt>
      <trkpt lat="40.30298" lon="-7.3782">
        <ele>508</ele>
        <time>2026-08-16T09:44:28.000Z</time>
      </trkpt>
      <trkpt lat="40.30299" lon="-7.37743">
        <ele>507</ele>
        <time>2026-08-16T09:44:32.000Z</time>
      </trkpt>
      <trkpt lat="40.30299" lon="-7.37665">
        <ele>506</ele>
        <time>2026-08-16T09:44:36.000Z</time>
      </trkpt>
      <trkpt lat="40.30299" lon="-7.37585">
        <ele>505</ele>
        <time>2026-08-16T09:44:40.000Z</time>
      </trkpt>
      <trkpt lat="40.30297" lon="-7.37508">
        <ele>503</ele>
        <time>2026-08-16T09:44:44.000Z</time>
      </trkpt>
      <trkpt lat="40.30296" lon="-7.37442">
        <ele>502</ele>
        <time>2026-08-16T09:44:48.000Z</time>
      </trkpt>
      <trkpt lat="40.30295" lon="-7.37399">
        <ele>501</ele>
        <time>2026-08-16T09:44:52.000Z</time>
      </trkpt>
      <trkpt lat="40.30294" lon="-7.3737">
        <ele>500</ele>
        <time>2026-08-16T09:44:56.000Z</time>
      </trkpt>
      <trkpt lat="40.30294" lon="-7.37341">
        <ele>499</ele>
        <time>2026-08-16T09:45:00.000Z</time>
      </trkpt>
      <trkpt lat="40.3029" lon="-7.37305">
        <ele>499</ele>
        <time>2026-08-16T09:45:04.000Z</time>
      </trkpt>
      <trkpt lat="40.303" lon="-7.3726">
        <ele>498</ele>
        <time>2026-08-16T09:45:08.000Z</time>
      </trkpt>
      <trkpt lat="40.30299" lon="-7.37217">
        <ele>497</ele>
        <time>2026-08-16T09:45:12.000Z</time>
      </trkpt>
      <trkpt lat="40.30279" lon="-7.37178">
        <ele>497</ele>
        <time>2026-08-16T09:45:16.000Z</time>
      </trkpt>
      <trkpt lat="40.30253" lon="-7.37137">
        <ele>495</ele>
        <time>2026-08-16T09:45:20.000Z</time>
      </trkpt>
      <trkpt lat="40.30229" lon="-7.37098">
        <ele>494</ele>
        <time>2026-08-16T09:45:24.000Z</time>
      </trkpt>
      <trkpt lat="40.30206" lon="-7.37062">
        <ele>494</ele>
        <time>2026-08-16T09:45:28.000Z</time>
      </trkpt>
      <trkpt lat="40.30187" lon="-7.37032">
        <ele>494</ele>
        <time>2026-08-16T09:45:32.000Z</time>
      </trkpt>
      <trkpt lat="40.30177" lon="-7.37015">
        <ele>494</ele>
        <time>2026-08-16T09:45:36.000Z</time>
      </trkpt>
      <trkpt lat="40.30171" lon="-7.37007">
        <ele>494</ele>
        <time>2026-08-16T09:45:40.000Z</time>
      </trkpt>
      <trkpt lat="40.30166" lon="-7.36999">
        <ele>503</ele>
        <time>2026-08-16T09:45:53.000Z</time>
      </trkpt>
      <trkpt lat="40.30151" lon="-7.36982">
        <ele>503</ele>
        <time>2026-08-16T09:45:57.000Z</time>
      </trkpt>
      <trkpt lat="40.30133" lon="-7.36968">
        <ele>503</ele>
        <time>2026-08-16T09:46:01.000Z</time>
      </trkpt>
      <trkpt lat="40.30108" lon="-7.36949">
        <ele>503</ele>
        <time>2026-08-16T09:46:05.000Z</time>
      </trkpt>
      <trkpt lat="40.30078" lon="-7.36926">
        <ele>503</ele>
        <time>2026-08-16T09:46:09.000Z</time>
      </trkpt>
      <trkpt lat="40.30048" lon="-7.36903">
        <ele>503</ele>
        <time>2026-08-16T09:46:13.000Z</time>
      </trkpt>
      <trkpt lat="40.30034" lon="-7.36893">
        <ele>503</ele>
        <time>2026-08-16T09:46:17.000Z</time>
      </trkpt>
      <trkpt lat="40.30026" lon="-7.36886">
        <ele>503</ele>
        <time>2026-08-16T09:46:21.000Z</time>
      </trkpt>
      <trkpt lat="40.30017" lon="-7.36879">
        <ele>503</ele>
        <time>2026-08-16T09:46:25.000Z</time>
      </trkpt>
      <trkpt lat="40.30008" lon="-7.36872">
        <ele>503</ele>
        <time>2026-08-16T09:46:29.000Z</time>
      </trkpt>
      <trkpt lat="40.29998" lon="-7.36864">
        <ele>503</ele>
        <time>2026-08-16T09:46:33.000Z</time>
      </trkpt>
      <trkpt lat="40.29989" lon="-7.36858">
        <ele>503</ele>
        <time>2026-08-16T09:46:37.000Z</time>
      </trkpt>
      <trkpt lat="40.2998" lon="-7.36851">
        <ele>503</ele>
        <time>2026-08-16T09:46:41.000Z</time>
      </trkpt>
      <trkpt lat="40.29971" lon="-7.36844">
        <ele>503</ele>
        <time>2026-08-16T09:46:45.000Z</time>
      </trkpt>
      <trkpt lat="40.29961" lon="-7.36836">
        <ele>503</ele>
        <time>2026-08-16T09:46:49.000Z</time>
      </trkpt>
      <trkpt lat="40.29945" lon="-7.36824">
        <ele>503</ele>
        <time>2026-08-16T09:46:53.000Z</time>
      </trkpt>
      <trkpt lat="40.29928" lon="-7.36803">
        <ele>503</ele>
        <time>2026-08-16T09:46:57.000Z</time>
      </trkpt>
      <trkpt lat="40.29921" lon="-7.3678">
        <ele>503</ele>
        <time>2026-08-16T09:47:01.000Z</time>
      </trkpt>
      <trkpt lat="40.29917" lon="-7.36758">
        <ele>505</ele>
        <time>2026-08-16T09:47:05.000Z</time>
      </trkpt>
      <trkpt lat="40.29915" lon="-7.36746">
        <ele>505</ele>
        <time>2026-08-16T09:47:09.000Z</time>
      </trkpt>
      <trkpt lat="40.29913" lon="-7.36736">
        <ele>510</ele>
        <time>2026-08-16T09:47:16.000Z</time>
      </trkpt>
      <trkpt lat="40.29922" lon="-7.3672">
        <ele>510</ele>
        <time>2026-08-16T09:47:20.000Z</time>
      </trkpt>
      <trkpt lat="40.2994" lon="-7.36699">
        <ele>510</ele>
        <time>2026-08-16T09:47:24.000Z</time>
      </trkpt>
      <trkpt lat="40.29962" lon="-7.36667">
        <ele>510</ele>
        <time>2026-08-16T09:47:28.000Z</time>
      </trkpt>
      <trkpt lat="40.29973" lon="-7.36628">
        <ele>510</ele>
        <time>2026-08-16T09:47:32.000Z</time>
      </trkpt>
      <trkpt lat="40.29977" lon="-7.36585">
        <ele>510</ele>
        <time>2026-08-16T09:47:36.000Z</time>
      </trkpt>
      <trkpt lat="40.29978" lon="-7.36558">
        <ele>510</ele>
        <time>2026-08-16T09:47:40.000Z</time>
      </trkpt>
      <trkpt lat="40.29978" lon="-7.36545">
        <ele>507</ele>
        <time>2026-08-16T09:47:56.000Z</time>
      </trkpt>
      <trkpt lat="40.29979" lon="-7.36532">
        <ele>507</ele>
        <time>2026-08-16T09:48:00.000Z</time>
      </trkpt>
      <trkpt lat="40.30053" lon="-7.36097">
        <ele>507</ele>
        <time>2026-08-16T10:08:27.000Z</time>
      </trkpt>
      <trkpt lat="40.30082" lon="-7.3602">
        <ele>507</ele>
        <time>2026-08-16T10:08:31.000Z</time>
      </trkpt>
      <trkpt lat="40.30108" lon="-7.35945">
        <ele>507</ele>
        <time>2026-08-16T10:08:35.000Z</time>
      </trkpt>
      <trkpt lat="40.30136" lon="-7.35864">
        <ele>507</ele>
        <time>2026-08-16T10:08:39.000Z</time>
      </trkpt>
      <trkpt lat="40.30166" lon="-7.35778">
        <ele>507</ele>
        <time>2026-08-16T10:08:43.000Z</time>
      </trkpt>
      <trkpt lat="40.30198" lon="-7.35688">
        <ele>507</ele>
        <time>2026-08-16T10:08:47.000Z</time>
      </trkpt>
      <trkpt lat="40.3023" lon="-7.35597">
        <ele>507</ele>
        <time>2026-08-16T10:08:51.000Z</time>
      </trkpt>
      <trkpt lat="40.30261" lon="-7.35509">
        <ele>507</ele>
        <time>2026-08-16T10:08:55.000Z</time>
      </trkpt>
      <trkpt lat="40.30291" lon="-7.35424">
        <ele>507</ele>
        <time>2026-08-16T10:08:59.000Z</time>
      </trkpt>
      <trkpt lat="40.30322" lon="-7.35338">
        <ele>507</ele>
        <time>2026-08-16T10:09:03.000Z</time>
      </trkpt>
      <trkpt lat="40.30349" lon="-7.35253">
        <ele>520</ele>
        <time>2026-08-16T10:09:07.000Z</time>
      </trkpt>
      <trkpt lat="40.30367" lon="-7.35179">
        <ele>524</ele>
        <time>2026-08-16T10:09:11.000Z</time>
      </trkpt>
      <trkpt lat="40.30347" lon="-7.35111">
        <ele>524</ele>
        <time>2026-08-16T10:09:15.000Z</time>
      </trkpt>
      <trkpt lat="40.30312" lon="-7.35062">
        <ele>525</ele>
        <time>2026-08-16T10:09:19.000Z</time>
      </trkpt>
      <trkpt lat="40.30293" lon="-7.3504">
        <ele>524</ele>
        <time>2026-08-16T10:09:23.000Z</time>
      </trkpt>
      <trkpt lat="40.30287" lon="-7.35033">
        <ele>523</ele>
        <time>2026-08-16T10:09:27.000Z</time>
      </trkpt>
      <trkpt lat="40.30294" lon="-7.35019">
        <ele>522</ele>
        <time>2026-08-16T10:09:31.000Z</time>
      </trkpt>
      <trkpt lat="40.30312" lon="-7.34991">
        <ele>522</ele>
        <time>2026-08-16T10:09:35.000Z</time>
      </trkpt>
      <trkpt lat="40.30334" lon="-7.34955">
        <ele>521</ele>
        <time>2026-08-16T10:09:39.000Z</time>
      </trkpt>
      <trkpt lat="40.30345" lon="-7.34901">
        <ele>520</ele>
        <time>2026-08-16T10:09:43.000Z</time>
      </trkpt>
      <trkpt lat="40.30351" lon="-7.34837">
        <ele>519</ele>
        <time>2026-08-16T10:09:47.000Z</time>
      </trkpt>
      <trkpt lat="40.30357" lon="-7.34765">
        <ele>518</ele>
        <time>2026-08-16T10:09:51.000Z</time>
      </trkpt>
      <trkpt lat="40.30371" lon="-7.34697">
        <ele>519</ele>
        <time>2026-08-16T10:09:55.000Z</time>
      </trkpt>
      <trkpt lat="40.30402" lon="-7.34632">
        <ele>520</ele>
        <time>2026-08-16T10:09:59.000Z</time>
      </trkpt>
      <trkpt lat="40.30447" lon="-7.34579">
        <ele>521</ele>
        <time>2026-08-16T10:10:03.000Z</time>
      </trkpt>
      <trkpt lat="40.30495" lon="-7.3453">
        <ele>520</ele>
        <time>2026-08-16T10:10:07.000Z</time>
      </trkpt>
      <trkpt lat="40.30542" lon="-7.3448">
        <ele>520</ele>
        <time>2026-08-16T10:10:11.000Z</time>
      </trkpt>
      <trkpt lat="40.30573" lon="-7.3441">
        <ele>521</ele>
        <time>2026-08-16T10:10:15.000Z</time>
      </trkpt>
      <trkpt lat="40.30603" lon="-7.34338">
        <ele>521</ele>
        <time>2026-08-16T10:10:19.000Z</time>
      </trkpt>
      <trkpt lat="40.30627" lon="-7.34262">
        <ele>520</ele>
        <time>2026-08-16T10:10:23.000Z</time>
      </trkpt>
      <trkpt lat="40.30648" lon="-7.34179">
        <ele>518</ele>
        <time>2026-08-16T10:10:27.000Z</time>
      </trkpt>
      <trkpt lat="40.30671" lon="-7.34092">
        <ele>517</ele>
        <time>2026-08-16T10:10:31.000Z</time>
      </trkpt>
      <trkpt lat="40.30692" lon="-7.34005">
        <ele>518</ele>
        <time>2026-08-16T10:10:35.000Z</time>
      </trkpt>
      <trkpt lat="40.30712" lon="-7.33917">
        <ele>518</ele>
        <time>2026-08-16T10:10:39.000Z</time>
      </trkpt>
      <trkpt lat="40.3073" lon="-7.33834">
        <ele>519</ele>
        <time>2026-08-16T10:10:43.000Z</time>
      </trkpt>
      <trkpt lat="40.30747" lon="-7.3376">
        <ele>520</ele>
        <time>2026-08-16T10:10:47.000Z</time>
      </trkpt>
      <trkpt lat="40.30758" lon="-7.33684">
        <ele>519</ele>
        <time>2026-08-16T10:10:51.000Z</time>
      </trkpt>
      <trkpt lat="40.30753" lon="-7.33602">
        <ele>517</ele>
        <time>2026-08-16T10:10:55.000Z</time>
      </trkpt>
      <trkpt lat="40.30737" lon="-7.33518">
        <ele>515</ele>
        <time>2026-08-16T10:10:59.000Z</time>
      </trkpt>
      <trkpt lat="40.3072" lon="-7.33434">
        <ele>515</ele>
        <time>2026-08-16T10:11:03.000Z</time>
      </trkpt>
      <trkpt lat="40.30702" lon="-7.33349">
        <ele>516</ele>
        <time>2026-08-16T10:11:07.000Z</time>
      </trkpt>
      <trkpt lat="40.30689" lon="-7.33272">
        <ele>519</ele>
        <time>2026-08-16T10:11:11.000Z</time>
      </trkpt>
      <trkpt lat="40.30694" lon="-7.33205">
        <ele>522</ele>
        <time>2026-08-16T10:11:15.000Z</time>
      </trkpt>
      <trkpt lat="40.30706" lon="-7.33134">
        <ele>521</ele>
        <time>2026-08-16T10:11:19.000Z</time>
      </trkpt>
      <trkpt lat="40.3072" lon="-7.33056">
        <ele>520</ele>
        <time>2026-08-16T10:11:23.000Z</time>
      </trkpt>
      <trkpt lat="40.30733" lon="-7.32975">
        <ele>519</ele>
        <time>2026-08-16T10:11:27.000Z</time>
      </trkpt>
      <trkpt lat="40.30743" lon="-7.32892">
        <ele>517</ele>
        <time>2026-08-16T10:11:31.000Z</time>
      </trkpt>
      <trkpt lat="40.30759" lon="-7.32811">
        <ele>515</ele>
        <time>2026-08-16T10:11:35.000Z</time>
      </trkpt>
      <trkpt lat="40.30776" lon="-7.32724">
        <ele>513</ele>
        <time>2026-08-16T10:11:39.000Z</time>
      </trkpt>
      <trkpt lat="40.30799" lon="-7.32637">
        <ele>512</ele>
        <time>2026-08-16T10:11:43.000Z</time>
      </trkpt>
      <trkpt lat="40.30834" lon="-7.32555">
        <ele>512</ele>
        <time>2026-08-16T10:11:47.000Z</time>
      </trkpt>
      <trkpt lat="40.30867" lon="-7.32476">
        <ele>513</ele>
        <time>2026-08-16T10:11:51.000Z</time>
      </trkpt>
      <trkpt lat="40.30896" lon="-7.32398">
        <ele>515</ele>
        <time>2026-08-16T10:11:55.000Z</time>
      </trkpt>
      <trkpt lat="40.30921" lon="-7.3232">
        <ele>518</ele>
        <time>2026-08-16T10:11:59.000Z</time>
      </trkpt>
      <trkpt lat="40.30947" lon="-7.32242">
        <ele>518</ele>
        <time>2026-08-16T10:12:03.000Z</time>
      </trkpt>
      <trkpt lat="40.30971" lon="-7.32166">
        <ele>519</ele>
        <time>2026-08-16T10:12:07.000Z</time>
      </trkpt>
      <trkpt lat="40.30984" lon="-7.32086">
        <ele>519</ele>
        <time>2026-08-16T10:12:11.000Z</time>
      </trkpt>
      <trkpt lat="40.3099" lon="-7.31995">
        <ele>517</ele>
        <time>2026-08-16T10:12:15.000Z</time>
      </trkpt>
      <trkpt lat="40.30996" lon="-7.31897">
        <ele>516</ele>
        <time>2026-08-16T10:12:19.000Z</time>
      </trkpt>
      <trkpt lat="40.31002" lon="-7.31799">
        <ele>517</ele>
        <time>2026-08-16T10:12:23.000Z</time>
      </trkpt>
      <trkpt lat="40.31009" lon="-7.31701">
        <ele>518</ele>
        <time>2026-08-16T10:12:27.000Z</time>
      </trkpt>
      <trkpt lat="40.31015" lon="-7.31599">
        <ele>520</ele>
        <time>2026-08-16T10:12:31.000Z</time>
      </trkpt>
      <trkpt lat="40.31022" lon="-7.31496">
        <ele>520</ele>
        <time>2026-08-16T10:12:35.000Z</time>
      </trkpt>
      <trkpt lat="40.31029" lon="-7.31392">
        <ele>522</ele>
        <time>2026-08-16T10:12:39.000Z</time>
      </trkpt>
      <trkpt lat="40.31035" lon="-7.3129">
        <ele>524</ele>
        <time>2026-08-16T10:12:43.000Z</time>
      </trkpt>
      <trkpt lat="40.31042" lon="-7.31187">
        <ele>525</ele>
        <time>2026-08-16T10:12:47.000Z</time>
      </trkpt>
      <trkpt lat="40.31049" lon="-7.31082">
        <ele>526</ele>
        <time>2026-08-16T10:12:51.000Z</time>
      </trkpt>
      <trkpt lat="40.31056" lon="-7.30975">
        <ele>527</ele>
        <time>2026-08-16T10:12:55.000Z</time>
      </trkpt>
      <trkpt lat="40.31062" lon="-7.30868">
        <ele>527</ele>
        <time>2026-08-16T10:12:59.000Z</time>
      </trkpt>
      <trkpt lat="40.31069" lon="-7.30762">
        <ele>528</ele>
        <time>2026-08-16T10:13:03.000Z</time>
      </trkpt>
      <trkpt lat="40.31076" lon="-7.30659">
        <ele>529</ele>
        <time>2026-08-16T10:13:07.000Z</time>
      </trkpt>
      <trkpt lat="40.31082" lon="-7.30559">
        <ele>531</ele>
        <time>2026-08-16T10:13:11.000Z</time>
      </trkpt>
      <trkpt lat="40.31091" lon="-7.30455">
        <ele>533</ele>
        <time>2026-08-16T10:13:15.000Z</time>
      </trkpt>
      <trkpt lat="40.31101" lon="-7.30347">
        <ele>533</ele>
        <time>2026-08-16T10:13:19.000Z</time>
      </trkpt>
      <trkpt lat="40.3111" lon="-7.30242">
        <ele>532</ele>
        <time>2026-08-16T10:13:23.000Z</time>
      </trkpt>
      <trkpt lat="40.31118" lon="-7.30152">
        <ele>532</ele>
        <time>2026-08-16T10:13:27.000Z</time>
      </trkpt>
      <trkpt lat="40.31125" lon="-7.30072">
        <ele>532</ele>
        <time>2026-08-16T10:13:31.000Z</time>
      </trkpt>
      <trkpt lat="40.31122" lon="-7.29998">
        <ele>532</ele>
        <time>2026-08-16T10:13:35.000Z</time>
      </trkpt>
      <trkpt lat="40.31114" lon="-7.29932">
        <ele>532</ele>
        <time>2026-08-16T10:13:39.000Z</time>
      </trkpt>
      <trkpt lat="40.31107" lon="-7.2987">
        <ele>532</ele>
        <time>2026-08-16T10:13:43.000Z</time>
      </trkpt>
      <trkpt lat="40.31099" lon="-7.29805">
        <ele>532</ele>
        <time>2026-08-16T10:13:47.000Z</time>
      </trkpt>
      <trkpt lat="40.31091" lon="-7.29731">
        <ele>533</ele>
        <time>2026-08-16T10:13:51.000Z</time>
      </trkpt>
      <trkpt lat="40.31081" lon="-7.29647">
        <ele>533</ele>
        <time>2026-08-16T10:13:55.000Z</time>
      </trkpt>
      <trkpt lat="40.31071" lon="-7.29555">
        <ele>534</ele>
        <time>2026-08-16T10:13:59.000Z</time>
      </trkpt>
      <trkpt lat="40.31059" lon="-7.29459">
        <ele>533</ele>
        <time>2026-08-16T10:14:03.000Z</time>
      </trkpt>
      <trkpt lat="40.31048" lon="-7.29362">
        <ele>531</ele>
        <time>2026-08-16T10:14:07.000Z</time>
      </trkpt>
      <trkpt lat="40.31037" lon="-7.29265">
        <ele>531</ele>
        <time>2026-08-16T10:14:11.000Z</time>
      </trkpt>
      <trkpt lat="40.31026" lon="-7.29166">
        <ele>533</ele>
        <time>2026-08-16T10:14:15.000Z</time>
      </trkpt>
      <trkpt lat="40.31014" lon="-7.29065">
        <ele>533</ele>
        <time>2026-08-16T10:14:19.000Z</time>
      </trkpt>
      <trkpt lat="40.31003" lon="-7.28967">
        <ele>534</ele>
        <time>2026-08-16T10:14:23.000Z</time>
      </trkpt>
      <trkpt lat="40.3099" lon="-7.28875">
        <ele>535</ele>
        <time>2026-08-16T10:14:27.000Z</time>
      </trkpt>
      <trkpt lat="40.30968" lon="-7.28786">
        <ele>535</ele>
        <time>2026-08-16T10:14:31.000Z</time>
      </trkpt>
      <trkpt lat="40.30944" lon="-7.28693">
        <ele>536</ele>
        <time>2026-08-16T10:14:35.000Z</time>
      </trkpt>
      <trkpt lat="40.3092" lon="-7.28597">
        <ele>535</ele>
        <time>2026-08-16T10:14:39.000Z</time>
      </trkpt>
      <trkpt lat="40.30896" lon="-7.28503">
        <ele>535</ele>
        <time>2026-08-16T10:14:43.000Z</time>
      </trkpt>
      <trkpt lat="40.30872" lon="-7.28409">
        <ele>537</ele>
        <time>2026-08-16T10:14:47.000Z</time>
      </trkpt>
      <trkpt lat="40.30848" lon="-7.28317">
        <ele>537</ele>
        <time>2026-08-16T10:14:51.000Z</time>
      </trkpt>
      <trkpt lat="40.3081" lon="-7.28234">
        <ele>536</ele>
        <time>2026-08-16T10:14:55.000Z</time>
      </trkpt>
      <trkpt lat="40.30762" lon="-7.28163">
        <ele>535</ele>
        <time>2026-08-16T10:14:59.000Z</time>
      </trkpt>
      <trkpt lat="40.30714" lon="-7.28093">
        <ele>535</ele>
        <time>2026-08-16T10:15:03.000Z</time>
      </trkpt>
      <trkpt lat="40.30668" lon="-7.28025">
        <ele>536</ele>
        <time>2026-08-16T10:15:07.000Z</time>
      </trkpt>
      <trkpt lat="40.30629" lon="-7.27963">
        <ele>537</ele>
        <time>2026-08-16T10:15:11.000Z</time>
      </trkpt>
      <trkpt lat="40.30619" lon="-7.2789">
        <ele>538</ele>
        <time>2026-08-16T10:15:15.000Z</time>
      </trkpt>
      <trkpt lat="40.30622" lon="-7.27807">
        <ele>540</ele>
        <time>2026-08-16T10:15:19.000Z</time>
      </trkpt>
      <trkpt lat="40.30634" lon="-7.27726">
        <ele>541</ele>
        <time>2026-08-16T10:15:23.000Z</time>
      </trkpt>
      <trkpt lat="40.30657" lon="-7.27647">
        <ele>541</ele>
        <time>2026-08-16T10:15:27.000Z</time>
      </trkpt>
      <trkpt lat="40.30679" lon="-7.27563">
        <ele>542</ele>
        <time>2026-08-16T10:15:31.000Z</time>
      </trkpt>
      <trkpt lat="40.30682" lon="-7.27474">
        <ele>541</ele>
        <time>2026-08-16T10:15:35.000Z</time>
      </trkpt>
      <trkpt lat="40.30678" lon="-7.27384">
        <ele>541</ele>
        <time>2026-08-16T10:15:39.000Z</time>
      </trkpt>
      <trkpt lat="40.30674" lon="-7.27293">
        <ele>542</ele>
        <time>2026-08-16T10:15:43.000Z</time>
      </trkpt>
      <trkpt lat="40.30671" lon="-7.27209">
        <ele>541</ele>
        <time>2026-08-16T10:15:47.000Z</time>
      </trkpt>
      <trkpt lat="40.30669" lon="-7.27126">
        <ele>543</ele>
        <time>2026-08-16T10:15:51.000Z</time>
      </trkpt>
      <trkpt lat="40.30676" lon="-7.27045">
        <ele>546</ele>
        <time>2026-08-16T10:15:55.000Z</time>
      </trkpt>
      <trkpt lat="40.30703" lon="-7.26965">
        <ele>545</ele>
        <time>2026-08-16T10:15:59.000Z</time>
      </trkpt>
      <trkpt lat="40.30731" lon="-7.26883">
        <ele>545</ele>
        <time>2026-08-16T10:16:03.000Z</time>
      </trkpt>
      <trkpt lat="40.30759" lon="-7.26798">
        <ele>546</ele>
        <time>2026-08-16T10:16:07.000Z</time>
      </trkpt>
      <trkpt lat="40.30788" lon="-7.26713">
        <ele>546</ele>
        <time>2026-08-16T10:16:11.000Z</time>
      </trkpt>
      <trkpt lat="40.30811" lon="-7.26639">
        <ele>546</ele>
        <time>2026-08-16T10:16:15.000Z</time>
      </trkpt>
      <trkpt lat="40.30821" lon="-7.26565">
        <ele>546</ele>
        <time>2026-08-16T10:16:19.000Z</time>
      </trkpt>
      <trkpt lat="40.30827" lon="-7.2649">
        <ele>546</ele>
        <time>2026-08-16T10:16:23.000Z</time>
      </trkpt>
      <trkpt lat="40.30822" lon="-7.26429">
        <ele>548</ele>
        <time>2026-08-16T10:16:27.000Z</time>
      </trkpt>
      <trkpt lat="40.30818" lon="-7.26396">
        <ele>548</ele>
        <time>2026-08-16T10:16:31.000Z</time>
      </trkpt>
      <trkpt lat="40.30832" lon="-7.26378">
        <ele>547</ele>
        <time>2026-08-16T10:16:35.000Z</time>
      </trkpt>
      <trkpt lat="40.30852" lon="-7.26338">
        <ele>547</ele>
        <time>2026-08-16T10:16:39.000Z</time>
      </trkpt>
      <trkpt lat="40.30874" lon="-7.2629">
        <ele>546</ele>
        <time>2026-08-16T10:16:43.000Z</time>
      </trkpt>
      <trkpt lat="40.30896" lon="-7.26243">
        <ele>547</ele>
        <time>2026-08-16T10:16:47.000Z</time>
      </trkpt>
      <trkpt lat="40.30919" lon="-7.2619">
        <ele>547</ele>
        <time>2026-08-16T10:16:51.000Z</time>
      </trkpt>
      <trkpt lat="40.30945" lon="-7.26135">
        <ele>548</ele>
        <time>2026-08-16T10:16:55.000Z</time>
      </trkpt>
      <trkpt lat="40.30972" lon="-7.26076">
        <ele>549</ele>
        <time>2026-08-16T10:16:59.000Z</time>
      </trkpt>
      <trkpt lat="40.30999" lon="-7.26016">
        <ele>550</ele>
        <time>2026-08-16T10:17:03.000Z</time>
      </trkpt>
      <trkpt lat="40.31035" lon="-7.25963">
        <ele>551</ele>
        <time>2026-08-16T10:17:07.000Z</time>
      </trkpt>
      <trkpt lat="40.31069" lon="-7.25916">
        <ele>552</ele>
        <time>2026-08-16T10:17:11.000Z</time>
      </trkpt>
      <trkpt lat="40.31104" lon="-7.25866">
        <ele>554</ele>
        <time>2026-08-16T10:17:15.000Z</time>
      </trkpt>
      <trkpt lat="40.31141" lon="-7.25815">
        <ele>556</ele>
        <time>2026-08-16T10:17:19.000Z</time>
      </trkpt>
      <trkpt lat="40.31178" lon="-7.2576">
        <ele>557</ele>
        <time>2026-08-16T10:17:23.000Z</time>
      </trkpt>
      <trkpt lat="40.31212" lon="-7.25701">
        <ele>558</ele>
        <time>2026-08-16T10:17:27.000Z</time>
      </trkpt>
      <trkpt lat="40.31247" lon="-7.25642">
        <ele>559</ele>
        <time>2026-08-16T10:17:31.000Z</time>
      </trkpt>
      <trkpt lat="40.31291" lon="-7.25594">
        <ele>557</ele>
        <time>2026-08-16T10:17:35.000Z</time>
      </trkpt>
      <trkpt lat="40.31341" lon="-7.25551">
        <ele>554</ele>
        <time>2026-08-16T10:17:39.000Z</time>
      </trkpt>
      <trkpt lat="40.31384" lon="-7.25514">
        <ele>553</ele>
        <time>2026-08-16T10:17:43.000Z</time>
      </trkpt>
      <trkpt lat="40.31422" lon="-7.25481">
        <ele>554</ele>
        <time>2026-08-16T10:17:47.000Z</time>
      </trkpt>
      <trkpt lat="40.31451" lon="-7.25444">
        <ele>556</ele>
        <time>2026-08-16T10:17:51.000Z</time>
      </trkpt>
      <trkpt lat="40.3148" lon="-7.25407">
        <ele>557</ele>
        <time>2026-08-16T10:17:55.000Z</time>
      </trkpt>
      <trkpt lat="40.31509" lon="-7.25368">
        <ele>558</ele>
        <time>2026-08-16T10:17:59.000Z</time>
      </trkpt>
      <trkpt lat="40.31539" lon="-7.25329">
        <ele>559</ele>
        <time>2026-08-16T10:18:03.000Z</time>
      </trkpt>
      <trkpt lat="40.3157" lon="-7.25289">
        <ele>560</ele>
        <time>2026-08-16T10:18:07.000Z</time>
      </trkpt>
      <trkpt lat="40.31593" lon="-7.25241">
        <ele>559</ele>
        <time>2026-08-16T10:18:11.000Z</time>
      </trkpt>
      <trkpt lat="40.31606" lon="-7.25186">
        <ele>557</ele>
        <time>2026-08-16T10:18:15.000Z</time>
      </trkpt>
      <trkpt lat="40.31627" lon="-7.25132">
        <ele>557</ele>
        <time>2026-08-16T10:18:19.000Z</time>
      </trkpt>
      <trkpt lat="40.31657" lon="-7.25076">
        <ele>557</ele>
        <time>2026-08-16T10:18:23.000Z</time>
      </trkpt>
      <trkpt lat="40.3169" lon="-7.25022">
        <ele>556</ele>
        <time>2026-08-16T10:18:27.000Z</time>
      </trkpt>
      <trkpt lat="40.31722" lon="-7.24967">
        <ele>556</ele>
        <time>2026-08-16T10:18:31.000Z</time>
      </trkpt>
      <trkpt lat="40.31757" lon="-7.24915">
        <ele>558</ele>
        <time>2026-08-16T10:18:35.000Z</time>
      </trkpt>
      <trkpt lat="40.31795" lon="-7.24865">
        <ele>559</ele>
        <time>2026-08-16T10:18:39.000Z</time>
      </trkpt>
      <trkpt lat="40.31833" lon="-7.24814">
        <ele>559</ele>
        <time>2026-08-16T10:18:43.000Z</time>
      </trkpt>
      <trkpt lat="40.31867" lon="-7.24761">
        <ele>559</ele>
        <time>2026-08-16T10:18:47.000Z</time>
      </trkpt>
      <trkpt lat="40.31898" lon="-7.24707">
        <ele>560</ele>
        <time>2026-08-16T10:18:51.000Z</time>
      </trkpt>
      <trkpt lat="40.31934" lon="-7.24658">
        <ele>560</ele>
        <time>2026-08-16T10:18:55.000Z</time>
      </trkpt>
      <trkpt lat="40.31971" lon="-7.24609">
        <ele>560</ele>
        <time>2026-08-16T10:18:59.000Z</time>
      </trkpt>
      <trkpt lat="40.32006" lon="-7.24563">
        <ele>563</ele>
        <time>2026-08-16T10:19:03.000Z</time>
      </trkpt>
      <trkpt lat="40.32021" lon="-7.24503">
        <ele>565</ele>
        <time>2026-08-16T10:19:07.000Z</time>
      </trkpt>
      <trkpt lat="40.32029" lon="-7.24436">
        <ele>568</ele>
        <time>2026-08-16T10:19:11.000Z</time>
      </trkpt>
      <trkpt lat="40.32038" lon="-7.24371">
        <ele>570</ele>
        <time>2026-08-16T10:19:15.000Z</time>
      </trkpt>
      <trkpt lat="40.32055" lon="-7.24314">
        <ele>574</ele>
        <time>2026-08-16T10:19:19.000Z</time>
      </trkpt>
      <trkpt lat="40.32095" lon="-7.24274">
        <ele>577</ele>
        <time>2026-08-16T10:19:23.000Z</time>
      </trkpt>
      <trkpt lat="40.32144" lon="-7.24231">
        <ele>580</ele>
        <time>2026-08-16T10:19:27.000Z</time>
      </trkpt>
      <trkpt lat="40.32194" lon="-7.24188">
        <ele>584</ele>
        <time>2026-08-16T10:19:31.000Z</time>
      </trkpt>
      <trkpt lat="40.3224" lon="-7.24145">
        <ele>588</ele>
        <time>2026-08-16T10:19:35.000Z</time>
      </trkpt>
      <trkpt lat="40.32276" lon="-7.24098">
        <ele>591</ele>
        <time>2026-08-16T10:19:39.000Z</time>
      </trkpt>
      <trkpt lat="40.32311" lon="-7.24046">
        <ele>590</ele>
        <time>2026-08-16T10:19:43.000Z</time>
      </trkpt>
      <trkpt lat="40.32343" lon="-7.23987">
        <ele>588</ele>
        <time>2026-08-16T10:19:47.000Z</time>
      </trkpt>
      <trkpt lat="40.32375" lon="-7.23926">
        <ele>589</ele>
        <time>2026-08-16T10:19:51.000Z</time>
      </trkpt>
      <trkpt lat="40.32402" lon="-7.23873">
        <ele>588</ele>
        <time>2026-08-16T10:19:55.000Z</time>
      </trkpt>
      <trkpt lat="40.32421" lon="-7.23824">
        <ele>587</ele>
        <time>2026-08-16T10:19:59.000Z</time>
      </trkpt>
      <trkpt lat="40.32428" lon="-7.23761">
        <ele>587</ele>
        <time>2026-08-16T10:20:03.000Z</time>
      </trkpt>
      <trkpt lat="40.32434" lon="-7.23694">
        <ele>588</ele>
        <time>2026-08-16T10:20:07.000Z</time>
      </trkpt>
      <trkpt lat="40.32439" lon="-7.23629">
        <ele>592</ele>
        <time>2026-08-16T10:20:11.000Z</time>
      </trkpt>
      <trkpt lat="40.3244" lon="-7.23561">
        <ele>596</ele>
        <time>2026-08-16T10:20:15.000Z</time>
      </trkpt>
      <trkpt lat="40.32454" lon="-7.23498">
        <ele>600</ele>
        <time>2026-08-16T10:20:19.000Z</time>
      </trkpt>
      <trkpt lat="40.32486" lon="-7.23445">
        <ele>601</ele>
        <time>2026-08-16T10:20:23.000Z</time>
      </trkpt>
      <trkpt lat="40.32519" lon="-7.23393">
        <ele>600</ele>
        <time>2026-08-16T10:20:27.000Z</time>
      </trkpt>
      <trkpt lat="40.32539" lon="-7.23335">
        <ele>602</ele>
        <time>2026-08-16T10:20:31.000Z</time>
      </trkpt>
      <trkpt lat="40.32543" lon="-7.23263">
        <ele>606</ele>
        <time>2026-08-16T10:20:35.000Z</time>
      </trkpt>
      <trkpt lat="40.32547" lon="-7.23193">
        <ele>610</ele>
        <time>2026-08-16T10:20:39.000Z</time>
      </trkpt>
      <trkpt lat="40.32551" lon="-7.23131">
        <ele>614</ele>
        <time>2026-08-16T10:20:43.000Z</time>
      </trkpt>
      <trkpt lat="40.32567" lon="-7.23086">
        <ele>617</ele>
        <time>2026-08-16T10:20:47.000Z</time>
      </trkpt>
      <trkpt lat="40.32598" lon="-7.23037">
        <ele>620</ele>
        <time>2026-08-16T10:20:51.000Z</time>
      </trkpt>
      <trkpt lat="40.32631" lon="-7.22992">
        <ele>622</ele>
        <time>2026-08-16T10:20:55.000Z</time>
      </trkpt>
      <trkpt lat="40.32678" lon="-7.22963">
        <ele>623</ele>
        <time>2026-08-16T10:20:59.000Z</time>
      </trkpt>
      <trkpt lat="40.32729" lon="-7.22935">
        <ele>623</ele>
        <time>2026-08-16T10:21:03.000Z</time>
      </trkpt>
      <trkpt lat="40.32772" lon="-7.22902">
        <ele>624</ele>
        <time>2026-08-16T10:21:07.000Z</time>
      </trkpt>
      <trkpt lat="40.32802" lon="-7.22857">
        <ele>625</ele>
        <time>2026-08-16T10:21:11.000Z</time>
      </trkpt>
      <trkpt lat="40.32845" lon="-7.22833">
        <ele>625</ele>
        <time>2026-08-16T10:21:15.000Z</time>
      </trkpt>
      <trkpt lat="40.32894" lon="-7.22825">
        <ele>625</ele>
        <time>2026-08-16T10:21:19.000Z</time>
      </trkpt>
      <trkpt lat="40.32937" lon="-7.22811">
        <ele>625</ele>
        <time>2026-08-16T10:21:23.000Z</time>
      </trkpt>
      <trkpt lat="40.32976" lon="-7.22792">
        <ele>627</ele>
        <time>2026-08-16T10:21:27.000Z</time>
      </trkpt>
      <trkpt lat="40.33018" lon="-7.22768">
        <ele>628</ele>
        <time>2026-08-16T10:21:31.000Z</time>
      </trkpt>
      <trkpt lat="40.33062" lon="-7.22739">
        <ele>631</ele>
        <time>2026-08-16T10:21:35.000Z</time>
      </trkpt>
      <trkpt lat="40.33105" lon="-7.22694">
        <ele>634</ele>
        <time>2026-08-16T10:21:39.000Z</time>
      </trkpt>
      <trkpt lat="40.33135" lon="-7.22646">
        <ele>637</ele>
        <time>2026-08-16T10:21:43.000Z</time>
      </trkpt>
      <trkpt lat="40.33125" lon="-7.22602">
        <ele>641</ele>
        <time>2026-08-16T10:21:47.000Z</time>
      </trkpt>
      <trkpt lat="40.33112" lon="-7.22555">
        <ele>647</ele>
        <time>2026-08-16T10:21:51.000Z</time>
      </trkpt>
      <trkpt lat="40.3313" lon="-7.22503">
        <ele>653</ele>
        <time>2026-08-16T10:21:55.000Z</time>
      </trkpt>
      <trkpt lat="40.33143" lon="-7.22445">
        <ele>660</ele>
        <time>2026-08-16T10:21:59.000Z</time>
      </trkpt>
      <trkpt lat="40.33162" lon="-7.22391">
        <ele>666</ele>
        <time>2026-08-16T10:22:03.000Z</time>
      </trkpt>
      <trkpt lat="40.33201" lon="-7.22349">
        <ele>672</ele>
        <time>2026-08-16T10:22:07.000Z</time>
      </trkpt>
      <trkpt lat="40.33241" lon="-7.22307">
        <ele>677</ele>
        <time>2026-08-16T10:22:11.000Z</time>
      </trkpt>
      <trkpt lat="40.33275" lon="-7.22251">
        <ele>684</ele>
        <time>2026-08-16T10:22:15.000Z</time>
      </trkpt>
      <trkpt lat="40.33303" lon="-7.2219">
        <ele>688</ele>
        <time>2026-08-16T10:22:19.000Z</time>
      </trkpt>
      <trkpt lat="40.33315" lon="-7.22118">
        <ele>694</ele>
        <time>2026-08-16T10:22:23.000Z</time>
      </trkpt>
      <trkpt lat="40.33327" lon="-7.22046">
        <ele>700</ele>
        <time>2026-08-16T10:22:27.000Z</time>
      </trkpt>
      <trkpt lat="40.33345" lon="-7.21985">
        <ele>705</ele>
        <time>2026-08-16T10:22:31.000Z</time>
      </trkpt>
      <trkpt lat="40.33379" lon="-7.21938">
        <ele>706</ele>
        <time>2026-08-16T10:22:35.000Z</time>
      </trkpt>
      <trkpt lat="40.33415" lon="-7.21889">
        <ele>707</ele>
        <time>2026-08-16T10:22:39.000Z</time>
      </trkpt>
      <trkpt lat="40.33443" lon="-7.21853">
        <ele>708</ele>
        <time>2026-08-16T10:22:43.000Z</time>
      </trkpt>
      <trkpt lat="40.3347" lon="-7.21849">
        <ele>709</ele>
        <time>2026-08-16T10:22:47.000Z</time>
      </trkpt>
      <trkpt lat="40.33487" lon="-7.21873">
        <ele>710</ele>
        <time>2026-08-16T10:22:51.000Z</time>
      </trkpt>
      <trkpt lat="40.33527" lon="-7.21882">
        <ele>710</ele>
        <time>2026-08-16T10:22:55.000Z</time>
      </trkpt>
      <trkpt lat="40.33522" lon="-7.21841">
        <ele>713</ele>
        <time>2026-08-16T10:22:59.000Z</time>
      </trkpt>
      <trkpt lat="40.33503" lon="-7.218">
        <ele>720</ele>
        <time>2026-08-16T10:23:03.000Z</time>
      </trkpt>
      <trkpt lat="40.3352" lon="-7.2176">
        <ele>727</ele>
        <time>2026-08-16T10:23:07.000Z</time>
      </trkpt>
      <trkpt lat="40.33536" lon="-7.21708">
        <ele>733</ele>
        <time>2026-08-16T10:23:11.000Z</time>
      </trkpt>
      <trkpt lat="40.33545" lon="-7.21649">
        <ele>739</ele>
        <time>2026-08-16T10:23:15.000Z</time>
      </trkpt>
      <trkpt lat="40.33539" lon="-7.216">
        <ele>745</ele>
        <time>2026-08-16T10:23:19.000Z</time>
      </trkpt>
      <trkpt lat="40.33517" lon="-7.21603">
        <ele>746</ele>
        <time>2026-08-16T10:23:23.000Z</time>
      </trkpt>
      <trkpt lat="40.33507" lon="-7.21644">
        <ele>748</ele>
        <time>2026-08-16T10:23:27.000Z</time>
      </trkpt>
      <trkpt lat="40.33493" lon="-7.21689">
        <ele>749</ele>
        <time>2026-08-16T10:23:31.000Z</time>
      </trkpt>
      <trkpt lat="40.33467" lon="-7.21682">
        <ele>752</ele>
        <time>2026-08-16T10:23:35.000Z</time>
      </trkpt>
      <trkpt lat="40.33473" lon="-7.21649">
        <ele>754</ele>
        <time>2026-08-16T10:23:39.000Z</time>
      </trkpt>
      <trkpt lat="40.3348" lon="-7.21602">
        <ele>755</ele>
        <time>2026-08-16T10:23:43.000Z</time>
      </trkpt>
      <trkpt lat="40.33457" lon="-7.21564">
        <ele>757</ele>
        <time>2026-08-16T10:23:47.000Z</time>
      </trkpt>
      <trkpt lat="40.33433" lon="-7.21541">
        <ele>759</ele>
        <time>2026-08-16T10:23:51.000Z</time>
      </trkpt>
      <trkpt lat="40.33414" lon="-7.21568">
        <ele>760</ele>
        <time>2026-08-16T10:23:56.000Z</time>
      </trkpt>
      <trkpt lat="40.33384" lon="-7.216">
        <ele>759</ele>
        <time>2026-08-16T10:24:00.000Z</time>
      </trkpt>
      <trkpt lat="40.33358" lon="-7.21576">
        <ele>759</ele>
        <time>2026-08-16T10:24:04.000Z</time>
      </trkpt>
      <trkpt lat="40.33354" lon="-7.21526">
        <ele>760</ele>
        <time>2026-08-16T10:24:08.000Z</time>
      </trkpt>
      <trkpt lat="40.33352" lon="-7.21478">
        <ele>764</ele>
        <time>2026-08-16T10:24:12.000Z</time>
      </trkpt>
      <trkpt lat="40.33333" lon="-7.21443">
        <ele>767</ele>
        <time>2026-08-16T10:24:16.000Z</time>
      </trkpt>
      <trkpt lat="40.33306" lon="-7.21426">
        <ele>771</ele>
        <time>2026-08-16T10:24:20.000Z</time>
      </trkpt>
      <trkpt lat="40.33274" lon="-7.21409">
        <ele>774</ele>
        <time>2026-08-16T10:24:24.000Z</time>
      </trkpt>
      <trkpt lat="40.3324" lon="-7.214">
        <ele>778</ele>
        <time>2026-08-16T10:24:28.000Z</time>
      </trkpt>
      <trkpt lat="40.33221" lon="-7.21361">
        <ele>781</ele>
        <time>2026-08-16T10:24:32.000Z</time>
      </trkpt>
      <trkpt lat="40.33207" lon="-7.21319">
        <ele>785</ele>
        <time>2026-08-16T10:24:36.000Z</time>
      </trkpt>
      <trkpt lat="40.33197" lon="-7.21289">
        <ele>788</ele>
        <time>2026-08-16T10:24:40.000Z</time>
      </trkpt>
      <trkpt lat="40.33197" lon="-7.21257">
        <ele>787</ele>
        <time>2026-08-16T10:24:44.000Z</time>
      </trkpt>
      <trkpt lat="40.33193" lon="-7.21224">
        <ele>786</ele>
        <time>2026-08-16T10:24:48.000Z</time>
      </trkpt>
      <trkpt lat="40.33186" lon="-7.21212">
        <ele>784</ele>
        <time>2026-08-16T10:24:52.000Z</time>
      </trkpt>
      <trkpt lat="40.33182" lon="-7.21162">
        <ele>781</ele>
        <time>2026-08-16T10:24:56.000Z</time>
      </trkpt>
      <trkpt lat="40.33163" lon="-7.21146">
        <ele>779</ele>
        <time>2026-08-16T10:25:00.000Z</time>
      </trkpt>
      <trkpt lat="40.33142" lon="-7.21131">
        <ele>778</ele>
        <time>2026-08-16T10:25:04.000Z</time>
      </trkpt>
      <trkpt lat="40.33125" lon="-7.2111">
        <ele>775</ele>
        <time>2026-08-16T10:25:08.000Z</time>
      </trkpt>
      <trkpt lat="40.33111" lon="-7.21091">
        <ele>774</ele>
        <time>2026-08-16T10:25:12.000Z</time>
      </trkpt>
      <trkpt lat="40.33104" lon="-7.21081">
        <ele>773</ele>
        <time>2026-08-16T10:25:16.000Z</time>
      </trkpt>
      <trkpt lat="40.33093" lon="-7.21085">
        <ele>772</ele>
        <time>2026-08-16T10:25:20.000Z</time>
      </trkpt>
      <trkpt lat="40.33078" lon="-7.21094">
        <ele>771</ele>
        <time>2026-08-16T10:25:24.000Z</time>
      </trkpt>
      <trkpt lat="40.33068" lon="-7.2108">
        <ele>772</ele>
        <time>2026-08-16T10:25:28.000Z</time>
      </trkpt>
      <trkpt lat="40.33061" lon="-7.21064">
        <ele>774</ele>
        <time>2026-08-16T10:25:32.000Z</time>
      </trkpt>
      <trkpt lat="40.33052" lon="-7.21054">
        <ele>776</ele>
        <time>2026-08-16T10:25:36.000Z</time>
      </trkpt>
      <trkpt lat="40.33042" lon="-7.21059">
        <ele>783</ele>
        <time>2026-08-16T10:25:46.000Z</time>
      </trkpt>
      <trkpt lat="40.33036" lon="-7.21076">
        <ele>783</ele>
        <time>2026-08-16T10:25:50.000Z</time>
      </trkpt>
      <trkpt lat="40.33032" lon="-7.211">
        <ele>783</ele>
        <time>2026-08-16T10:25:54.000Z</time>
      </trkpt>
      <trkpt lat="40.33025" lon="-7.21127">
        <ele>783</ele>
        <time>2026-08-16T10:25:58.000Z</time>
      </trkpt>
      <trkpt lat="40.33018" lon="-7.21148">
        <ele>783</ele>
        <time>2026-08-16T10:26:02.000Z</time>
      </trkpt>
      <trkpt lat="40.33013" lon="-7.21165">
        <ele>783</ele>
        <time>2026-08-16T10:26:06.000Z</time>
      </trkpt>
      <trkpt lat="40.33006" lon="-7.21183">
        <ele>783</ele>
        <time>2026-08-16T10:26:10.000Z</time>
      </trkpt>
      <trkpt lat="40.32999" lon="-7.21203">
        <ele>783</ele>
        <time>2026-08-16T10:26:14.000Z</time>
      </trkpt>
      <trkpt lat="40.32991" lon="-7.21225">
        <ele>783</ele>
        <time>2026-08-16T10:26:18.000Z</time>
      </trkpt>
      <trkpt lat="40.32983" lon="-7.21247">
        <ele>783</ele>
        <time>2026-08-16T10:26:22.000Z</time>
      </trkpt>
      <trkpt lat="40.32976" lon="-7.21266">
        <ele>783</ele>
        <time>2026-08-16T10:26:26.000Z</time>
      </trkpt>
      <trkpt lat="40.32968" lon="-7.21286">
        <ele>823</ele>
        <time>2026-08-16T10:26:30.000Z</time>
      </trkpt>
      <trkpt lat="40.32966" lon="-7.21312">
        <ele>823</ele>
        <time>2026-08-16T10:26:34.000Z</time>
      </trkpt>
      <trkpt lat="40.32965" lon="-7.21339">
        <ele>823</ele>
        <time>2026-08-16T10:26:38.000Z</time>
      </trkpt>
      <trkpt lat="40.32961" lon="-7.2136">
        <ele>823</ele>
        <time>2026-08-16T10:26:42.000Z</time>
      </trkpt>
      <trkpt lat="40.32955" lon="-7.21377">
        <ele>823</ele>
        <time>2026-08-16T10:26:46.000Z</time>
      </trkpt>
      <trkpt lat="40.32953" lon="-7.214">
        <ele>823</ele>
        <time>2026-08-16T10:26:50.000Z</time>
      </trkpt>
      <trkpt lat="40.32949" lon="-7.21423">
        <ele>823</ele>
        <time>2026-08-16T10:26:54.000Z</time>
      </trkpt>
      <trkpt lat="40.32941" lon="-7.21442">
        <ele>823</ele>
        <time>2026-08-16T10:26:58.000Z</time>
      </trkpt>
      <trkpt lat="40.32937" lon="-7.21453">
        <ele>823</ele>
        <time>2026-08-16T10:27:02.000Z</time>
      </trkpt>
      <trkpt lat="40.32932" lon="-7.21461">
        <ele>823</ele>
        <time>2026-08-16T10:27:07.000Z</time>
      </trkpt>
      <trkpt lat="40.32928" lon="-7.21472">
        <ele>823</ele>
        <time>2026-08-16T10:27:11.000Z</time>
      </trkpt>
      <trkpt lat="40.33243" lon="-7.21398">
        <ele>801</ele>
        <time>2026-08-16T11:13:58.000Z</time>
      </trkpt>
      <trkpt lat="40.33274" lon="-7.21409">
        <ele>780</ele>
        <time>2026-08-16T11:14:02.000Z</time>
      </trkpt>
      <trkpt lat="40.33303" lon="-7.21425">
        <ele>777</ele>
        <time>2026-08-16T11:14:06.000Z</time>
      </trkpt>
      <trkpt lat="40.33331" lon="-7.21442">
        <ele>775</ele>
        <time>2026-08-16T11:14:10.000Z</time>
      </trkpt>
      <trkpt lat="40.33351" lon="-7.21469">
        <ele>773</ele>
        <time>2026-08-16T11:14:14.000Z</time>
      </trkpt>
      <trkpt lat="40.33354" lon="-7.21514">
        <ele>769</ele>
        <time>2026-08-16T11:14:18.000Z</time>
      </trkpt>
      <trkpt lat="40.33355" lon="-7.21561">
        <ele>765</ele>
        <time>2026-08-16T11:14:22.000Z</time>
      </trkpt>
      <trkpt lat="40.33376" lon="-7.21598">
        <ele>761</ele>
        <time>2026-08-16T11:14:26.000Z</time>
      </trkpt>
      <trkpt lat="40.33403" lon="-7.2159">
        <ele>759</ele>
        <time>2026-08-16T11:14:30.000Z</time>
      </trkpt>
      <trkpt lat="40.3342" lon="-7.21555">
        <ele>759</ele>
        <time>2026-08-16T11:14:34.000Z</time>
      </trkpt>
      <trkpt lat="40.33438" lon="-7.21541">
        <ele>759</ele>
        <time>2026-08-16T11:14:38.000Z</time>
      </trkpt>
      <trkpt lat="40.33456" lon="-7.21563">
        <ele>758</ele>
        <time>2026-08-16T11:14:42.000Z</time>
      </trkpt>
      <trkpt lat="40.33476" lon="-7.21596">
        <ele>757</ele>
        <time>2026-08-16T11:14:46.000Z</time>
      </trkpt>
      <trkpt lat="40.3348" lon="-7.21632">
        <ele>756</ele>
        <time>2026-08-16T11:14:50.000Z</time>
      </trkpt>
      <trkpt lat="40.33466" lon="-7.21666">
        <ele>754</ele>
        <time>2026-08-16T11:14:55.000Z</time>
      </trkpt>
      <trkpt lat="40.33474" lon="-7.21688">
        <ele>753</ele>
        <time>2026-08-16T11:14:59.000Z</time>
      </trkpt>
      <trkpt lat="40.33499" lon="-7.21677">
        <ele>752</ele>
        <time>2026-08-16T11:15:03.000Z</time>
      </trkpt>
      <trkpt lat="40.33507" lon="-7.21641">
        <ele>751</ele>
        <time>2026-08-16T11:15:07.000Z</time>
      </trkpt>
      <trkpt lat="40.33515" lon="-7.21608">
        <ele>750</ele>
        <time>2026-08-16T11:15:11.000Z</time>
      </trkpt>
      <trkpt lat="40.3353" lon="-7.21595">
        <ele>749</ele>
        <time>2026-08-16T11:15:15.000Z</time>
      </trkpt>
      <trkpt lat="40.33545" lon="-7.21609">
        <ele>746</ele>
        <time>2026-08-16T11:15:19.000Z</time>
      </trkpt>
      <trkpt lat="40.33545" lon="-7.21648">
        <ele>743</ele>
        <time>2026-08-16T11:15:23.000Z</time>
      </trkpt>
      <trkpt lat="40.33541" lon="-7.21692">
        <ele>739</ele>
        <time>2026-08-16T11:15:27.000Z</time>
      </trkpt>
      <trkpt lat="40.33529" lon="-7.21738">
        <ele>733</ele>
        <time>2026-08-16T11:15:31.000Z</time>
      </trkpt>
      <trkpt lat="40.33512" lon="-7.21775">
        <ele>728</ele>
        <time>2026-08-16T11:15:35.000Z</time>
      </trkpt>
      <trkpt lat="40.33506" lon="-7.21809">
        <ele>725</ele>
        <time>2026-08-16T11:15:39.000Z</time>
      </trkpt>
      <trkpt lat="40.33522" lon="-7.21842">
        <ele>721</ele>
        <time>2026-08-16T11:15:43.000Z</time>
      </trkpt>
      <trkpt lat="40.3353" lon="-7.21874">
        <ele>720</ele>
        <time>2026-08-16T11:15:47.000Z</time>
      </trkpt>
      <trkpt lat="40.33507" lon="-7.21894">
        <ele>716</ele>
        <time>2026-08-16T11:15:51.000Z</time>
      </trkpt>
      <trkpt lat="40.33484" lon="-7.21868">
        <ele>715</ele>
        <time>2026-08-16T11:15:55.000Z</time>
      </trkpt>
      <trkpt lat="40.33461" lon="-7.21845">
        <ele>712</ele>
        <time>2026-08-16T11:15:59.000Z</time>
      </trkpt>
      <trkpt lat="40.33434" lon="-7.21865">
        <ele>710</ele>
        <time>2026-08-16T11:16:03.000Z</time>
      </trkpt>
      <trkpt lat="40.33408" lon="-7.21899">
        <ele>708</ele>
        <time>2026-08-16T11:16:07.000Z</time>
      </trkpt>
      <trkpt lat="40.33379" lon="-7.21937">
        <ele>707</ele>
        <time>2026-08-16T11:16:11.000Z</time>
      </trkpt>
      <trkpt lat="40.33352" lon="-7.21974">
        <ele>704</ele>
        <time>2026-08-16T11:16:15.000Z</time>
      </trkpt>
      <trkpt lat="40.33331" lon="-7.22018">
        <ele>703</ele>
        <time>2026-08-16T11:16:19.000Z</time>
      </trkpt>
      <trkpt lat="40.33323" lon="-7.22071">
        <ele>700</ele>
        <time>2026-08-16T11:16:23.000Z</time>
      </trkpt>
      <trkpt lat="40.33314" lon="-7.22123">
        <ele>697</ele>
        <time>2026-08-16T11:16:27.000Z</time>
      </trkpt>
      <trkpt lat="40.33305" lon="-7.22178">
        <ele>695</ele>
        <time>2026-08-16T11:16:31.000Z</time>
      </trkpt>
      <trkpt lat="40.33287" lon="-7.22228">
        <ele>691</ele>
        <time>2026-08-16T11:16:35.000Z</time>
      </trkpt>
      <trkpt lat="40.33263" lon="-7.22273">
        <ele>688</ele>
        <time>2026-08-16T11:16:39.000Z</time>
      </trkpt>
      <trkpt lat="40.33236" lon="-7.22313">
        <ele>685</ele>
        <time>2026-08-16T11:16:43.000Z</time>
      </trkpt>
      <trkpt lat="40.33201" lon="-7.22349">
        <ele>681</ele>
        <time>2026-08-16T11:16:47.000Z</time>
      </trkpt>
      <trkpt lat="40.33165" lon="-7.22387">
        <ele>675</ele>
        <time>2026-08-16T11:16:51.000Z</time>
      </trkpt>
      <trkpt lat="40.33145" lon="-7.22437">
        <ele>668</ele>
        <time>2026-08-16T11:16:56.000Z</time>
      </trkpt>
      <trkpt lat="40.33128" lon="-7.22509">
        <ele>660</ele>
        <time>2026-08-16T11:17:00.000Z</time>
      </trkpt>
      <trkpt lat="40.33112" lon="-7.22557">
        <ele>655</ele>
        <time>2026-08-16T11:17:04.000Z</time>
      </trkpt>
      <trkpt lat="40.33122" lon="-7.22598">
        <ele>650</ele>
        <time>2026-08-16T11:17:08.000Z</time>
      </trkpt>
      <trkpt lat="40.33137" lon="-7.22634">
        <ele>645</ele>
        <time>2026-08-16T11:17:12.000Z</time>
      </trkpt>
      <trkpt lat="40.33124" lon="-7.22671">
        <ele>640</ele>
        <time>2026-08-16T11:17:16.000Z</time>
      </trkpt>
      <trkpt lat="40.33094" lon="-7.22706">
        <ele>635</ele>
        <time>2026-08-16T11:17:20.000Z</time>
      </trkpt>
      <trkpt lat="40.33062" lon="-7.22739">
        <ele>631</ele>
        <time>2026-08-16T11:17:24.000Z</time>
      </trkpt>
      <trkpt lat="40.33026" lon="-7.22763">
        <ele>626</ele>
        <time>2026-08-16T11:17:28.000Z</time>
      </trkpt>
      <trkpt lat="40.32985" lon="-7.22788">
        <ele>623</ele>
        <time>2026-08-16T11:17:32.000Z</time>
      </trkpt>
      <trkpt lat="40.3294" lon="-7.22809">
        <ele>624</ele>
        <time>2026-08-16T11:17:36.000Z</time>
      </trkpt>
      <trkpt lat="40.32893" lon="-7.22825">
        <ele>624</ele>
        <time>2026-08-16T11:17:40.000Z</time>
      </trkpt>
      <trkpt lat="40.32847" lon="-7.22833">
        <ele>626</ele>
        <time>2026-08-16T11:17:44.000Z</time>
      </trkpt>
      <trkpt lat="40.32807" lon="-7.22852">
        <ele>626</ele>
        <time>2026-08-16T11:17:48.000Z</time>
      </trkpt>
      <trkpt lat="40.32777" lon="-7.22894">
        <ele>626</ele>
        <time>2026-08-16T11:17:52.000Z</time>
      </trkpt>
      <trkpt lat="40.32738" lon="-7.2293">
        <ele>625</ele>
        <time>2026-08-16T11:17:56.000Z</time>
      </trkpt>
      <trkpt lat="40.32693" lon="-7.22955">
        <ele>625</ele>
        <time>2026-08-16T11:18:00.000Z</time>
      </trkpt>
      <trkpt lat="40.3265" lon="-7.22978">
        <ele>624</ele>
        <time>2026-08-16T11:18:04.000Z</time>
      </trkpt>
      <trkpt lat="40.32614" lon="-7.23014">
        <ele>622</ele>
        <time>2026-08-16T11:18:08.000Z</time>
      </trkpt>
      <trkpt lat="40.32584" lon="-7.23059">
        <ele>620</ele>
        <time>2026-08-16T11:18:12.000Z</time>
      </trkpt>
      <trkpt lat="40.32556" lon="-7.23105">
        <ele>618</ele>
        <time>2026-08-16T11:18:16.000Z</time>
      </trkpt>
      <trkpt lat="40.32549" lon="-7.23161">
        <ele>616</ele>
        <time>2026-08-16T11:18:20.000Z</time>
      </trkpt>
      <trkpt lat="40.32545" lon="-7.23222">
        <ele>614</ele>
        <time>2026-08-16T11:18:24.000Z</time>
      </trkpt>
      <trkpt lat="40.32542" lon="-7.23284">
        <ele>611</ele>
        <time>2026-08-16T11:18:28.000Z</time>
      </trkpt>
      <trkpt lat="40.32538" lon="-7.23347">
        <ele>606</ele>
        <time>2026-08-16T11:18:32.000Z</time>
      </trkpt>
      <trkpt lat="40.32513" lon="-7.23402">
        <ele>600</ele>
        <time>2026-08-16T11:18:36.000Z</time>
      </trkpt>
      <trkpt lat="40.32481" lon="-7.23452">
        <ele>597</ele>
        <time>2026-08-16T11:18:40.000Z</time>
      </trkpt>
      <trkpt lat="40.32452" lon="-7.23503">
        <ele>596</ele>
        <time>2026-08-16T11:18:44.000Z</time>
      </trkpt>
      <trkpt lat="40.3244" lon="-7.23564">
        <ele>595</ele>
        <time>2026-08-16T11:18:48.000Z</time>
      </trkpt>
      <trkpt lat="40.32439" lon="-7.23629">
        <ele>593</ele>
        <time>2026-08-16T11:18:52.000Z</time>
      </trkpt>
      <trkpt lat="40.32434" lon="-7.23691">
        <ele>590</ele>
        <time>2026-08-16T11:18:56.000Z</time>
      </trkpt>
      <trkpt lat="40.32428" lon="-7.23756">
        <ele>588</ele>
        <time>2026-08-16T11:19:00.000Z</time>
      </trkpt>
      <trkpt lat="40.32422" lon="-7.23813">
        <ele>588</ele>
        <time>2026-08-16T11:19:04.000Z</time>
      </trkpt>
      <trkpt lat="40.32407" lon="-7.23864">
        <ele>587</ele>
        <time>2026-08-16T11:19:08.000Z</time>
      </trkpt>
      <trkpt lat="40.3238" lon="-7.23917">
        <ele>587</ele>
        <time>2026-08-16T11:19:12.000Z</time>
      </trkpt>
      <trkpt lat="40.32351" lon="-7.23971">
        <ele>588</ele>
        <time>2026-08-16T11:19:16.000Z</time>
      </trkpt>
      <trkpt lat="40.32324" lon="-7.24023">
        <ele>590</ele>
        <time>2026-08-16T11:19:20.000Z</time>
      </trkpt>
      <trkpt lat="40.32293" lon="-7.24073">
        <ele>590</ele>
        <time>2026-08-16T11:19:24.000Z</time>
      </trkpt>
      <trkpt lat="40.3226" lon="-7.24121">
        <ele>590</ele>
        <time>2026-08-16T11:19:28.000Z</time>
      </trkpt>
      <trkpt lat="40.3222" lon="-7.24165">
        <ele>587</ele>
        <time>2026-08-16T11:19:32.000Z</time>
      </trkpt>
      <trkpt lat="40.32176" lon="-7.24204">
        <ele>584</ele>
        <time>2026-08-16T11:19:36.000Z</time>
      </trkpt>
      <trkpt lat="40.32131" lon="-7.24242">
        <ele>580</ele>
        <time>2026-08-16T11:19:40.000Z</time>
      </trkpt>
      <trkpt lat="40.32088" lon="-7.2428">
        <ele>575</ele>
        <time>2026-08-16T11:19:44.000Z</time>
      </trkpt>
      <trkpt lat="40.32051" lon="-7.24322">
        <ele>572</ele>
        <time>2026-08-16T11:19:48.000Z</time>
      </trkpt>
      <trkpt lat="40.32036" lon="-7.24384">
        <ele>569</ele>
        <time>2026-08-16T11:19:52.000Z</time>
      </trkpt>
      <trkpt lat="40.32027" lon="-7.24451">
        <ele>565</ele>
        <time>2026-08-16T11:19:56.000Z</time>
      </trkpt>
      <trkpt lat="40.32019" lon="-7.24514">
        <ele>562</ele>
        <time>2026-08-16T11:20:00.000Z</time>
      </trkpt>
      <trkpt lat="40.32" lon="-7.2457">
        <ele>560</ele>
        <time>2026-08-16T11:20:04.000Z</time>
      </trkpt>
      <trkpt lat="40.31963" lon="-7.2462">
        <ele>558</ele>
        <time>2026-08-16T11:20:08.000Z</time>
      </trkpt>
      <trkpt lat="40.31928" lon="-7.24667">
        <ele>558</ele>
        <time>2026-08-16T11:20:12.000Z</time>
      </trkpt>
      <trkpt lat="40.31894" lon="-7.24712">
        <ele>557</ele>
        <time>2026-08-16T11:20:16.000Z</time>
      </trkpt>
      <trkpt lat="40.31865" lon="-7.24764">
        <ele>557</ele>
        <time>2026-08-16T11:20:20.000Z</time>
      </trkpt>
      <trkpt lat="40.31834" lon="-7.24813">
        <ele>557</ele>
        <time>2026-08-16T11:20:24.000Z</time>
      </trkpt>
      <trkpt lat="40.31799" lon="-7.24859">
        <ele>557</ele>
        <time>2026-08-16T11:20:28.000Z</time>
      </trkpt>
      <trkpt lat="40.31763" lon="-7.24907">
        <ele>556</ele>
        <time>2026-08-16T11:20:32.000Z</time>
      </trkpt>
      <trkpt lat="40.31729" lon="-7.24957">
        <ele>555</ele>
        <time>2026-08-16T11:20:36.000Z</time>
      </trkpt>
      <trkpt lat="40.31697" lon="-7.2501">
        <ele>555</ele>
        <time>2026-08-16T11:20:40.000Z</time>
      </trkpt>
      <trkpt lat="40.31666" lon="-7.25062">
        <ele>554</ele>
        <time>2026-08-16T11:20:44.000Z</time>
      </trkpt>
      <trkpt lat="40.31637" lon="-7.25111">
        <ele>555</ele>
        <time>2026-08-16T11:20:48.000Z</time>
      </trkpt>
      <trkpt lat="40.31614" lon="-7.25163">
        <ele>557</ele>
        <time>2026-08-16T11:20:52.000Z</time>
      </trkpt>
      <trkpt lat="40.31598" lon="-7.25221">
        <ele>559</ele>
        <time>2026-08-16T11:20:56.000Z</time>
      </trkpt>
      <trkpt lat="40.31578" lon="-7.25278">
        <ele>560</ele>
        <time>2026-08-16T11:21:00.000Z</time>
      </trkpt>
      <trkpt lat="40.31542" lon="-7.25325">
        <ele>560</ele>
        <time>2026-08-16T11:21:04.000Z</time>
      </trkpt>
      <trkpt lat="40.31508" lon="-7.2537">
        <ele>559</ele>
        <time>2026-08-16T11:21:08.000Z</time>
      </trkpt>
      <trkpt lat="40.31478" lon="-7.25409">
        <ele>559</ele>
        <time>2026-08-16T11:21:12.000Z</time>
      </trkpt>
      <trkpt lat="40.31445" lon="-7.25452">
        <ele>557</ele>
        <time>2026-08-16T11:21:16.000Z</time>
      </trkpt>
      <trkpt lat="40.314" lon="-7.25499">
        <ele>554</ele>
        <time>2026-08-16T11:21:20.000Z</time>
      </trkpt>
      <trkpt lat="40.31345" lon="-7.25547">
        <ele>554</ele>
        <time>2026-08-16T11:21:24.000Z</time>
      </trkpt>
      <trkpt lat="40.31292" lon="-7.25593">
        <ele>557</ele>
        <time>2026-08-16T11:21:28.000Z</time>
      </trkpt>
      <trkpt lat="40.31244" lon="-7.25647">
        <ele>559</ele>
        <time>2026-08-16T11:21:32.000Z</time>
      </trkpt>
      <trkpt lat="40.31205" lon="-7.25713">
        <ele>558</ele>
        <time>2026-08-16T11:21:36.000Z</time>
      </trkpt>
      <trkpt lat="40.31165" lon="-7.25781">
        <ele>558</ele>
        <time>2026-08-16T11:21:40.000Z</time>
      </trkpt>
      <trkpt lat="40.31121" lon="-7.25844">
        <ele>555</ele>
        <time>2026-08-16T11:21:44.000Z</time>
      </trkpt>
      <trkpt lat="40.31075" lon="-7.25908">
        <ele>553</ele>
        <time>2026-08-16T11:21:48.000Z</time>
      </trkpt>
      <trkpt lat="40.31029" lon="-7.2597">
        <ele>550</ele>
        <time>2026-08-16T11:21:52.000Z</time>
      </trkpt>
      <trkpt lat="40.3099" lon="-7.26036">
        <ele>547</ele>
        <time>2026-08-16T11:21:56.000Z</time>
      </trkpt>
      <trkpt lat="40.30956" lon="-7.26111">
        <ele>546</ele>
        <time>2026-08-16T11:22:00.000Z</time>
      </trkpt>
      <trkpt lat="40.30921" lon="-7.26186">
        <ele>546</ele>
        <time>2026-08-16T11:22:04.000Z</time>
      </trkpt>
      <trkpt lat="40.30889" lon="-7.26257">
        <ele>547</ele>
        <time>2026-08-16T11:22:08.000Z</time>
      </trkpt>
      <trkpt lat="40.30861" lon="-7.26319">
        <ele>547</ele>
        <time>2026-08-16T11:22:12.000Z</time>
      </trkpt>
      <trkpt lat="40.30838" lon="-7.2637">
        <ele>547</ele>
        <time>2026-08-16T11:22:16.000Z</time>
      </trkpt>
      <trkpt lat="40.30822" lon="-7.2639">
        <ele>547</ele>
        <time>2026-08-16T11:22:20.000Z</time>
      </trkpt>
      <trkpt lat="40.30813" lon="-7.26383">
        <ele>547</ele>
        <time>2026-08-16T11:22:24.000Z</time>
      </trkpt>
      <trkpt lat="40.30806" lon="-7.2635">
        <ele>548</ele>
        <time>2026-08-16T11:22:28.000Z</time>
      </trkpt>
      <trkpt lat="40.30796" lon="-7.26306">
        <ele>547</ele>
        <time>2026-08-16T11:22:32.000Z</time>
      </trkpt>
      <trkpt lat="40.30766" lon="-7.26265">
        <ele>547</ele>
        <time>2026-08-16T11:22:36.000Z</time>
      </trkpt>
      <trkpt lat="40.30729" lon="-7.26234">
        <ele>549</ele>
        <time>2026-08-16T11:22:40.000Z</time>
      </trkpt>
      <trkpt lat="40.3069" lon="-7.262">
        <ele>549</ele>
        <time>2026-08-16T11:22:44.000Z</time>
      </trkpt>
      <trkpt lat="40.30678" lon="-7.26138">
        <ele>549</ele>
        <time>2026-08-16T11:22:48.000Z</time>
      </trkpt>
      <trkpt lat="40.30678" lon="-7.26062">
        <ele>550</ele>
        <time>2026-08-16T11:22:53.000Z</time>
      </trkpt>
      <trkpt lat="40.30678" lon="-7.2597">
        <ele>553</ele>
        <time>2026-08-16T11:22:57.000Z</time>
      </trkpt>
      <trkpt lat="40.30678" lon="-7.2589">
        <ele>556</ele>
        <time>2026-08-16T11:23:01.000Z</time>
      </trkpt>
      <trkpt lat="40.30678" lon="-7.25796">
        <ele>559</ele>
        <time>2026-08-16T11:23:05.000Z</time>
      </trkpt>
      <trkpt lat="40.30678" lon="-7.25704">
        <ele>563</ele>
        <time>2026-08-16T11:23:09.000Z</time>
      </trkpt>
      <trkpt lat="40.30678" lon="-7.25615">
        <ele>567</ele>
        <time>2026-08-16T11:23:13.000Z</time>
      </trkpt>
      <trkpt lat="40.3069" lon="-7.25523">
        <ele>570</ele>
        <time>2026-08-16T11:23:17.000Z</time>
      </trkpt>
      <trkpt lat="40.30705" lon="-7.25425">
        <ele>573</ele>
        <time>2026-08-16T11:23:21.000Z</time>
      </trkpt>
      <trkpt lat="40.30719" lon="-7.2533">
        <ele>576</ele>
        <time>2026-08-16T11:23:25.000Z</time>
      </trkpt>
      <trkpt lat="40.30732" lon="-7.25244">
        <ele>581</ele>
        <time>2026-08-16T11:23:29.000Z</time>
      </trkpt>
      <trkpt lat="40.3074" lon="-7.25164">
        <ele>585</ele>
        <time>2026-08-16T11:23:33.000Z</time>
      </trkpt>
      <trkpt lat="40.30732" lon="-7.25074">
        <ele>589</ele>
        <time>2026-08-16T11:23:37.000Z</time>
      </trkpt>
      <trkpt lat="40.30723" lon="-7.24985">
        <ele>592</ele>
        <time>2026-08-16T11:23:41.000Z</time>
      </trkpt>
      <trkpt lat="40.30728" lon="-7.24898">
        <ele>595</ele>
        <time>2026-08-16T11:23:45.000Z</time>
      </trkpt>
      <trkpt lat="40.30717" lon="-7.24807">
        <ele>599</ele>
        <time>2026-08-16T11:23:49.000Z</time>
      </trkpt>
      <trkpt lat="40.30706" lon="-7.24717">
        <ele>603</ele>
        <time>2026-08-16T11:23:53.000Z</time>
      </trkpt>
      <trkpt lat="40.30694" lon="-7.24637">
        <ele>606</ele>
        <time>2026-08-16T11:23:57.000Z</time>
      </trkpt>
      <trkpt lat="40.30671" lon="-7.24563">
        <ele>606</ele>
        <time>2026-08-16T11:24:01.000Z</time>
      </trkpt>
      <trkpt lat="40.30646" lon="-7.24489">
        <ele>604</ele>
        <time>2026-08-16T11:24:05.000Z</time>
      </trkpt>
      <trkpt lat="40.30633" lon="-7.24408">
        <ele>603</ele>
        <time>2026-08-16T11:24:09.000Z</time>
      </trkpt>
      <trkpt lat="40.30638" lon="-7.2432">
        <ele>601</ele>
        <time>2026-08-16T11:24:13.000Z</time>
      </trkpt>
      <trkpt lat="40.30646" lon="-7.24238">
        <ele>600</ele>
        <time>2026-08-16T11:24:17.000Z</time>
      </trkpt>
      <trkpt lat="40.30653" lon="-7.24169">
        <ele>598</ele>
        <time>2026-08-16T11:24:21.000Z</time>
      </trkpt>
      <trkpt lat="40.3068" lon="-7.24128">
        <ele>596</ele>
        <time>2026-08-16T11:24:25.000Z</time>
      </trkpt>
      <trkpt lat="40.30707" lon="-7.24095">
        <ele>593</ele>
        <time>2026-08-16T11:24:29.000Z</time>
      </trkpt>
      <trkpt lat="40.30698" lon="-7.24043">
        <ele>592</ele>
        <time>2026-08-16T11:24:33.000Z</time>
      </trkpt>
      <trkpt lat="40.30655" lon="-7.24009">
        <ele>592</ele>
        <time>2026-08-16T11:24:37.000Z</time>
      </trkpt>
      <trkpt lat="40.30603" lon="-7.23983">
        <ele>593</ele>
        <time>2026-08-16T11:24:41.000Z</time>
      </trkpt>
      <trkpt lat="40.30548" lon="-7.23956">
        <ele>596</ele>
        <time>2026-08-16T11:24:45.000Z</time>
      </trkpt>
      <trkpt lat="40.30495" lon="-7.23929">
        <ele>600</ele>
        <time>2026-08-16T11:24:49.000Z</time>
      </trkpt>
      <trkpt lat="40.30449" lon="-7.23912">
        <ele>603</ele>
        <time>2026-08-16T11:24:53.000Z</time>
      </trkpt>
      <trkpt lat="40.30414" lon="-7.23911">
        <ele>604</ele>
        <time>2026-08-16T11:24:57.000Z</time>
      </trkpt>
      <trkpt lat="40.30384" lon="-7.23909">
        <ele>605</ele>
        <time>2026-08-16T11:25:01.000Z</time>
      </trkpt>
      <trkpt lat="40.30366" lon="-7.23881">
        <ele>607</ele>
        <time>2026-08-16T11:25:05.000Z</time>
      </trkpt>
      <trkpt lat="40.30362" lon="-7.23836">
        <ele>607</ele>
        <time>2026-08-16T11:25:09.000Z</time>
      </trkpt>
      <trkpt lat="40.30362" lon="-7.23787">
        <ele>606</ele>
        <time>2026-08-16T11:25:13.000Z</time>
      </trkpt>
      <trkpt lat="40.30363" lon="-7.23731">
        <ele>605</ele>
        <time>2026-08-16T11:25:17.000Z</time>
      </trkpt>
      <trkpt lat="40.3036" lon="-7.23672">
        <ele>604</ele>
        <time>2026-08-16T11:25:21.000Z</time>
      </trkpt>
      <trkpt lat="40.30351" lon="-7.236">
        <ele>602</ele>
        <time>2026-08-16T11:25:25.000Z</time>
      </trkpt>
      <trkpt lat="40.30341" lon="-7.23523">
        <ele>601</ele>
        <time>2026-08-16T11:25:29.000Z</time>
      </trkpt>
      <trkpt lat="40.30331" lon="-7.23443">
        <ele>600</ele>
        <time>2026-08-16T11:25:33.000Z</time>
      </trkpt>
      <trkpt lat="40.30314" lon="-7.23362">
        <ele>598</ele>
        <time>2026-08-16T11:25:37.000Z</time>
      </trkpt>
      <trkpt lat="40.30293" lon="-7.23287">
        <ele>597</ele>
        <time>2026-08-16T11:25:41.000Z</time>
      </trkpt>
      <trkpt lat="40.30275" lon="-7.23222">
        <ele>596</ele>
        <time>2026-08-16T11:25:45.000Z</time>
      </trkpt>
      <trkpt lat="40.3026" lon="-7.23158">
        <ele>595</ele>
        <time>2026-08-16T11:25:49.000Z</time>
      </trkpt>
      <trkpt lat="40.30246" lon="-7.23094">
        <ele>593</ele>
        <time>2026-08-16T11:25:53.000Z</time>
      </trkpt>
      <trkpt lat="40.30231" lon="-7.23031">
        <ele>592</ele>
        <time>2026-08-16T11:25:57.000Z</time>
      </trkpt>
      <trkpt lat="40.30212" lon="-7.22982">
        <ele>593</ele>
        <time>2026-08-16T11:26:01.000Z</time>
      </trkpt>
      <trkpt lat="40.30179" lon="-7.22938">
        <ele>593</ele>
        <time>2026-08-16T11:26:05.000Z</time>
      </trkpt>
      <trkpt lat="40.30144" lon="-7.22892">
        <ele>595</ele>
        <time>2026-08-16T11:26:09.000Z</time>
      </trkpt>
      <trkpt lat="40.3011" lon="-7.22848">
        <ele>593</ele>
        <time>2026-08-16T11:26:13.000Z</time>
      </trkpt>
      <trkpt lat="40.30077" lon="-7.22792">
        <ele>593</ele>
        <time>2026-08-16T11:26:17.000Z</time>
      </trkpt>
      <trkpt lat="40.30043" lon="-7.22732">
        <ele>591</ele>
        <time>2026-08-16T11:26:21.000Z</time>
      </trkpt>
      <trkpt lat="40.30012" lon="-7.2268">
        <ele>590</ele>
        <time>2026-08-16T11:26:25.000Z</time>
      </trkpt>
      <trkpt lat="40.29982" lon="-7.22627">
        <ele>587</ele>
        <time>2026-08-16T11:26:29.000Z</time>
      </trkpt>
      <trkpt lat="40.2996" lon="-7.22574">
        <ele>585</ele>
        <time>2026-08-16T11:26:33.000Z</time>
      </trkpt>
      <trkpt lat="40.29967" lon="-7.22507">
        <ele>582</ele>
        <time>2026-08-16T11:26:37.000Z</time>
      </trkpt>
      <trkpt lat="40.2998" lon="-7.22429">
        <ele>579</ele>
        <time>2026-08-16T11:26:41.000Z</time>
      </trkpt>
      <trkpt lat="40.29987" lon="-7.22347">
        <ele>580</ele>
        <time>2026-08-16T11:26:45.000Z</time>
      </trkpt>
      <trkpt lat="40.29984" lon="-7.22276">
        <ele>579</ele>
        <time>2026-08-16T11:26:49.000Z</time>
      </trkpt>
      <trkpt lat="40.29962" lon="-7.22205">
        <ele>580</ele>
        <time>2026-08-16T11:26:53.000Z</time>
      </trkpt>
      <trkpt lat="40.29936" lon="-7.22133">
        <ele>582</ele>
        <time>2026-08-16T11:26:57.000Z</time>
      </trkpt>
      <trkpt lat="40.2991" lon="-7.22062">
        <ele>583</ele>
        <time>2026-08-16T11:27:01.000Z</time>
      </trkpt>
      <trkpt lat="40.29895" lon="-7.21982">
        <ele>584</ele>
        <time>2026-08-16T11:27:05.000Z</time>
      </trkpt>
      <trkpt lat="40.29883" lon="-7.21904">
        <ele>584</ele>
        <time>2026-08-16T11:27:09.000Z</time>
      </trkpt>
      <trkpt lat="40.29872" lon="-7.21838">
        <ele>584</ele>
        <time>2026-08-16T11:27:13.000Z</time>
      </trkpt>
      <trkpt lat="40.2986" lon="-7.21781">
        <ele>583</ele>
        <time>2026-08-16T11:27:17.000Z</time>
      </trkpt>
      <trkpt lat="40.2983" lon="-7.21751">
        <ele>584</ele>
        <time>2026-08-16T11:27:21.000Z</time>
      </trkpt>
      <trkpt lat="40.29795" lon="-7.21728">
        <ele>585</ele>
        <time>2026-08-16T11:27:25.000Z</time>
      </trkpt>
      <trkpt lat="40.29773" lon="-7.21673">
        <ele>586</ele>
        <time>2026-08-16T11:27:29.000Z</time>
      </trkpt>
      <trkpt lat="40.29762" lon="-7.21605">
        <ele>589</ele>
        <time>2026-08-16T11:27:33.000Z</time>
      </trkpt>
      <trkpt lat="40.29748" lon="-7.21532">
        <ele>592</ele>
        <time>2026-08-16T11:27:37.000Z</time>
      </trkpt>
      <trkpt lat="40.29729" lon="-7.21454">
        <ele>596</ele>
        <time>2026-08-16T11:27:41.000Z</time>
      </trkpt>
      <trkpt lat="40.29709" lon="-7.2137">
        <ele>599</ele>
        <time>2026-08-16T11:27:45.000Z</time>
      </trkpt>
      <trkpt lat="40.29689" lon="-7.21289">
        <ele>603</ele>
        <time>2026-08-16T11:27:49.000Z</time>
      </trkpt>
      <trkpt lat="40.2967" lon="-7.21208">
        <ele>606</ele>
        <time>2026-08-16T11:27:53.000Z</time>
      </trkpt>
      <trkpt lat="40.2965" lon="-7.21127">
        <ele>609</ele>
        <time>2026-08-16T11:27:57.000Z</time>
      </trkpt>
      <trkpt lat="40.2963" lon="-7.21046">
        <ele>612</ele>
        <time>2026-08-16T11:28:01.000Z</time>
      </trkpt>
      <trkpt lat="40.29602" lon="-7.20961">
        <ele>616</ele>
        <time>2026-08-16T11:28:05.000Z</time>
      </trkpt>
      <trkpt lat="40.29572" lon="-7.20877">
        <ele>619</ele>
        <time>2026-08-16T11:28:09.000Z</time>
      </trkpt>
      <trkpt lat="40.29541" lon="-7.20791">
        <ele>620</ele>
        <time>2026-08-16T11:28:13.000Z</time>
      </trkpt>
      <trkpt lat="40.29515" lon="-7.20695">
        <ele>622</ele>
        <time>2026-08-16T11:28:17.000Z</time>
      </trkpt>
      <trkpt lat="40.29496" lon="-7.20607">
        <ele>624</ele>
        <time>2026-08-16T11:28:21.000Z</time>
      </trkpt>
      <trkpt lat="40.29462" lon="-7.20544">
        <ele>627</ele>
        <time>2026-08-16T11:28:25.000Z</time>
      </trkpt>
      <trkpt lat="40.29422" lon="-7.20481">
        <ele>630</ele>
        <time>2026-08-16T11:28:29.000Z</time>
      </trkpt>
      <trkpt lat="40.29392" lon="-7.204">
        <ele>635</ele>
        <time>2026-08-16T11:28:33.000Z</time>
      </trkpt>
      <trkpt lat="40.29363" lon="-7.20319">
        <ele>638</ele>
        <time>2026-08-16T11:28:37.000Z</time>
      </trkpt>
      <trkpt lat="40.29327" lon="-7.20246">
        <ele>643</ele>
        <time>2026-08-16T11:28:41.000Z</time>
      </trkpt>
      <trkpt lat="40.29301" lon="-7.20172">
        <ele>646</ele>
        <time>2026-08-16T11:28:45.000Z</time>
      </trkpt>
      <trkpt lat="40.29298" lon="-7.20089">
        <ele>649</ele>
        <time>2026-08-16T11:28:49.000Z</time>
      </trkpt>
      <trkpt lat="40.29287" lon="-7.20011">
        <ele>652</ele>
        <time>2026-08-16T11:28:53.000Z</time>
      </trkpt>
      <trkpt lat="40.29271" lon="-7.19946">
        <ele>655</ele>
        <time>2026-08-16T11:28:57.000Z</time>
      </trkpt>
      <trkpt lat="40.29276" lon="-7.19876">
        <ele>659</ele>
        <time>2026-08-16T11:29:01.000Z</time>
      </trkpt>
      <trkpt lat="40.29277" lon="-7.19802">
        <ele>663</ele>
        <time>2026-08-16T11:29:05.000Z</time>
      </trkpt>
      <trkpt lat="40.2926" lon="-7.19738">
        <ele>666</ele>
        <time>2026-08-16T11:29:09.000Z</time>
      </trkpt>
      <trkpt lat="40.29233" lon="-7.19672">
        <ele>666</ele>
        <time>2026-08-16T11:29:13.000Z</time>
      </trkpt>
      <trkpt lat="40.29232" lon="-7.19594">
        <ele>669</ele>
        <time>2026-08-16T11:29:17.000Z</time>
      </trkpt>
      <trkpt lat="40.29224" lon="-7.19512">
        <ele>673</ele>
        <time>2026-08-16T11:29:21.000Z</time>
      </trkpt>
      <trkpt lat="40.29217" lon="-7.19434">
        <ele>677</ele>
        <time>2026-08-16T11:29:25.000Z</time>
      </trkpt>
      <trkpt lat="40.29228" lon="-7.19363">
        <ele>681</ele>
        <time>2026-08-16T11:29:29.000Z</time>
      </trkpt>
      <trkpt lat="40.29231" lon="-7.19296">
        <ele>684</ele>
        <time>2026-08-16T11:29:33.000Z</time>
      </trkpt>
      <trkpt lat="40.29224" lon="-7.19226">
        <ele>686</ele>
        <time>2026-08-16T11:29:37.000Z</time>
      </trkpt>
      <trkpt lat="40.29214" lon="-7.19162">
        <ele>687</ele>
        <time>2026-08-16T11:29:41.000Z</time>
      </trkpt>
      <trkpt lat="40.29205" lon="-7.19104">
        <ele>687</ele>
        <time>2026-08-16T11:29:45.000Z</time>
      </trkpt>
      <trkpt lat="40.29211" lon="-7.19049">
        <ele>689</ele>
        <time>2026-08-16T11:29:49.000Z</time>
      </trkpt>
      <trkpt lat="40.29221" lon="-7.19002">
        <ele>690</ele>
        <time>2026-08-16T11:29:53.000Z</time>
      </trkpt>
      <trkpt lat="40.29221" lon="-7.18977">
        <ele>691</ele>
        <time>2026-08-16T11:29:57.000Z</time>
      </trkpt>
      <trkpt lat="40.29222" lon="-7.18962">
        <ele>692</ele>
        <time>2026-08-16T11:30:05.000Z</time>
      </trkpt>
      <trkpt lat="40.29233" lon="-7.18934">
        <ele>696</ele>
        <time>2026-08-16T11:30:09.000Z</time>
      </trkpt>
      <trkpt lat="40.29245" lon="-7.18919">
        <ele>696</ele>
        <time>2026-08-16T11:30:13.000Z</time>
      </trkpt>
      <trkpt lat="40.2926" lon="-7.18918">
        <ele>696</ele>
        <time>2026-08-16T11:30:17.000Z</time>
      </trkpt>
      <trkpt lat="40.29276" lon="-7.18897">
        <ele>696</ele>
        <time>2026-08-16T11:30:21.000Z</time>
      </trkpt>
      <trkpt lat="40.29303" lon="-7.1889">
        <ele>696</ele>
        <time>2026-08-16T11:30:25.000Z</time>
      </trkpt>
      <trkpt lat="40.29342" lon="-7.18889">
        <ele>696</ele>
        <time>2026-08-16T11:30:29.000Z</time>
      </trkpt>
      <trkpt lat="40.29386" lon="-7.189">
        <ele>696</ele>
        <time>2026-08-16T11:30:33.000Z</time>
      </trkpt>
      <trkpt lat="40.29433" lon="-7.18913">
        <ele>696</ele>
        <time>2026-08-16T11:30:38.000Z</time>
      </trkpt>
      <trkpt lat="40.29494" lon="-7.18921">
        <ele>696</ele>
        <time>2026-08-16T11:30:42.000Z</time>
      </trkpt>
      <trkpt lat="40.29538" lon="-7.18886">
        <ele>696</ele>
        <time>2026-08-16T11:30:46.000Z</time>
      </trkpt>
      <trkpt lat="40.29573" lon="-7.18847">
        <ele>696</ele>
        <time>2026-08-16T11:30:50.000Z</time>
      </trkpt>
      <trkpt lat="40.29612" lon="-7.18841">
        <ele>696</ele>
        <time>2026-08-16T11:30:54.000Z</time>
      </trkpt>
      <trkpt lat="40.29684" lon="-7.1884">
        <ele>696</ele>
        <time>2026-08-16T11:30:58.000Z</time>
      </trkpt>
      <trkpt lat="40.29737" lon="-7.1881">
        <ele>696</ele>
        <time>2026-08-16T11:31:02.000Z</time>
      </trkpt>
      <trkpt lat="40.29793" lon="-7.18775">
        <ele>696</ele>
        <time>2026-08-16T11:31:06.000Z</time>
      </trkpt>
      <trkpt lat="40.29853" lon="-7.18744">
        <ele>696</ele>
        <time>2026-08-16T11:31:10.000Z</time>
      </trkpt>
      <trkpt lat="40.29935" lon="-7.18717">
        <ele>696</ele>
        <time>2026-08-16T11:31:15.000Z</time>
      </trkpt>
      <trkpt lat="40.29996" lon="-7.18698">
        <ele>696</ele>
        <time>2026-08-16T11:31:19.000Z</time>
      </trkpt>
      <trkpt lat="40.30054" lon="-7.18668">
        <ele>696</ele>
        <time>2026-08-16T11:31:23.000Z</time>
      </trkpt>
      <trkpt lat="40.30114" lon="-7.18637">
        <ele>696</ele>
        <time>2026-08-16T11:31:27.000Z</time>
      </trkpt>
      <trkpt lat="40.30179" lon="-7.18608">
        <ele>696</ele>
        <time>2026-08-16T11:31:31.000Z</time>
      </trkpt>
      <trkpt lat="40.30241" lon="-7.18566">
        <ele>762</ele>
        <time>2026-08-16T11:31:35.000Z</time>
      </trkpt>
      <trkpt lat="40.30296" lon="-7.18509">
        <ele>763</ele>
        <time>2026-08-16T11:31:39.000Z</time>
      </trkpt>
      <trkpt lat="40.30342" lon="-7.1846">
        <ele>763</ele>
        <time>2026-08-16T11:31:43.000Z</time>
      </trkpt>
      <trkpt lat="40.30398" lon="-7.18442">
        <ele>762</ele>
        <time>2026-08-16T11:31:47.000Z</time>
      </trkpt>
      <trkpt lat="40.30461" lon="-7.18438">
        <ele>763</ele>
        <time>2026-08-16T11:31:51.000Z</time>
      </trkpt>
      <trkpt lat="40.30522" lon="-7.18442">
        <ele>770</ele>
        <time>2026-08-16T11:31:55.000Z</time>
      </trkpt>
      <trkpt lat="40.30583" lon="-7.18439">
        <ele>771</ele>
        <time>2026-08-16T11:31:59.000Z</time>
      </trkpt>
      <trkpt lat="40.30649" lon="-7.18436">
        <ele>769</ele>
        <time>2026-08-16T11:32:03.000Z</time>
      </trkpt>
      <trkpt lat="40.30716" lon="-7.18457">
        <ele>765</ele>
        <time>2026-08-16T11:32:07.000Z</time>
      </trkpt>
      <trkpt lat="40.30789" lon="-7.18476">
        <ele>762</ele>
        <time>2026-08-16T11:32:11.000Z</time>
      </trkpt>
      <trkpt lat="40.30863" lon="-7.18488">
        <ele>759</ele>
        <time>2026-08-16T11:32:15.000Z</time>
      </trkpt>
      <trkpt lat="40.30925" lon="-7.18477">
        <ele>755</ele>
        <time>2026-08-16T11:32:19.000Z</time>
      </trkpt>
      <trkpt lat="40.30981" lon="-7.18442">
        <ele>749</ele>
        <time>2026-08-16T11:32:23.000Z</time>
      </trkpt>
      <trkpt lat="40.31032" lon="-7.1839">
        <ele>745</ele>
        <time>2026-08-16T11:32:27.000Z</time>
      </trkpt>
      <trkpt lat="40.31054" lon="-7.1832">
        <ele>743</ele>
        <time>2026-08-16T11:32:31.000Z</time>
      </trkpt>
      <trkpt lat="40.31067" lon="-7.18244">
        <ele>743</ele>
        <time>2026-08-16T11:32:35.000Z</time>
      </trkpt>
      <trkpt lat="40.31094" lon="-7.18168">
        <ele>743</ele>
        <time>2026-08-16T11:32:39.000Z</time>
      </trkpt>
      <trkpt lat="40.31126" lon="-7.18096">
        <ele>741</ele>
        <time>2026-08-16T11:32:43.000Z</time>
      </trkpt>
      <trkpt lat="40.31179" lon="-7.1805">
        <ele>739</ele>
        <time>2026-08-16T11:32:47.000Z</time>
      </trkpt>
      <trkpt lat="40.31243" lon="-7.18018">
        <ele>738</ele>
        <time>2026-08-16T11:32:51.000Z</time>
      </trkpt>
      <trkpt lat="40.31306" lon="-7.17987">
        <ele>738</ele>
        <time>2026-08-16T11:32:55.000Z</time>
      </trkpt>
      <trkpt lat="40.31366" lon="-7.17957">
        <ele>739</ele>
        <time>2026-08-16T11:32:59.000Z</time>
      </trkpt>
      <trkpt lat="40.31424" lon="-7.17928">
        <ele>734</ele>
        <time>2026-08-16T11:33:03.000Z</time>
      </trkpt>
      <trkpt lat="40.31484" lon="-7.17917">
        <ele>723</ele>
        <time>2026-08-16T11:33:07.000Z</time>
      </trkpt>
      <trkpt lat="40.31536" lon="-7.17948">
        <ele>711</ele>
        <time>2026-08-16T11:33:11.000Z</time>
      </trkpt>
      <trkpt lat="40.3159" lon="-7.17977">
        <ele>710</ele>
        <time>2026-08-16T11:33:15.000Z</time>
      </trkpt>
      <trkpt lat="40.31632" lon="-7.17969">
        <ele>715</ele>
        <time>2026-08-16T11:33:19.000Z</time>
      </trkpt>
      <trkpt lat="40.31656" lon="-7.17923">
        <ele>720</ele>
        <time>2026-08-16T11:33:23.000Z</time>
      </trkpt>
      <trkpt lat="40.31677" lon="-7.1786">
        <ele>728</ele>
        <time>2026-08-16T11:33:27.000Z</time>
      </trkpt>
      <trkpt lat="40.31701" lon="-7.17789">
        <ele>733</ele>
        <time>2026-08-16T11:33:31.000Z</time>
      </trkpt>
      <trkpt lat="40.3174" lon="-7.17727">
        <ele>734</ele>
        <time>2026-08-16T11:33:35.000Z</time>
      </trkpt>
      <trkpt lat="40.31779" lon="-7.17663">
        <ele>733</ele>
        <time>2026-08-16T11:33:39.000Z</time>
      </trkpt>
      <trkpt lat="40.31812" lon="-7.17595">
        <ele>734</ele>
        <time>2026-08-16T11:33:43.000Z</time>
      </trkpt>
      <trkpt lat="40.31841" lon="-7.17522">
        <ele>735</ele>
        <time>2026-08-16T11:33:47.000Z</time>
      </trkpt>
      <trkpt lat="40.31884" lon="-7.17468">
        <ele>734</ele>
        <time>2026-08-16T11:33:51.000Z</time>
      </trkpt>
      <trkpt lat="40.31945" lon="-7.17441">
        <ele>728</ele>
        <time>2026-08-16T11:33:55.000Z</time>
      </trkpt>
      <trkpt lat="40.32004" lon="-7.17409">
        <ele>725</ele>
        <time>2026-08-16T11:33:59.000Z</time>
      </trkpt>
      <trkpt lat="40.32043" lon="-7.17359">
        <ele>725</ele>
        <time>2026-08-16T11:34:03.000Z</time>
      </trkpt>
      <trkpt lat="40.32089" lon="-7.17317">
        <ele>723</ele>
        <time>2026-08-16T11:34:07.000Z</time>
      </trkpt>
      <trkpt lat="40.32153" lon="-7.17287">
        <ele>724</ele>
        <time>2026-08-16T11:34:11.000Z</time>
      </trkpt>
      <trkpt lat="40.32207" lon="-7.17245">
        <ele>731</ele>
        <time>2026-08-16T11:34:15.000Z</time>
      </trkpt>
      <trkpt lat="40.32241" lon="-7.17187">
        <ele>740</ele>
        <time>2026-08-16T11:34:19.000Z</time>
      </trkpt>
      <trkpt lat="40.32278" lon="-7.17123">
        <ele>747</ele>
        <time>2026-08-16T11:34:23.000Z</time>
      </trkpt>
      <trkpt lat="40.32315" lon="-7.17059">
        <ele>752</ele>
        <time>2026-08-16T11:34:27.000Z</time>
      </trkpt>
      <trkpt lat="40.32353" lon="-7.17">
        <ele>757</ele>
        <time>2026-08-16T11:34:31.000Z</time>
      </trkpt>
      <trkpt lat="40.32408" lon="-7.16967">
        <ele>762</ele>
        <time>2026-08-16T11:34:35.000Z</time>
      </trkpt>
      <trkpt lat="40.32464" lon="-7.16932">
        <ele>767</ele>
        <time>2026-08-16T11:34:39.000Z</time>
      </trkpt>
      <trkpt lat="40.32517" lon="-7.16888">
        <ele>771</ele>
        <time>2026-08-16T11:34:43.000Z</time>
      </trkpt>
      <trkpt lat="40.32563" lon="-7.16853">
        <ele>777</ele>
        <time>2026-08-16T11:34:47.000Z</time>
      </trkpt>
      <trkpt lat="40.32613" lon="-7.16855">
        <ele>781</ele>
        <time>2026-08-16T11:34:51.000Z</time>
      </trkpt>
      <trkpt lat="40.32664" lon="-7.1689">
        <ele>785</ele>
        <time>2026-08-16T11:34:55.000Z</time>
      </trkpt>
      <trkpt lat="40.32719" lon="-7.16929">
        <ele>789</ele>
        <time>2026-08-16T11:34:59.000Z</time>
      </trkpt>
      <trkpt lat="40.32776" lon="-7.16942">
        <ele>791</ele>
        <time>2026-08-16T11:35:03.000Z</time>
      </trkpt>
      <trkpt lat="40.32838" lon="-7.16938">
        <ele>793</ele>
        <time>2026-08-16T11:35:07.000Z</time>
      </trkpt>
      <trkpt lat="40.329" lon="-7.16935">
        <ele>796</ele>
        <time>2026-08-16T11:35:11.000Z</time>
      </trkpt>
      <trkpt lat="40.32955" lon="-7.16962">
        <ele>797</ele>
        <time>2026-08-16T11:35:15.000Z</time>
      </trkpt>
      <trkpt lat="40.33013" lon="-7.17003">
        <ele>797</ele>
        <time>2026-08-16T11:35:19.000Z</time>
      </trkpt>
      <trkpt lat="40.33069" lon="-7.17042">
        <ele>799</ele>
        <time>2026-08-16T11:35:23.000Z</time>
      </trkpt>
      <trkpt lat="40.33126" lon="-7.17078">
        <ele>799</ele>
        <time>2026-08-16T11:35:27.000Z</time>
      </trkpt>
      <trkpt lat="40.3318" lon="-7.17095">
        <ele>804</ele>
        <time>2026-08-16T11:35:31.000Z</time>
      </trkpt>
      <trkpt lat="40.33226" lon="-7.17104">
        <ele>809</ele>
        <time>2026-08-16T11:35:35.000Z</time>
      </trkpt>
      <trkpt lat="40.33274" lon="-7.17081">
        <ele>812</ele>
        <time>2026-08-16T11:35:39.000Z</time>
      </trkpt>
      <trkpt lat="40.33319" lon="-7.17041">
        <ele>814</ele>
        <time>2026-08-16T11:35:43.000Z</time>
      </trkpt>
      <trkpt lat="40.33357" lon="-7.17006">
        <ele>817</ele>
        <time>2026-08-16T11:35:47.000Z</time>
      </trkpt>
      <trkpt lat="40.33391" lon="-7.16975">
        <ele>818</ele>
        <time>2026-08-16T11:35:51.000Z</time>
      </trkpt>
      <trkpt lat="40.33414" lon="-7.16954">
        <ele>819</ele>
        <time>2026-08-16T11:35:55.000Z</time>
      </trkpt>
      <trkpt lat="40.35786" lon="-7.35172">
        <ele>655</ele>
        <time>2026-08-16T14:51:17.000Z</time>
      </trkpt>
      <trkpt lat="40.35762" lon="-7.3518">
        <ele>655</ele>
        <time>2026-08-16T14:51:22.000Z</time>
      </trkpt>
      <trkpt lat="40.35732" lon="-7.35192">
        <ele>655</ele>
        <time>2026-08-16T14:51:26.000Z</time>
      </trkpt>
      <trkpt lat="40.35706" lon="-7.35208">
        <ele>646</ele>
        <time>2026-08-16T14:51:30.000Z</time>
      </trkpt>
      <trkpt lat="40.35683" lon="-7.35246">
        <ele>642</ele>
        <time>2026-08-16T14:51:34.000Z</time>
      </trkpt>
      <trkpt lat="40.35664" lon="-7.35269">
        <ele>640</ele>
        <time>2026-08-16T14:51:38.000Z</time>
      </trkpt>
      <trkpt lat="40.35642" lon="-7.35284">
        <ele>639</ele>
        <time>2026-08-16T14:51:42.000Z</time>
      </trkpt>
      <trkpt lat="40.35618" lon="-7.35295">
        <ele>638</ele>
        <time>2026-08-16T14:51:46.000Z</time>
      </trkpt>
      <trkpt lat="40.35596" lon="-7.35307">
        <ele>637</ele>
        <time>2026-08-16T14:51:50.000Z</time>
      </trkpt>
      <trkpt lat="40.35574" lon="-7.3532">
        <ele>637</ele>
        <time>2026-08-16T14:51:54.000Z</time>
      </trkpt>
      <trkpt lat="40.35553" lon="-7.35333">
        <ele>636</ele>
        <time>2026-08-16T14:51:58.000Z</time>
      </trkpt>
      <trkpt lat="40.35529" lon="-7.35347">
        <ele>634</ele>
        <time>2026-08-16T14:52:02.000Z</time>
      </trkpt>
      <trkpt lat="40.35505" lon="-7.35357">
        <ele>634</ele>
        <time>2026-08-16T14:52:06.000Z</time>
      </trkpt>
      <trkpt lat="40.3548" lon="-7.35351">
        <ele>633</ele>
        <time>2026-08-16T14:52:10.000Z</time>
      </trkpt>
      <trkpt lat="40.35451" lon="-7.35329">
        <ele>632</ele>
        <time>2026-08-16T14:52:14.000Z</time>
      </trkpt>
      <trkpt lat="40.35421" lon="-7.35303">
        <ele>631</ele>
        <time>2026-08-16T14:52:18.000Z</time>
      </trkpt>
      <trkpt lat="40.35388" lon="-7.35276">
        <ele>630</ele>
        <time>2026-08-16T14:52:22.000Z</time>
      </trkpt>
      <trkpt lat="40.35359" lon="-7.35251">
        <ele>629</ele>
        <time>2026-08-16T14:52:26.000Z</time>
      </trkpt>
      <trkpt lat="40.35325" lon="-7.35224">
        <ele>627</ele>
        <time>2026-08-16T14:52:30.000Z</time>
      </trkpt>
      <trkpt lat="40.35282" lon="-7.35209">
        <ele>625</ele>
        <time>2026-08-16T14:52:34.000Z</time>
      </trkpt>
      <trkpt lat="40.35237" lon="-7.35189">
        <ele>623</ele>
        <time>2026-08-16T14:52:38.000Z</time>
      </trkpt>
      <trkpt lat="40.35199" lon="-7.35157">
        <ele>620</ele>
        <time>2026-08-16T14:52:42.000Z</time>
      </trkpt>
      <trkpt lat="40.3517" lon="-7.35113">
        <ele>616</ele>
        <time>2026-08-16T14:52:46.000Z</time>
      </trkpt>
      <trkpt lat="40.35136" lon="-7.35079">
        <ele>612</ele>
        <time>2026-08-16T14:52:50.000Z</time>
      </trkpt>
      <trkpt lat="40.35096" lon="-7.35073">
        <ele>608</ele>
        <time>2026-08-16T14:52:54.000Z</time>
      </trkpt>
      <trkpt lat="40.35057" lon="-7.3507">
        <ele>603</ele>
        <time>2026-08-16T14:52:58.000Z</time>
      </trkpt>
      <trkpt lat="40.35022" lon="-7.35044">
        <ele>600</ele>
        <time>2026-08-16T14:53:02.000Z</time>
      </trkpt>
      <trkpt lat="40.34982" lon="-7.3504">
        <ele>596</ele>
        <time>2026-08-16T14:53:06.000Z</time>
      </trkpt>
      <trkpt lat="40.3494" lon="-7.35041">
        <ele>594</ele>
        <time>2026-08-16T14:53:10.000Z</time>
      </trkpt>
      <trkpt lat="40.34901" lon="-7.35058">
        <ele>591</ele>
        <time>2026-08-16T14:53:14.000Z</time>
      </trkpt>
      <trkpt lat="40.34864" lon="-7.35073">
        <ele>588</ele>
        <time>2026-08-16T14:53:18.000Z</time>
      </trkpt>
      <trkpt lat="40.34828" lon="-7.3506">
        <ele>586</ele>
        <time>2026-08-16T14:53:22.000Z</time>
      </trkpt>
      <trkpt lat="40.3479" lon="-7.35047">
        <ele>584</ele>
        <time>2026-08-16T14:53:26.000Z</time>
      </trkpt>
      <trkpt lat="40.34749" lon="-7.35045">
        <ele>583</ele>
        <time>2026-08-16T14:53:30.000Z</time>
      </trkpt>
      <trkpt lat="40.34719" lon="-7.35025">
        <ele>583</ele>
        <time>2026-08-16T14:53:34.000Z</time>
      </trkpt>
      <trkpt lat="40.34701" lon="-7.34986">
        <ele>580</ele>
        <time>2026-08-16T14:53:38.000Z</time>
      </trkpt>
      <trkpt lat="40.34682" lon="-7.34941">
        <ele>575</ele>
        <time>2026-08-16T14:53:42.000Z</time>
      </trkpt>
      <trkpt lat="40.34672" lon="-7.34896">
        <ele>572</ele>
        <time>2026-08-16T14:53:46.000Z</time>
      </trkpt>
      <trkpt lat="40.34651" lon="-7.34866">
        <ele>569</ele>
        <time>2026-08-16T14:53:50.000Z</time>
      </trkpt>
      <trkpt lat="40.34663" lon="-7.34846">
        <ele>568</ele>
        <time>2026-08-16T14:53:54.000Z</time>
      </trkpt>
      <trkpt lat="40.34683" lon="-7.34858">
        <ele>567</ele>
        <time>2026-08-16T14:53:58.000Z</time>
      </trkpt>
      <trkpt lat="40.34724" lon="-7.34863">
        <ele>567</ele>
        <time>2026-08-16T14:54:02.000Z</time>
      </trkpt>
      <trkpt lat="40.34766" lon="-7.34858">
        <ele>568</ele>
        <time>2026-08-16T14:54:06.000Z</time>
      </trkpt>
      <trkpt lat="40.34814" lon="-7.34853">
        <ele>569</ele>
        <time>2026-08-16T14:54:10.000Z</time>
      </trkpt>
      <trkpt lat="40.34864" lon="-7.34846">
        <ele>570</ele>
        <time>2026-08-16T14:54:14.000Z</time>
      </trkpt>
      <trkpt lat="40.34908" lon="-7.34826">
        <ele>570</ele>
        <time>2026-08-16T14:54:18.000Z</time>
      </trkpt>
      <trkpt lat="40.34957" lon="-7.34803">
        <ele>569</ele>
        <time>2026-08-16T14:54:22.000Z</time>
      </trkpt>
      <trkpt lat="40.3501" lon="-7.3478">
        <ele>569</ele>
        <time>2026-08-16T14:54:26.000Z</time>
      </trkpt>
      <trkpt lat="40.35065" lon="-7.34753">
        <ele>567</ele>
        <time>2026-08-16T14:54:30.000Z</time>
      </trkpt>
      <trkpt lat="40.35123" lon="-7.34722">
        <ele>563</ele>
        <time>2026-08-16T14:54:34.000Z</time>
      </trkpt>
      <trkpt lat="40.35182" lon="-7.34691">
        <ele>560</ele>
        <time>2026-08-16T14:54:38.000Z</time>
      </trkpt>
      <trkpt lat="40.35242" lon="-7.3466">
        <ele>559</ele>
        <time>2026-08-16T14:54:42.000Z</time>
      </trkpt>
      <trkpt lat="40.35299" lon="-7.34628">
        <ele>559</ele>
        <time>2026-08-16T14:54:46.000Z</time>
      </trkpt>
      <trkpt lat="40.3535" lon="-7.34586">
        <ele>558</ele>
        <time>2026-08-16T14:54:50.000Z</time>
      </trkpt>
      <trkpt lat="40.35394" lon="-7.34534">
        <ele>558</ele>
        <time>2026-08-16T14:54:54.000Z</time>
      </trkpt>
      <trkpt lat="40.35434" lon="-7.34474">
        <ele>558</ele>
        <time>2026-08-16T14:54:58.000Z</time>
      </trkpt>
      <trkpt lat="40.35472" lon="-7.34414">
        <ele>559</ele>
        <time>2026-08-16T14:55:02.000Z</time>
      </trkpt>
      <trkpt lat="40.35509" lon="-7.34356">
        <ele>560</ele>
        <time>2026-08-16T14:55:06.000Z</time>
      </trkpt>
      <trkpt lat="40.3555" lon="-7.34301">
        <ele>561</ele>
        <time>2026-08-16T14:55:10.000Z</time>
      </trkpt>
      <trkpt lat="40.35598" lon="-7.34263">
        <ele>561</ele>
        <time>2026-08-16T14:55:14.000Z</time>
      </trkpt>
      <trkpt lat="40.35654" lon="-7.34239">
        <ele>562</ele>
        <time>2026-08-16T14:55:18.000Z</time>
      </trkpt>
      <trkpt lat="40.35712" lon="-7.34224">
        <ele>564</ele>
        <time>2026-08-16T14:55:22.000Z</time>
      </trkpt>
      <trkpt lat="40.3577" lon="-7.34211">
        <ele>567</ele>
        <time>2026-08-16T14:55:26.000Z</time>
      </trkpt>
      <trkpt lat="40.35832" lon="-7.34196">
        <ele>569</ele>
        <time>2026-08-16T14:55:30.000Z</time>
      </trkpt>
      <trkpt lat="40.35893" lon="-7.34182">
        <ele>572</ele>
        <time>2026-08-16T14:55:34.000Z</time>
      </trkpt>
      <trkpt lat="40.35953" lon="-7.34168">
        <ele>575</ele>
        <time>2026-08-16T14:55:38.000Z</time>
      </trkpt>
      <trkpt lat="40.36003" lon="-7.34157">
        <ele>577</ele>
        <time>2026-08-16T14:55:42.000Z</time>
      </trkpt>
      <trkpt lat="40.3604" lon="-7.34148">
        <ele>578</ele>
        <time>2026-08-16T14:55:46.000Z</time>
      </trkpt>
      <trkpt lat="40.3606" lon="-7.34125">
        <ele>578</ele>
        <time>2026-08-16T14:55:50.000Z</time>
      </trkpt>
      <trkpt lat="40.36092" lon="-7.34125">
        <ele>577</ele>
        <time>2026-08-16T14:55:54.000Z</time>
      </trkpt>
      <trkpt lat="40.36129" lon="-7.34104">
        <ele>574</ele>
        <time>2026-08-16T14:55:58.000Z</time>
      </trkpt>
      <trkpt lat="40.36174" lon="-7.34079">
        <ele>572</ele>
        <time>2026-08-16T14:56:02.000Z</time>
      </trkpt>
      <trkpt lat="40.36221" lon="-7.3407">
        <ele>569</ele>
        <time>2026-08-16T14:56:06.000Z</time>
      </trkpt>
      <trkpt lat="40.36273" lon="-7.34066">
        <ele>567</ele>
        <time>2026-08-16T14:56:10.000Z</time>
      </trkpt>
      <trkpt lat="40.36326" lon="-7.34067">
        <ele>566</ele>
        <time>2026-08-16T14:56:14.000Z</time>
      </trkpt>
      <trkpt lat="40.36364" lon="-7.34078">
        <ele>563</ele>
        <time>2026-08-16T14:56:18.000Z</time>
      </trkpt>
      <trkpt lat="40.36388" lon="-7.34084">
        <ele>561</ele>
        <time>2026-08-16T14:56:22.000Z</time>
      </trkpt>
      <trkpt lat="40.36425" lon="-7.34081">
        <ele>560</ele>
        <time>2026-08-16T14:56:26.000Z</time>
      </trkpt>
      <trkpt lat="40.36466" lon="-7.34061">
        <ele>559</ele>
        <time>2026-08-16T14:56:30.000Z</time>
      </trkpt>
      <trkpt lat="40.36508" lon="-7.3404">
        <ele>559</ele>
        <time>2026-08-16T14:56:34.000Z</time>
      </trkpt>
      <trkpt lat="40.36546" lon="-7.34021">
        <ele>560</ele>
        <time>2026-08-16T14:56:38.000Z</time>
      </trkpt>
      <trkpt lat="40.36576" lon="-7.34013">
        <ele>560</ele>
        <time>2026-08-16T14:56:42.000Z</time>
      </trkpt>
      <trkpt lat="40.36604" lon="-7.34013">
        <ele>560</ele>
        <time>2026-08-16T14:56:46.000Z</time>
      </trkpt>
      <trkpt lat="40.3664" lon="-7.34019">
        <ele>559</ele>
        <time>2026-08-16T14:56:50.000Z</time>
      </trkpt>
      <trkpt lat="40.36682" lon="-7.34036">
        <ele>557</ele>
        <time>2026-08-16T14:56:54.000Z</time>
      </trkpt>
      <trkpt lat="40.36729" lon="-7.34055">
        <ele>555</ele>
        <time>2026-08-16T14:56:58.000Z</time>
      </trkpt>
      <trkpt lat="40.36778" lon="-7.34074">
        <ele>552</ele>
        <time>2026-08-16T14:57:02.000Z</time>
      </trkpt>
      <trkpt lat="40.36824" lon="-7.34092">
        <ele>548</ele>
        <time>2026-08-16T14:57:06.000Z</time>
      </trkpt>
      <trkpt lat="40.36867" lon="-7.3412">
        <ele>544</ele>
        <time>2026-08-16T14:57:10.000Z</time>
      </trkpt>
      <trkpt lat="40.36899" lon="-7.34179">
        <ele>541</ele>
        <time>2026-08-16T14:57:14.000Z</time>
      </trkpt>
      <trkpt lat="40.36932" lon="-7.34243">
        <ele>539</ele>
        <time>2026-08-16T14:57:18.000Z</time>
      </trkpt>
      <trkpt lat="40.36964" lon="-7.34306">
        <ele>535</ele>
        <time>2026-08-16T14:57:22.000Z</time>
      </trkpt>
      <trkpt lat="40.36996" lon="-7.34369">
        <ele>531</ele>
        <time>2026-08-16T14:57:26.000Z</time>
      </trkpt>
      <trkpt lat="40.37025" lon="-7.34428">
        <ele>527</ele>
        <time>2026-08-16T14:57:30.000Z</time>
      </trkpt>
      <trkpt lat="40.3705" lon="-7.34476">
        <ele>526</ele>
        <time>2026-08-16T14:57:34.000Z</time>
      </trkpt>
      <trkpt lat="40.37068" lon="-7.34512">
        <ele>525</ele>
        <time>2026-08-16T14:57:38.000Z</time>
      </trkpt>
      <trkpt lat="40.3708" lon="-7.34535">
        <ele>526</ele>
        <time>2026-08-16T14:57:42.000Z</time>
      </trkpt>
      <trkpt lat="40.37079" lon="-7.34554">
        <ele>527</ele>
        <time>2026-08-16T14:57:46.000Z</time>
      </trkpt>
      <trkpt lat="40.37059" lon="-7.34577">
        <ele>526</ele>
        <time>2026-08-16T14:57:50.000Z</time>
      </trkpt>
      <trkpt lat="40.37037" lon="-7.34612">
        <ele>525</ele>
        <time>2026-08-16T14:57:54.000Z</time>
      </trkpt>
      <trkpt lat="40.3701" lon="-7.34655">
        <ele>524</ele>
        <time>2026-08-16T14:57:58.000Z</time>
      </trkpt>
      <trkpt lat="40.36979" lon="-7.34705">
        <ele>524</ele>
        <time>2026-08-16T14:58:02.000Z</time>
      </trkpt>
      <trkpt lat="40.36947" lon="-7.34756">
        <ele>522</ele>
        <time>2026-08-16T14:58:06.000Z</time>
      </trkpt>
      <trkpt lat="40.36911" lon="-7.34812">
        <ele>522</ele>
        <time>2026-08-16T14:58:10.000Z</time>
      </trkpt>
      <trkpt lat="40.36874" lon="-7.34872">
        <ele>522</ele>
        <time>2026-08-16T14:58:14.000Z</time>
      </trkpt>
      <trkpt lat="40.36835" lon="-7.34934">
        <ele>523</ele>
        <time>2026-08-16T14:58:18.000Z</time>
      </trkpt>
      <trkpt lat="40.36795" lon="-7.34998">
        <ele>523</ele>
        <time>2026-08-16T14:58:22.000Z</time>
      </trkpt>
      <trkpt lat="40.36756" lon="-7.3506">
        <ele>522</ele>
        <time>2026-08-16T14:58:26.000Z</time>
      </trkpt>
      <trkpt lat="40.36716" lon="-7.35123">
        <ele>524</ele>
        <time>2026-08-16T14:58:30.000Z</time>
      </trkpt>
      <trkpt lat="40.36678" lon="-7.35183">
        <ele>525</ele>
        <time>2026-08-16T14:58:34.000Z</time>
      </trkpt>
      <trkpt lat="40.36642" lon="-7.35241">
        <ele>526</ele>
        <time>2026-08-16T14:58:38.000Z</time>
      </trkpt>
      <trkpt lat="40.36605" lon="-7.35301">
        <ele>527</ele>
        <time>2026-08-16T14:58:42.000Z</time>
      </trkpt>
      <trkpt lat="40.3657" lon="-7.35355">
        <ele>526</ele>
        <time>2026-08-16T14:58:46.000Z</time>
      </trkpt>
      <trkpt lat="40.36533" lon="-7.35409">
        <ele>525</ele>
        <time>2026-08-16T14:58:50.000Z</time>
      </trkpt>
      <trkpt lat="40.36493" lon="-7.35465">
        <ele>522</ele>
        <time>2026-08-16T14:58:54.000Z</time>
      </trkpt>
      <trkpt lat="40.36454" lon="-7.35519">
        <ele>519</ele>
        <time>2026-08-16T14:58:58.000Z</time>
      </trkpt>
      <trkpt lat="40.36419" lon="-7.35568">
        <ele>518</ele>
        <time>2026-08-16T14:59:02.000Z</time>
      </trkpt>
      <trkpt lat="40.36398" lon="-7.35612">
        <ele>519</ele>
        <time>2026-08-16T14:59:06.000Z</time>
      </trkpt>
      <trkpt lat="40.36414" lon="-7.35654">
        <ele>519</ele>
        <time>2026-08-16T14:59:10.000Z</time>
      </trkpt>
      <trkpt lat="40.3645" lon="-7.35692">
        <ele>520</ele>
        <time>2026-08-16T14:59:14.000Z</time>
      </trkpt>
      <trkpt lat="40.3649" lon="-7.35734">
        <ele>520</ele>
        <time>2026-08-16T14:59:18.000Z</time>
      </trkpt>
      <trkpt lat="40.36532" lon="-7.35778">
        <ele>520</ele>
        <time>2026-08-16T14:59:22.000Z</time>
      </trkpt>
      <trkpt lat="40.36575" lon="-7.35822">
        <ele>520</ele>
        <time>2026-08-16T14:59:26.000Z</time>
      </trkpt>
      <trkpt lat="40.36614" lon="-7.35863">
        <ele>519</ele>
        <time>2026-08-16T14:59:30.000Z</time>
      </trkpt>
      <trkpt lat="40.36651" lon="-7.35897">
        <ele>518</ele>
        <time>2026-08-16T14:59:34.000Z</time>
      </trkpt>
      <trkpt lat="40.36692" lon="-7.35922">
        <ele>519</ele>
        <time>2026-08-16T14:59:38.000Z</time>
      </trkpt>
      <trkpt lat="40.36719" lon="-7.35972">
        <ele>519</ele>
        <time>2026-08-16T14:59:42.000Z</time>
      </trkpt>
      <trkpt lat="40.36761" lon="-7.36016">
        <ele>518</ele>
        <time>2026-08-16T14:59:46.000Z</time>
      </trkpt>
      <trkpt lat="40.36807" lon="-7.36063">
        <ele>518</ele>
        <time>2026-08-16T14:59:50.000Z</time>
      </trkpt>
      <trkpt lat="40.36855" lon="-7.36113">
        <ele>519</ele>
        <time>2026-08-16T14:59:54.000Z</time>
      </trkpt>
      <trkpt lat="40.36906" lon="-7.36167">
        <ele>519</ele>
        <time>2026-08-16T14:59:58.000Z</time>
      </trkpt>
      <trkpt lat="40.36959" lon="-7.36222">
        <ele>520</ele>
        <time>2026-08-16T15:00:02.000Z</time>
      </trkpt>
      <trkpt lat="40.37012" lon="-7.36278">
        <ele>521</ele>
        <time>2026-08-16T15:00:06.000Z</time>
      </trkpt>
      <trkpt lat="40.37064" lon="-7.36333">
        <ele>523</ele>
        <time>2026-08-16T15:00:10.000Z</time>
      </trkpt>
      <trkpt lat="40.37116" lon="-7.36387">
        <ele>525</ele>
        <time>2026-08-16T15:00:14.000Z</time>
      </trkpt>
      <trkpt lat="40.37166" lon="-7.3644">
        <ele>527</ele>
        <time>2026-08-16T15:00:18.000Z</time>
      </trkpt>
      <trkpt lat="40.37216" lon="-7.36492">
        <ele>528</ele>
        <time>2026-08-16T15:00:22.000Z</time>
      </trkpt>
      <trkpt lat="40.37265" lon="-7.36548">
        <ele>529</ele>
        <time>2026-08-16T15:00:26.000Z</time>
      </trkpt>
      <trkpt lat="40.373" lon="-7.36626">
        <ele>531</ele>
        <time>2026-08-16T15:00:30.000Z</time>
      </trkpt>
      <trkpt lat="40.37331" lon="-7.36702">
        <ele>534</ele>
        <time>2026-08-16T15:00:34.000Z</time>
      </trkpt>
      <trkpt lat="40.3736" lon="-7.36775">
        <ele>538</ele>
        <time>2026-08-16T15:00:38.000Z</time>
      </trkpt>
      <trkpt lat="40.37383" lon="-7.36845">
        <ele>541</ele>
        <time>2026-08-16T15:00:42.000Z</time>
      </trkpt>
      <trkpt lat="40.37391" lon="-7.36922">
        <ele>545</ele>
        <time>2026-08-16T15:00:46.000Z</time>
      </trkpt>
      <trkpt lat="40.37405" lon="-7.36997">
        <ele>548</ele>
        <time>2026-08-16T15:00:50.000Z</time>
      </trkpt>
      <trkpt lat="40.37444" lon="-7.37042">
        <ele>550</ele>
        <time>2026-08-16T15:00:54.000Z</time>
      </trkpt>
      <trkpt lat="40.37495" lon="-7.37035">
        <ele>554</ele>
        <time>2026-08-16T15:00:58.000Z</time>
      </trkpt>
      <trkpt lat="40.37551" lon="-7.37025">
        <ele>557</ele>
        <time>2026-08-16T15:01:02.000Z</time>
      </trkpt>
      <trkpt lat="40.37604" lon="-7.37015">
        <ele>561</ele>
        <time>2026-08-16T15:01:06.000Z</time>
      </trkpt>
      <trkpt lat="40.37651" lon="-7.37026">
        <ele>563</ele>
        <time>2026-08-16T15:01:10.000Z</time>
      </trkpt>
      <trkpt lat="40.37682" lon="-7.37081">
        <ele>567</ele>
        <time>2026-08-16T15:01:14.000Z</time>
      </trkpt>
      <trkpt lat="40.37714" lon="-7.37134">
        <ele>569</ele>
        <time>2026-08-16T15:01:18.000Z</time>
      </trkpt>
      <trkpt lat="40.37762" lon="-7.3715">
        <ele>572</ele>
        <time>2026-08-16T15:01:22.000Z</time>
      </trkpt>
      <trkpt lat="40.37815" lon="-7.37126">
        <ele>574</ele>
        <time>2026-08-16T15:01:26.000Z</time>
      </trkpt>
      <trkpt lat="40.37867" lon="-7.37102">
        <ele>579</ele>
        <time>2026-08-16T15:01:30.000Z</time>
      </trkpt>
      <trkpt lat="40.37908" lon="-7.37115">
        <ele>581</ele>
        <time>2026-08-16T15:01:34.000Z</time>
      </trkpt>
      <trkpt lat="40.37928" lon="-7.37169">
        <ele>585</ele>
        <time>2026-08-16T15:01:38.000Z</time>
      </trkpt>
      <trkpt lat="40.37942" lon="-7.37236">
        <ele>588</ele>
        <time>2026-08-16T15:01:42.000Z</time>
      </trkpt>
      <trkpt lat="40.37957" lon="-7.37311">
        <ele>592</ele>
        <time>2026-08-16T15:01:46.000Z</time>
      </trkpt>
      <trkpt lat="40.37973" lon="-7.3739">
        <ele>597</ele>
        <time>2026-08-16T15:01:50.000Z</time>
      </trkpt>
      <trkpt lat="40.37988" lon="-7.37473">
        <ele>601</ele>
        <time>2026-08-16T15:01:54.000Z</time>
      </trkpt>
      <trkpt lat="40.37992" lon="-7.37552">
        <ele>605</ele>
        <time>2026-08-16T15:01:58.000Z</time>
      </trkpt>
      <trkpt lat="40.37995" lon="-7.37625">
        <ele>606</ele>
        <time>2026-08-16T15:02:02.000Z</time>
      </trkpt>
      <trkpt lat="40.38011" lon="-7.37689">
        <ele>608</ele>
        <time>2026-08-16T15:02:06.000Z</time>
      </trkpt>
      <trkpt lat="40.38048" lon="-7.37729">
        <ele>611</ele>
        <time>2026-08-16T15:02:10.000Z</time>
      </trkpt>
      <trkpt lat="40.38094" lon="-7.37719">
        <ele>613</ele>
        <time>2026-08-16T15:02:14.000Z</time>
      </trkpt>
      <trkpt lat="40.38147" lon="-7.37688">
        <ele>617</ele>
        <time>2026-08-16T15:02:18.000Z</time>
      </trkpt>
      <trkpt lat="40.38209" lon="-7.37671">
        <ele>619</ele>
        <time>2026-08-16T15:02:22.000Z</time>
      </trkpt>
      <trkpt lat="40.38272" lon="-7.37665">
        <ele>619</ele>
        <time>2026-08-16T15:02:26.000Z</time>
      </trkpt>
      <trkpt lat="40.38334" lon="-7.37671">
        <ele>621</ele>
        <time>2026-08-16T15:02:30.000Z</time>
      </trkpt>
      <trkpt lat="40.38391" lon="-7.37653">
        <ele>623</ele>
        <time>2026-08-16T15:02:34.000Z</time>
      </trkpt>
      <trkpt lat="40.38444" lon="-7.37605">
        <ele>623</ele>
        <time>2026-08-16T15:02:38.000Z</time>
      </trkpt>
      <trkpt lat="40.38494" lon="-7.37559">
        <ele>622</ele>
        <time>2026-08-16T15:02:42.000Z</time>
      </trkpt>
      <trkpt lat="40.38542" lon="-7.37531">
        <ele>622</ele>
        <time>2026-08-16T15:02:46.000Z</time>
      </trkpt>
      <trkpt lat="40.38594" lon="-7.37552">
        <ele>623</ele>
        <time>2026-08-16T15:02:50.000Z</time>
      </trkpt>
      <trkpt lat="40.38638" lon="-7.37609">
        <ele>624</ele>
        <time>2026-08-16T15:02:54.000Z</time>
      </trkpt>
      <trkpt lat="40.38677" lon="-7.37676">
        <ele>621</ele>
        <time>2026-08-16T15:02:58.000Z</time>
      </trkpt>
      <trkpt lat="40.38711" lon="-7.37748">
        <ele>620</ele>
        <time>2026-08-16T15:03:02.000Z</time>
      </trkpt>
      <trkpt lat="40.38727" lon="-7.37816">
        <ele>620</ele>
        <time>2026-08-16T15:03:06.000Z</time>
      </trkpt>
      <trkpt lat="40.38725" lon="-7.37897">
        <ele>618</ele>
        <time>2026-08-16T15:03:10.000Z</time>
      </trkpt>
      <trkpt lat="40.38712" lon="-7.37983">
        <ele>614</ele>
        <time>2026-08-16T15:03:14.000Z</time>
      </trkpt>
      <trkpt lat="40.38686" lon="-7.38069">
        <ele>609</ele>
        <time>2026-08-16T15:03:18.000Z</time>
      </trkpt>
      <trkpt lat="40.38661" lon="-7.38154">
        <ele>605</ele>
        <time>2026-08-16T15:03:22.000Z</time>
      </trkpt>
      <trkpt lat="40.38637" lon="-7.38231">
        <ele>602</ele>
        <time>2026-08-16T15:03:26.000Z</time>
      </trkpt>
      <trkpt lat="40.38637" lon="-7.38311">
        <ele>600</ele>
        <time>2026-08-16T15:03:30.000Z</time>
      </trkpt>
      <trkpt lat="40.38679" lon="-7.3837">
        <ele>599</ele>
        <time>2026-08-16T15:03:34.000Z</time>
      </trkpt>
      <trkpt lat="40.3874" lon="-7.38384">
        <ele>596</ele>
        <time>2026-08-16T15:03:38.000Z</time>
      </trkpt>
      <trkpt lat="40.38798" lon="-7.38403">
        <ele>595</ele>
        <time>2026-08-16T15:03:42.000Z</time>
      </trkpt>
      <trkpt lat="40.38829" lon="-7.38464">
        <ele>591</ele>
        <time>2026-08-16T15:03:46.000Z</time>
      </trkpt>
      <trkpt lat="40.38829" lon="-7.38543">
        <ele>589</ele>
        <time>2026-08-16T15:03:50.000Z</time>
      </trkpt>
      <trkpt lat="40.38833" lon="-7.38627">
        <ele>586</ele>
        <time>2026-08-16T15:03:54.000Z</time>
      </trkpt>
      <trkpt lat="40.38865" lon="-7.38702">
        <ele>584</ele>
        <time>2026-08-16T15:03:58.000Z</time>
      </trkpt>
      <trkpt lat="40.38904" lon="-7.38773">
        <ele>584</ele>
        <time>2026-08-16T15:04:02.000Z</time>
      </trkpt>
      <trkpt lat="40.38931" lon="-7.38848">
        <ele>582</ele>
        <time>2026-08-16T15:04:06.000Z</time>
      </trkpt>
      <trkpt lat="40.38961" lon="-7.38923">
        <ele>579</ele>
        <time>2026-08-16T15:04:10.000Z</time>
      </trkpt>
      <trkpt lat="40.39019" lon="-7.38958">
        <ele>578</ele>
        <time>2026-08-16T15:04:14.000Z</time>
      </trkpt>
      <trkpt lat="40.39082" lon="-7.38958">
        <ele>577</ele>
        <time>2026-08-16T15:04:18.000Z</time>
      </trkpt>
      <trkpt lat="40.39136" lon="-7.38986">
        <ele>576</ele>
        <time>2026-08-16T15:04:22.000Z</time>
      </trkpt>
      <trkpt lat="40.39194" lon="-7.39037">
        <ele>575</ele>
        <time>2026-08-16T15:04:26.000Z</time>
      </trkpt>
      <trkpt lat="40.39254" lon="-7.3909">
        <ele>571</ele>
        <time>2026-08-16T15:04:30.000Z</time>
      </trkpt>
      <trkpt lat="40.39317" lon="-7.39145">
        <ele>568</ele>
        <time>2026-08-16T15:04:34.000Z</time>
      </trkpt>
      <trkpt lat="40.39381" lon="-7.39201">
        <ele>568</ele>
        <time>2026-08-16T15:04:38.000Z</time>
      </trkpt>
      <trkpt lat="40.39444" lon="-7.39257">
        <ele>568</ele>
        <time>2026-08-16T15:04:42.000Z</time>
      </trkpt>
      <trkpt lat="40.39508" lon="-7.39312">
        <ele>567</ele>
        <time>2026-08-16T15:04:46.000Z</time>
      </trkpt>
      <trkpt lat="40.3957" lon="-7.39367">
        <ele>565</ele>
        <time>2026-08-16T15:04:50.000Z</time>
      </trkpt>
      <trkpt lat="40.39635" lon="-7.39417">
        <ele>560</ele>
        <time>2026-08-16T15:04:54.000Z</time>
      </trkpt>
      <trkpt lat="40.39709" lon="-7.39449">
        <ele>557</ele>
        <time>2026-08-16T15:04:58.000Z</time>
      </trkpt>
      <trkpt lat="40.39782" lon="-7.39482">
        <ele>561</ele>
        <time>2026-08-16T15:05:02.000Z</time>
      </trkpt>
      <trkpt lat="40.3984" lon="-7.39538">
        <ele>566</ele>
        <time>2026-08-16T15:05:06.000Z</time>
      </trkpt>
      <trkpt lat="40.39894" lon="-7.39602">
        <ele>570</ele>
        <time>2026-08-16T15:05:10.000Z</time>
      </trkpt>
      <trkpt lat="40.39945" lon="-7.39665">
        <ele>571</ele>
        <time>2026-08-16T15:05:14.000Z</time>
      </trkpt>
      <trkpt lat="40.39994" lon="-7.39719">
        <ele>569</ele>
        <time>2026-08-16T15:05:18.000Z</time>
      </trkpt>
      <trkpt lat="40.40044" lon="-7.39736">
        <ele>564</ele>
        <time>2026-08-16T15:05:22.000Z</time>
      </trkpt>
      <trkpt lat="40.40084" lon="-7.39717">
        <ele>562</ele>
        <time>2026-08-16T15:05:26.000Z</time>
      </trkpt>
      <trkpt lat="40.40111" lon="-7.39668">
        <ele>561</ele>
        <time>2026-08-16T15:05:30.000Z</time>
      </trkpt>
      <trkpt lat="40.4014" lon="-7.39613">
        <ele>562</ele>
        <time>2026-08-16T15:05:34.000Z</time>
      </trkpt>
      <trkpt lat="40.40179" lon="-7.39576">
        <ele>562</ele>
        <time>2026-08-16T15:05:38.000Z</time>
      </trkpt>
      <trkpt lat="40.40237" lon="-7.39576">
        <ele>563</ele>
        <time>2026-08-16T15:05:42.000Z</time>
      </trkpt>
      <trkpt lat="40.403" lon="-7.39587">
        <ele>563</ele>
        <time>2026-08-16T15:05:46.000Z</time>
      </trkpt>
      <trkpt lat="40.40356" lon="-7.39613">
        <ele>564</ele>
        <time>2026-08-16T15:05:50.000Z</time>
      </trkpt>
      <trkpt lat="40.40412" lon="-7.39647">
        <ele>564</ele>
        <time>2026-08-16T15:05:54.000Z</time>
      </trkpt>
      <trkpt lat="40.40467" lon="-7.39685">
        <ele>562</ele>
        <time>2026-08-16T15:05:58.000Z</time>
      </trkpt>
      <trkpt lat="40.40509" lon="-7.39732">
        <ele>559</ele>
        <time>2026-08-16T15:06:02.000Z</time>
      </trkpt>
      <trkpt lat="40.40548" lon="-7.39763">
        <ele>557</ele>
        <time>2026-08-16T15:06:06.000Z</time>
      </trkpt>
      <trkpt lat="40.40594" lon="-7.39761">
        <ele>557</ele>
        <time>2026-08-16T15:06:10.000Z</time>
      </trkpt>
      <trkpt lat="40.4064" lon="-7.39779">
        <ele>561</ele>
        <time>2026-08-16T15:06:14.000Z</time>
      </trkpt>
      <trkpt lat="40.40687" lon="-7.39821">
        <ele>565</ele>
        <time>2026-08-16T15:06:18.000Z</time>
      </trkpt>
      <trkpt lat="40.40737" lon="-7.39867">
        <ele>569</ele>
        <time>2026-08-16T15:06:22.000Z</time>
      </trkpt>
      <trkpt lat="40.40782" lon="-7.39907">
        <ele>574</ele>
        <time>2026-08-16T15:06:26.000Z</time>
      </trkpt>
      <trkpt lat="40.40821" lon="-7.39932">
        <ele>578</ele>
        <time>2026-08-16T15:06:30.000Z</time>
      </trkpt>
      <trkpt lat="40.4086" lon="-7.39912">
        <ele>581</ele>
        <time>2026-08-16T15:06:34.000Z</time>
      </trkpt>
      <trkpt lat="40.40869" lon="-7.3985">
        <ele>582</ele>
        <time>2026-08-16T15:06:38.000Z</time>
      </trkpt>
      <trkpt lat="40.4087" lon="-7.39792">
        <ele>585</ele>
        <time>2026-08-16T15:06:42.000Z</time>
      </trkpt>
      <trkpt lat="40.40901" lon="-7.39769">
        <ele>586</ele>
        <time>2026-08-16T15:06:46.000Z</time>
      </trkpt>
      <trkpt lat="40.4093" lon="-7.39804">
        <ele>587</ele>
        <time>2026-08-16T15:06:50.000Z</time>
      </trkpt>
      <trkpt lat="40.40965" lon="-7.39832">
        <ele>588</ele>
        <time>2026-08-16T15:06:54.000Z</time>
      </trkpt>
      <trkpt lat="40.41009" lon="-7.39803">
        <ele>590</ele>
        <time>2026-08-16T15:06:58.000Z</time>
      </trkpt>
      <trkpt lat="40.41061" lon="-7.39772">
        <ele>594</ele>
        <time>2026-08-16T15:07:02.000Z</time>
      </trkpt>
      <trkpt lat="40.41117" lon="-7.39755">
        <ele>599</ele>
        <time>2026-08-16T15:07:06.000Z</time>
      </trkpt>
      <trkpt lat="40.41158" lon="-7.39717">
        <ele>602</ele>
        <time>2026-08-16T15:07:10.000Z</time>
      </trkpt>
      <trkpt lat="40.41173" lon="-7.39662">
        <ele>603</ele>
        <time>2026-08-16T15:07:14.000Z</time>
      </trkpt>
      <trkpt lat="40.41209" lon="-7.39647">
        <ele>604</ele>
        <time>2026-08-16T15:07:18.000Z</time>
      </trkpt>
      <trkpt lat="40.41254" lon="-7.39659">
        <ele>608</ele>
        <time>2026-08-16T15:07:22.000Z</time>
      </trkpt>
      <trkpt lat="40.41294" lon="-7.39621">
        <ele>609</ele>
        <time>2026-08-16T15:07:26.000Z</time>
      </trkpt>
      <trkpt lat="40.41325" lon="-7.39573">
        <ele>609</ele>
        <time>2026-08-16T15:07:30.000Z</time>
      </trkpt>
      <trkpt lat="40.41372" lon="-7.39576">
        <ele>612</ele>
        <time>2026-08-16T15:07:34.000Z</time>
      </trkpt>
      <trkpt lat="40.41421" lon="-7.39568">
        <ele>614</ele>
        <time>2026-08-16T15:07:38.000Z</time>
      </trkpt>
      <trkpt lat="40.41451" lon="-7.39518">
        <ele>615</ele>
        <time>2026-08-16T15:07:42.000Z</time>
      </trkpt>
      <trkpt lat="40.41479" lon="-7.39485">
        <ele>614</ele>
        <time>2026-08-16T15:07:46.000Z</time>
      </trkpt>
      <trkpt lat="40.4152" lon="-7.39503">
        <ele>615</ele>
        <time>2026-08-16T15:07:50.000Z</time>
      </trkpt>
      <trkpt lat="40.41571" lon="-7.39501">
        <ele>617</ele>
        <time>2026-08-16T15:07:54.000Z</time>
      </trkpt>
      <trkpt lat="40.41616" lon="-7.39462">
        <ele>618</ele>
        <time>2026-08-16T15:07:58.000Z</time>
      </trkpt>
      <trkpt lat="40.41663" lon="-7.39435">
        <ele>621</ele>
        <time>2026-08-16T15:08:02.000Z</time>
      </trkpt>
      <trkpt lat="40.41701" lon="-7.39398">
        <ele>623</ele>
        <time>2026-08-16T15:08:06.000Z</time>
      </trkpt>
      <trkpt lat="40.41702" lon="-7.39339">
        <ele>624</ele>
        <time>2026-08-16T15:08:10.000Z</time>
      </trkpt>
      <trkpt lat="40.41719" lon="-7.39303">
        <ele>626</ele>
        <time>2026-08-16T15:08:14.000Z</time>
      </trkpt>
      <trkpt lat="40.41753" lon="-7.39321">
        <ele>627</ele>
        <time>2026-08-16T15:08:18.000Z</time>
      </trkpt>
      <trkpt lat="40.41791" lon="-7.39359">
        <ele>628</ele>
        <time>2026-08-16T15:08:22.000Z</time>
      </trkpt>
      <trkpt lat="40.41836" lon="-7.39338">
        <ele>631</ele>
        <time>2026-08-16T15:08:26.000Z</time>
      </trkpt>
      <trkpt lat="40.41871" lon="-7.39277">
        <ele>634</ele>
        <time>2026-08-16T15:08:30.000Z</time>
      </trkpt>
      <trkpt lat="40.41897" lon="-7.39215">
        <ele>638</ele>
        <time>2026-08-16T15:08:34.000Z</time>
      </trkpt>
      <trkpt lat="40.41932" lon="-7.39182">
        <ele>641</ele>
        <time>2026-08-16T15:08:38.000Z</time>
      </trkpt>
      <trkpt lat="40.41978" lon="-7.39198">
        <ele>645</ele>
        <time>2026-08-16T15:08:42.000Z</time>
      </trkpt>
      <trkpt lat="40.42019" lon="-7.39177">
        <ele>648</ele>
        <time>2026-08-16T15:08:46.000Z</time>
      </trkpt>
      <trkpt lat="40.42058" lon="-7.39125">
        <ele>648</ele>
        <time>2026-08-16T15:08:50.000Z</time>
      </trkpt>
      <trkpt lat="40.42099" lon="-7.39064">
        <ele>651</ele>
        <time>2026-08-16T15:08:54.000Z</time>
      </trkpt>
      <trkpt lat="40.42144" lon="-7.39004">
        <ele>653</ele>
        <time>2026-08-16T15:08:58.000Z</time>
      </trkpt>
      <trkpt lat="40.42192" lon="-7.38959">
        <ele>657</ele>
        <time>2026-08-16T15:09:02.000Z</time>
      </trkpt>
      <trkpt lat="40.4222" lon="-7.38907">
        <ele>660</ele>
        <time>2026-08-16T15:09:06.000Z</time>
      </trkpt>
      <trkpt lat="40.42252" lon="-7.38903">
        <ele>661</ele>
        <time>2026-08-16T15:09:10.000Z</time>
      </trkpt>
      <trkpt lat="40.42273" lon="-7.38949">
        <ele>663</ele>
        <time>2026-08-16T15:09:14.000Z</time>
      </trkpt>
      <trkpt lat="40.42301" lon="-7.38998">
        <ele>666</ele>
        <time>2026-08-16T15:09:18.000Z</time>
      </trkpt>
      <trkpt lat="40.42351" lon="-7.39018">
        <ele>668</ele>
        <time>2026-08-16T15:09:22.000Z</time>
      </trkpt>
      <trkpt lat="40.42403" lon="-7.39019">
        <ele>672</ele>
        <time>2026-08-16T15:09:26.000Z</time>
      </trkpt>
      <trkpt lat="40.42439" lon="-7.3897">
        <ele>675</ele>
        <time>2026-08-16T15:09:30.000Z</time>
      </trkpt>
      <trkpt lat="40.42451" lon="-7.38906">
        <ele>676</ele>
        <time>2026-08-16T15:09:34.000Z</time>
      </trkpt>
      <trkpt lat="40.42486" lon="-7.38876">
        <ele>678</ele>
        <time>2026-08-16T15:09:38.000Z</time>
      </trkpt>
      <trkpt lat="40.42523" lon="-7.38862">
        <ele>681</ele>
        <time>2026-08-16T15:09:42.000Z</time>
      </trkpt>
      <trkpt lat="40.42518" lon="-7.38816">
        <ele>683</ele>
        <time>2026-08-16T15:09:46.000Z</time>
      </trkpt>
      <trkpt lat="40.42478" lon="-7.38779">
        <ele>685</ele>
        <time>2026-08-16T15:09:50.000Z</time>
      </trkpt>
      <trkpt lat="40.42457" lon="-7.38727">
        <ele>687</ele>
        <time>2026-08-16T15:09:54.000Z</time>
      </trkpt>
      <trkpt lat="40.4248" lon="-7.38675">
        <ele>689</ele>
        <time>2026-08-16T15:09:58.000Z</time>
      </trkpt>
      <trkpt lat="40.42518" lon="-7.3863">
        <ele>692</ele>
        <time>2026-08-16T15:10:02.000Z</time>
      </trkpt>
      <trkpt lat="40.4254" lon="-7.38568">
        <ele>696</ele>
        <time>2026-08-16T15:10:06.000Z</time>
      </trkpt>
      <trkpt lat="40.42588" lon="-7.38539">
        <ele>698</ele>
        <time>2026-08-16T15:10:10.000Z</time>
      </trkpt>
      <trkpt lat="40.42626" lon="-7.38499">
        <ele>701</ele>
        <time>2026-08-16T15:10:14.000Z</time>
      </trkpt>
      <trkpt lat="40.42622" lon="-7.38434">
        <ele>704</ele>
        <time>2026-08-16T15:10:18.000Z</time>
      </trkpt>
      <trkpt lat="40.42617" lon="-7.38368">
        <ele>708</ele>
        <time>2026-08-16T15:10:22.000Z</time>
      </trkpt>
      <trkpt lat="40.42635" lon="-7.38303">
        <ele>711</ele>
        <time>2026-08-16T15:10:26.000Z</time>
      </trkpt>
      <trkpt lat="40.42641" lon="-7.3824">
        <ele>714</ele>
        <time>2026-08-16T15:10:30.000Z</time>
      </trkpt>
      <trkpt lat="40.42665" lon="-7.38196">
        <ele>717</ele>
        <time>2026-08-16T15:10:34.000Z</time>
      </trkpt>
      <trkpt lat="40.42709" lon="-7.38184">
        <ele>720</ele>
        <time>2026-08-16T15:10:38.000Z</time>
      </trkpt>
      <trkpt lat="40.42763" lon="-7.38203">
        <ele>722</ele>
        <time>2026-08-16T15:10:42.000Z</time>
      </trkpt>
      <trkpt lat="40.42818" lon="-7.38224">
        <ele>725</ele>
        <time>2026-08-16T15:10:46.000Z</time>
      </trkpt>
      <trkpt lat="40.42867" lon="-7.38242">
        <ele>728</ele>
        <time>2026-08-16T15:10:50.000Z</time>
      </trkpt>
      <trkpt lat="40.42908" lon="-7.38219">
        <ele>732</ele>
        <time>2026-08-16T15:10:54.000Z</time>
      </trkpt>
      <trkpt lat="40.42945" lon="-7.38168">
        <ele>735</ele>
        <time>2026-08-16T15:10:58.000Z</time>
      </trkpt>
      <trkpt lat="40.42983" lon="-7.38116">
        <ele>738</ele>
        <time>2026-08-16T15:11:02.000Z</time>
      </trkpt>
      <trkpt lat="40.43013" lon="-7.3806">
        <ele>741</ele>
        <time>2026-08-16T15:11:06.000Z</time>
      </trkpt>
      <trkpt lat="40.43009" lon="-7.37993">
        <ele>743</ele>
        <time>2026-08-16T15:11:10.000Z</time>
      </trkpt>
      <trkpt lat="40.43011" lon="-7.37931">
        <ele>747</ele>
        <time>2026-08-16T15:11:14.000Z</time>
      </trkpt>
      <trkpt lat="40.43037" lon="-7.37893">
        <ele>748</ele>
        <time>2026-08-16T15:11:18.000Z</time>
      </trkpt>
      <trkpt lat="40.43084" lon="-7.37885">
        <ele>750</ele>
        <time>2026-08-16T15:11:22.000Z</time>
      </trkpt>
      <trkpt lat="40.43126" lon="-7.379">
        <ele>754</ele>
        <time>2026-08-16T15:11:26.000Z</time>
      </trkpt>
      <trkpt lat="40.43151" lon="-7.3795">
        <ele>757</ele>
        <time>2026-08-16T15:11:30.000Z</time>
      </trkpt>
      <trkpt lat="40.43186" lon="-7.37996">
        <ele>759</ele>
        <time>2026-08-16T15:11:34.000Z</time>
      </trkpt>
      <trkpt lat="40.43227" lon="-7.3802">
        <ele>761</ele>
        <time>2026-08-16T15:11:38.000Z</time>
      </trkpt>
      <trkpt lat="40.43277" lon="-7.37992">
        <ele>764</ele>
        <time>2026-08-16T15:11:42.000Z</time>
      </trkpt>
      <trkpt lat="40.43328" lon="-7.37984">
        <ele>767</ele>
        <time>2026-08-16T15:11:46.000Z</time>
      </trkpt>
      <trkpt lat="40.43385" lon="-7.37987">
        <ele>771</ele>
        <time>2026-08-16T15:11:50.000Z</time>
      </trkpt>
      <trkpt lat="40.43446" lon="-7.37984">
        <ele>775</ele>
        <time>2026-08-16T15:11:54.000Z</time>
      </trkpt>
      <trkpt lat="40.43503" lon="-7.37947">
        <ele>778</ele>
        <time>2026-08-16T15:11:58.000Z</time>
      </trkpt>
      <trkpt lat="40.43548" lon="-7.37885">
        <ele>781</ele>
        <time>2026-08-16T15:12:02.000Z</time>
      </trkpt>
      <trkpt lat="40.43601" lon="-7.37844">
        <ele>784</ele>
        <time>2026-08-16T15:12:06.000Z</time>
      </trkpt>
      <trkpt lat="40.43637" lon="-7.37788">
        <ele>786</ele>
        <time>2026-08-16T15:12:10.000Z</time>
      </trkpt>
      <trkpt lat="40.4367" lon="-7.37737">
        <ele>788</ele>
        <time>2026-08-16T15:12:14.000Z</time>
      </trkpt>
      <trkpt lat="40.43716" lon="-7.37719">
        <ele>790</ele>
        <time>2026-08-16T15:12:18.000Z</time>
      </trkpt>
      <trkpt lat="40.43749" lon="-7.3768">
        <ele>792</ele>
        <time>2026-08-16T15:12:22.000Z</time>
      </trkpt>
      <trkpt lat="40.43783" lon="-7.37625">
        <ele>795</ele>
        <time>2026-08-16T15:12:26.000Z</time>
      </trkpt>
      <trkpt lat="40.4383" lon="-7.37568">
        <ele>799</ele>
        <time>2026-08-16T15:12:30.000Z</time>
      </trkpt>
      <trkpt lat="40.43876" lon="-7.37521">
        <ele>802</ele>
        <time>2026-08-16T15:12:34.000Z</time>
      </trkpt>
      <trkpt lat="40.43882" lon="-7.37459">
        <ele>805</ele>
        <time>2026-08-16T15:12:38.000Z</time>
      </trkpt>
      <trkpt lat="40.43858" lon="-7.37391">
        <ele>809</ele>
        <time>2026-08-16T15:12:42.000Z</time>
      </trkpt>
      <trkpt lat="40.43847" lon="-7.37316">
        <ele>812</ele>
        <time>2026-08-16T15:12:46.000Z</time>
      </trkpt>
      <trkpt lat="40.43846" lon="-7.37242">
        <ele>817</ele>
        <time>2026-08-16T15:12:50.000Z</time>
      </trkpt>
      <trkpt lat="40.43843" lon="-7.37179">
        <ele>820</ele>
        <time>2026-08-16T15:12:54.000Z</time>
      </trkpt>
      <trkpt lat="40.43876" lon="-7.37129">
        <ele>821</ele>
        <time>2026-08-16T15:12:58.000Z</time>
      </trkpt>
      <trkpt lat="40.43899" lon="-7.37071">
        <ele>823</ele>
        <time>2026-08-16T15:13:02.000Z</time>
      </trkpt>
      <trkpt lat="40.43928" lon="-7.37048">
        <ele>826</ele>
        <time>2026-08-16T15:13:06.000Z</time>
      </trkpt>
      <trkpt lat="40.43964" lon="-7.37081">
        <ele>828</ele>
        <time>2026-08-16T15:13:10.000Z</time>
      </trkpt>
      <trkpt lat="40.44" lon="-7.3713">
        <ele>830</ele>
        <time>2026-08-16T15:13:14.000Z</time>
      </trkpt>
      <trkpt lat="40.44048" lon="-7.37165">
        <ele>833</ele>
        <time>2026-08-16T15:13:18.000Z</time>
      </trkpt>
      <trkpt lat="40.44107" lon="-7.37175">
        <ele>835</ele>
        <time>2026-08-16T15:13:22.000Z</time>
      </trkpt>
      <trkpt lat="40.44165" lon="-7.37179">
        <ele>838</ele>
        <time>2026-08-16T15:13:26.000Z</time>
      </trkpt>
      <trkpt lat="40.4422" lon="-7.37146">
        <ele>841</ele>
        <time>2026-08-16T15:13:30.000Z</time>
      </trkpt>
      <trkpt lat="40.44273" lon="-7.37098">
        <ele>846</ele>
        <time>2026-08-16T15:13:34.000Z</time>
      </trkpt>
      <trkpt lat="40.44327" lon="-7.3705">
        <ele>850</ele>
        <time>2026-08-16T15:13:38.000Z</time>
      </trkpt>
      <trkpt lat="40.44376" lon="-7.36989">
        <ele>855</ele>
        <time>2026-08-16T15:13:42.000Z</time>
      </trkpt>
      <trkpt lat="40.44419" lon="-7.3694">
        <ele>857</ele>
        <time>2026-08-16T15:13:46.000Z</time>
      </trkpt>
      <trkpt lat="40.44438" lon="-7.36875">
        <ele>859</ele>
        <time>2026-08-16T15:13:50.000Z</time>
      </trkpt>
      <trkpt lat="40.44465" lon="-7.36849">
        <ele>861</ele>
        <time>2026-08-16T15:13:54.000Z</time>
      </trkpt>
      <trkpt lat="40.445" lon="-7.36877">
        <ele>862</ele>
        <time>2026-08-16T15:13:58.000Z</time>
      </trkpt>
      <trkpt lat="40.44546" lon="-7.3691">
        <ele>865</ele>
        <time>2026-08-16T15:14:02.000Z</time>
      </trkpt>
      <trkpt lat="40.44599" lon="-7.36936">
        <ele>868</ele>
        <time>2026-08-16T15:14:06.000Z</time>
      </trkpt>
      <trkpt lat="40.44647" lon="-7.36937">
        <ele>873</ele>
        <time>2026-08-16T15:14:10.000Z</time>
      </trkpt>
      <trkpt lat="40.44688" lon="-7.369">
        <ele>876</ele>
        <time>2026-08-16T15:14:14.000Z</time>
      </trkpt>
      <trkpt lat="40.44741" lon="-7.36895">
        <ele>879</ele>
        <time>2026-08-16T15:14:18.000Z</time>
      </trkpt>
      <trkpt lat="40.44797" lon="-7.36885">
        <ele>881</ele>
        <time>2026-08-16T15:14:22.000Z</time>
      </trkpt>
      <trkpt lat="40.44841" lon="-7.36834">
        <ele>885</ele>
        <time>2026-08-16T15:14:26.000Z</time>
      </trkpt>
      <trkpt lat="40.44874" lon="-7.36766">
        <ele>888</ele>
        <time>2026-08-16T15:14:30.000Z</time>
      </trkpt>
      <trkpt lat="40.44897" lon="-7.36697">
        <ele>891</ele>
        <time>2026-08-16T15:14:34.000Z</time>
      </trkpt>
      <trkpt lat="40.449" lon="-7.36629">
        <ele>894</ele>
        <time>2026-08-16T15:14:38.000Z</time>
      </trkpt>
      <trkpt lat="40.44926" lon="-7.36579">
        <ele>898</ele>
        <time>2026-08-16T15:14:42.000Z</time>
      </trkpt>
      <trkpt lat="40.4498" lon="-7.36579">
        <ele>901</ele>
        <time>2026-08-16T15:14:46.000Z</time>
      </trkpt>
      <trkpt lat="40.45036" lon="-7.366">
        <ele>903</ele>
        <time>2026-08-16T15:14:50.000Z</time>
      </trkpt>
      <trkpt lat="40.45095" lon="-7.36598">
        <ele>905</ele>
        <time>2026-08-16T15:14:54.000Z</time>
      </trkpt>
      <trkpt lat="40.45147" lon="-7.36564">
        <ele>910</ele>
        <time>2026-08-16T15:14:58.000Z</time>
      </trkpt>
      <trkpt lat="40.45197" lon="-7.36517">
        <ele>913</ele>
        <time>2026-08-16T15:15:02.000Z</time>
      </trkpt>
      <trkpt lat="40.45258" lon="-7.3652">
        <ele>917</ele>
        <time>2026-08-16T15:15:06.000Z</time>
      </trkpt>
      <trkpt lat="40.45317" lon="-7.36551">
        <ele>921</ele>
        <time>2026-08-16T15:15:10.000Z</time>
      </trkpt>
      <trkpt lat="40.45377" lon="-7.3657">
        <ele>923</ele>
        <time>2026-08-16T15:15:14.000Z</time>
      </trkpt>
      <trkpt lat="40.45432" lon="-7.36544">
        <ele>925</ele>
        <time>2026-08-16T15:15:18.000Z</time>
      </trkpt>
      <trkpt lat="40.45481" lon="-7.36499">
        <ele>928</ele>
        <time>2026-08-16T15:15:22.000Z</time>
      </trkpt>
      <trkpt lat="40.45529" lon="-7.36509">
        <ele>931</ele>
        <time>2026-08-16T15:15:26.000Z</time>
      </trkpt>
      <trkpt lat="40.45577" lon="-7.36536">
        <ele>935</ele>
        <time>2026-08-16T15:15:30.000Z</time>
      </trkpt>
      <trkpt lat="40.45633" lon="-7.3654">
        <ele>939</ele>
        <time>2026-08-16T15:15:34.000Z</time>
      </trkpt>
      <trkpt lat="40.45688" lon="-7.36528">
        <ele>943</ele>
        <time>2026-08-16T15:15:38.000Z</time>
      </trkpt>
      <trkpt lat="40.4573" lon="-7.36496">
        <ele>948</ele>
        <time>2026-08-16T15:15:42.000Z</time>
      </trkpt>
      <trkpt lat="40.45757" lon="-7.36468">
        <ele>947</ele>
        <time>2026-08-16T15:15:46.000Z</time>
      </trkpt>
      <trkpt lat="40.45774" lon="-7.36479">
        <ele>946</ele>
        <time>2026-08-16T15:15:50.000Z</time>
      </trkpt>
      <trkpt lat="40.45787" lon="-7.36481">
        <ele>946</ele>
        <time>2026-08-16T15:15:54.000Z</time>
      </trkpt>
      <trkpt lat="40.45817" lon="-7.36475">
        <ele>946</ele>
        <time>2026-08-16T15:15:58.000Z</time>
      </trkpt>
      <trkpt lat="40.45857" lon="-7.36472">
        <ele>947</ele>
        <time>2026-08-16T15:16:02.000Z</time>
      </trkpt>
      <trkpt lat="40.459" lon="-7.36478">
        <ele>949</ele>
        <time>2026-08-16T15:16:06.000Z</time>
      </trkpt>
      <trkpt lat="40.45938" lon="-7.36506">
        <ele>950</ele>
        <time>2026-08-16T15:16:10.000Z</time>
      </trkpt>
      <trkpt lat="40.45973" lon="-7.3649">
        <ele>949</ele>
        <time>2026-08-16T15:16:14.000Z</time>
      </trkpt>
      <trkpt lat="40.46012" lon="-7.36489">
        <ele>949</ele>
        <time>2026-08-16T15:16:18.000Z</time>
      </trkpt>
      <trkpt lat="40.46047" lon="-7.36481">
        <ele>948</ele>
        <time>2026-08-16T15:16:22.000Z</time>
      </trkpt>
      <trkpt lat="40.46073" lon="-7.36453">
        <ele>948</ele>
        <time>2026-08-16T15:16:26.000Z</time>
      </trkpt>
      <trkpt lat="40.46114" lon="-7.3644">
        <ele>947</ele>
        <time>2026-08-16T15:16:30.000Z</time>
      </trkpt>
      <trkpt lat="40.4616" lon="-7.36417">
        <ele>947</ele>
        <time>2026-08-16T15:16:34.000Z</time>
      </trkpt>
      <trkpt lat="40.46205" lon="-7.36396">
        <ele>947</ele>
        <time>2026-08-16T15:16:38.000Z</time>
      </trkpt>
      <trkpt lat="40.46257" lon="-7.364">
        <ele>945</ele>
        <time>2026-08-16T15:16:42.000Z</time>
      </trkpt>
      <trkpt lat="40.46306" lon="-7.36388">
        <ele>945</ele>
        <time>2026-08-16T15:16:46.000Z</time>
      </trkpt>
      <trkpt lat="40.46346" lon="-7.36364">
        <ele>946</ele>
        <time>2026-08-16T15:16:50.000Z</time>
      </trkpt>
      <trkpt lat="40.46384" lon="-7.36323">
        <ele>947</ele>
        <time>2026-08-16T15:16:54.000Z</time>
      </trkpt>
      <trkpt lat="40.46423" lon="-7.3629">
        <ele>948</ele>
        <time>2026-08-16T15:16:58.000Z</time>
      </trkpt>
      <trkpt lat="40.46468" lon="-7.36259">
        <ele>950</ele>
        <time>2026-08-16T15:17:02.000Z</time>
      </trkpt>
      <trkpt lat="40.46505" lon="-7.36216">
        <ele>951</ele>
        <time>2026-08-16T15:17:06.000Z</time>
      </trkpt>
      <trkpt lat="40.46544" lon="-7.36187">
        <ele>951</ele>
        <time>2026-08-16T15:17:10.000Z</time>
      </trkpt>
      <trkpt lat="40.46588" lon="-7.36201">
        <ele>953</ele>
        <time>2026-08-16T15:17:14.000Z</time>
      </trkpt>
      <trkpt lat="40.46633" lon="-7.36221">
        <ele>953</ele>
        <time>2026-08-16T15:17:18.000Z</time>
      </trkpt>
      <trkpt lat="40.46669" lon="-7.36192">
        <ele>953</ele>
        <time>2026-08-16T15:17:22.000Z</time>
      </trkpt>
      <trkpt lat="40.46713" lon="-7.36183">
        <ele>955</ele>
        <time>2026-08-16T15:17:26.000Z</time>
      </trkpt>
      <trkpt lat="40.46754" lon="-7.36208">
        <ele>958</ele>
        <time>2026-08-16T15:17:30.000Z</time>
      </trkpt>
      <trkpt lat="40.46797" lon="-7.36204">
        <ele>960</ele>
        <time>2026-08-16T15:17:34.000Z</time>
      </trkpt>
      <trkpt lat="40.46835" lon="-7.36161">
        <ele>961</ele>
        <time>2026-08-16T15:17:38.000Z</time>
      </trkpt>
      <trkpt lat="40.46873" lon="-7.36115">
        <ele>962</ele>
        <time>2026-08-16T15:17:42.000Z</time>
      </trkpt>
      <trkpt lat="40.46911" lon="-7.36074">
        <ele>962</ele>
        <time>2026-08-16T15:17:46.000Z</time>
      </trkpt>
      <trkpt lat="40.46962" lon="-7.36059">
        <ele>960</ele>
        <time>2026-08-16T15:17:50.000Z</time>
      </trkpt>
      <trkpt lat="40.47002" lon="-7.36024">
        <ele>956</ele>
        <time>2026-08-16T15:17:54.000Z</time>
      </trkpt>
      <trkpt lat="40.47038" lon="-7.35988">
        <ele>954</ele>
        <time>2026-08-16T15:17:58.000Z</time>
      </trkpt>
      <trkpt lat="40.47089" lon="-7.35996">
        <ele>953</ele>
        <time>2026-08-16T15:18:02.000Z</time>
      </trkpt>
      <trkpt lat="40.47144" lon="-7.35996">
        <ele>951</ele>
        <time>2026-08-16T15:18:06.000Z</time>
      </trkpt>
      <trkpt lat="40.4719" lon="-7.35975">
        <ele>952</ele>
        <time>2026-08-16T15:18:10.000Z</time>
      </trkpt>
      <trkpt lat="40.47225" lon="-7.35933">
        <ele>952</ele>
        <time>2026-08-16T15:18:14.000Z</time>
      </trkpt>
      <trkpt lat="40.47262" lon="-7.35924">
        <ele>953</ele>
        <time>2026-08-16T15:18:18.000Z</time>
      </trkpt>
      <trkpt lat="40.47302" lon="-7.3594">
        <ele>952</ele>
        <time>2026-08-16T15:18:22.000Z</time>
      </trkpt>
      <trkpt lat="40.47336" lon="-7.35917">
        <ele>952</ele>
        <time>2026-08-16T15:18:26.000Z</time>
      </trkpt>
      <trkpt lat="40.47368" lon="-7.3587">
        <ele>954</ele>
        <time>2026-08-16T15:18:30.000Z</time>
      </trkpt>
      <trkpt lat="40.4741" lon="-7.3584">
        <ele>955</ele>
        <time>2026-08-16T15:18:34.000Z</time>
      </trkpt>
      <trkpt lat="40.47462" lon="-7.35837">
        <ele>957</ele>
        <time>2026-08-16T15:18:38.000Z</time>
      </trkpt>
      <trkpt lat="40.47509" lon="-7.35862">
        <ele>958</ele>
        <time>2026-08-16T15:18:42.000Z</time>
      </trkpt>
      <trkpt lat="40.47544" lon="-7.35915">
        <ele>960</ele>
        <time>2026-08-16T15:18:46.000Z</time>
      </trkpt>
      <trkpt lat="40.47575" lon="-7.35968">
        <ele>960</ele>
        <time>2026-08-16T15:18:50.000Z</time>
      </trkpt>
      <trkpt lat="40.47594" lon="-7.36017">
        <ele>963</ele>
        <time>2026-08-16T15:18:54.000Z</time>
      </trkpt>
      <trkpt lat="40.47615" lon="-7.36021">
        <ele>964</ele>
        <time>2026-08-16T15:18:58.000Z</time>
      </trkpt>
      <trkpt lat="40.47634" lon="-7.35985">
        <ele>967</ele>
        <time>2026-08-16T15:19:02.000Z</time>
      </trkpt>
      <trkpt lat="40.47647" lon="-7.3592">
        <ele>968</ele>
        <time>2026-08-16T15:19:06.000Z</time>
      </trkpt>
      <trkpt lat="40.47654" lon="-7.35847">
        <ele>969</ele>
        <time>2026-08-16T15:19:10.000Z</time>
      </trkpt>
      <trkpt lat="40.47657" lon="-7.35771">
        <ele>971</ele>
        <time>2026-08-16T15:19:14.000Z</time>
      </trkpt>
      <trkpt lat="40.47654" lon="-7.35698">
        <ele>970</ele>
        <time>2026-08-16T15:19:18.000Z</time>
      </trkpt>
      <trkpt lat="40.47665" lon="-7.35646">
        <ele>969</ele>
        <time>2026-08-16T15:19:22.000Z</time>
      </trkpt>
      <trkpt lat="40.47706" lon="-7.35618">
        <ele>966</ele>
        <time>2026-08-16T15:19:26.000Z</time>
      </trkpt>
      <trkpt lat="40.47761" lon="-7.35623">
        <ele>962</ele>
        <time>2026-08-16T15:19:30.000Z</time>
      </trkpt>
      <trkpt lat="40.47825" lon="-7.35636">
        <ele>957</ele>
        <time>2026-08-16T15:19:34.000Z</time>
      </trkpt>
      <trkpt lat="40.47886" lon="-7.35648">
        <ele>951</ele>
        <time>2026-08-16T15:19:38.000Z</time>
      </trkpt>
      <trkpt lat="40.47934" lon="-7.35678">
        <ele>947</ele>
        <time>2026-08-16T15:19:42.000Z</time>
      </trkpt>
      <trkpt lat="40.47973" lon="-7.35694">
        <ele>947</ele>
        <time>2026-08-16T15:19:46.000Z</time>
      </trkpt>
      <trkpt lat="40.48018" lon="-7.35669">
        <ele>948</ele>
        <time>2026-08-16T15:19:50.000Z</time>
      </trkpt>
      <trkpt lat="40.48065" lon="-7.35632">
        <ele>950</ele>
        <time>2026-08-16T15:19:54.000Z</time>
      </trkpt>
      <trkpt lat="40.48105" lon="-7.35582">
        <ele>954</ele>
        <time>2026-08-16T15:19:58.000Z</time>
      </trkpt>
      <trkpt lat="40.48148" lon="-7.35546">
        <ele>961</ele>
        <time>2026-08-16T15:20:02.000Z</time>
      </trkpt>
      <trkpt lat="40.4819" lon="-7.3552">
        <ele>966</ele>
        <time>2026-08-16T15:20:06.000Z</time>
      </trkpt>
      <trkpt lat="40.48243" lon="-7.35514">
        <ele>970</ele>
        <time>2026-08-16T15:20:10.000Z</time>
      </trkpt>
      <trkpt lat="40.48291" lon="-7.35517">
        <ele>973</ele>
        <time>2026-08-16T15:20:14.000Z</time>
      </trkpt>
      <trkpt lat="40.48324" lon="-7.35525">
        <ele>975</ele>
        <time>2026-08-16T15:20:18.000Z</time>
      </trkpt>
      <trkpt lat="40.48349" lon="-7.3553">
        <ele>975</ele>
        <time>2026-08-16T15:20:22.000Z</time>
      </trkpt>
      <trkpt lat="40.48373" lon="-7.35538">
        <ele>976</ele>
        <time>2026-08-16T15:20:26.000Z</time>
      </trkpt>
      <trkpt lat="40.484" lon="-7.35548">
        <ele>977</ele>
        <time>2026-08-16T15:20:30.000Z</time>
      </trkpt>
      <trkpt lat="40.48428" lon="-7.35551">
        <ele>977</ele>
        <time>2026-08-16T15:20:34.000Z</time>
      </trkpt>
      <trkpt lat="40.48455" lon="-7.35551">
        <ele>977</ele>
        <time>2026-08-16T15:20:38.000Z</time>
      </trkpt>
      <trkpt lat="40.48483" lon="-7.35551">
        <ele>977</ele>
        <time>2026-08-16T15:20:42.000Z</time>
      </trkpt>
      <trkpt lat="40.48514" lon="-7.3555">
        <ele>976</ele>
        <time>2026-08-16T15:20:46.000Z</time>
      </trkpt>
      <trkpt lat="40.48544" lon="-7.3555">
        <ele>974</ele>
        <time>2026-08-16T15:20:50.000Z</time>
      </trkpt>
      <trkpt lat="40.48564" lon="-7.3555">
        <ele>975</ele>
        <time>2026-08-16T15:20:54.000Z</time>
      </trkpt>
      <trkpt lat="40.48583" lon="-7.3555">
        <ele>976</ele>
        <time>2026-08-16T15:20:58.000Z</time>
      </trkpt>
      <trkpt lat="40.4861" lon="-7.3555">
        <ele>975</ele>
        <time>2026-08-16T15:21:02.000Z</time>
      </trkpt>
      <trkpt lat="40.48639" lon="-7.35543">
        <ele>975</ele>
        <time>2026-08-16T15:21:06.000Z</time>
      </trkpt>
      <trkpt lat="40.48668" lon="-7.3554">
        <ele>974</ele>
        <time>2026-08-16T15:21:10.000Z</time>
      </trkpt>
      <trkpt lat="40.48695" lon="-7.35537">
        <ele>974</ele>
        <time>2026-08-16T15:21:14.000Z</time>
      </trkpt>
      <trkpt lat="40.48715" lon="-7.35533">
        <ele>974</ele>
        <time>2026-08-16T15:21:18.000Z</time>
      </trkpt>
      <trkpt lat="40.48735" lon="-7.35529">
        <ele>973</ele>
        <time>2026-08-16T15:21:22.000Z</time>
      </trkpt>
      <trkpt lat="40.48759" lon="-7.35511">
        <ele>972</ele>
        <time>2026-08-16T15:21:26.000Z</time>
      </trkpt>
      <trkpt lat="40.4879" lon="-7.35491">
        <ele>971</ele>
        <time>2026-08-16T15:21:30.000Z</time>
      </trkpt>
      <trkpt lat="40.48834" lon="-7.35486">
        <ele>974</ele>
        <time>2026-08-16T15:21:34.000Z</time>
      </trkpt>
      <trkpt lat="40.48882" lon="-7.35479">
        <ele>977</ele>
        <time>2026-08-16T15:21:38.000Z</time>
      </trkpt>
      <trkpt lat="40.48934" lon="-7.35483">
        <ele>979</ele>
        <time>2026-08-16T15:21:42.000Z</time>
      </trkpt>
      <trkpt lat="40.4899" lon="-7.355">
        <ele>983</ele>
        <time>2026-08-16T15:21:46.000Z</time>
      </trkpt>
      <trkpt lat="40.49046" lon="-7.35518">
        <ele>988</ele>
        <time>2026-08-16T15:21:50.000Z</time>
      </trkpt>
      <trkpt lat="40.49102" lon="-7.35537">
        <ele>993</ele>
        <time>2026-08-16T15:21:54.000Z</time>
      </trkpt>
      <trkpt lat="40.49138" lon="-7.35576">
        <ele>996</ele>
        <time>2026-08-16T15:21:58.000Z</time>
      </trkpt>
      <trkpt lat="40.49156" lon="-7.35642">
        <ele>997</ele>
        <time>2026-08-16T15:22:02.000Z</time>
      </trkpt>
      <trkpt lat="40.49171" lon="-7.35716">
        <ele>997</ele>
        <time>2026-08-16T15:22:06.000Z</time>
      </trkpt>
      <trkpt lat="40.49178" lon="-7.35793">
        <ele>995</ele>
        <time>2026-08-16T15:22:10.000Z</time>
      </trkpt>
      <trkpt lat="40.49185" lon="-7.35858">
        <ele>991</ele>
        <time>2026-08-16T15:22:14.000Z</time>
      </trkpt>
      <trkpt lat="40.49194" lon="-7.35918">
        <ele>988</ele>
        <time>2026-08-16T15:22:18.000Z</time>
      </trkpt>
      <trkpt lat="40.49212" lon="-7.35963">
        <ele>985</ele>
        <time>2026-08-16T15:22:22.000Z</time>
      </trkpt>
      <trkpt lat="40.49248" lon="-7.35965">
        <ele>982</ele>
        <time>2026-08-16T15:22:26.000Z</time>
      </trkpt>
      <trkpt lat="40.49287" lon="-7.35927">
        <ele>980</ele>
        <time>2026-08-16T15:22:30.000Z</time>
      </trkpt>
      <trkpt lat="40.49326" lon="-7.3588">
        <ele>977</ele>
        <time>2026-08-16T15:22:34.000Z</time>
      </trkpt>
      <trkpt lat="40.49359" lon="-7.35843">
        <ele>975</ele>
        <time>2026-08-16T15:22:38.000Z</time>
      </trkpt>
      <trkpt lat="40.49394" lon="-7.35842">
        <ele>975</ele>
        <time>2026-08-16T15:22:42.000Z</time>
      </trkpt>
      <trkpt lat="40.49439" lon="-7.35853">
        <ele>975</ele>
        <time>2026-08-16T15:22:46.000Z</time>
      </trkpt>
      <trkpt lat="40.49488" lon="-7.35848">
        <ele>974</ele>
        <time>2026-08-16T15:22:50.000Z</time>
      </trkpt>
      <trkpt lat="40.49529" lon="-7.35794">
        <ele>973</ele>
        <time>2026-08-16T15:22:54.000Z</time>
      </trkpt>
      <trkpt lat="40.49555" lon="-7.35727">
        <ele>975</ele>
        <time>2026-08-16T15:22:58.000Z</time>
      </trkpt>
      <trkpt lat="40.4958" lon="-7.35664">
        <ele>975</ele>
        <time>2026-08-16T15:23:02.000Z</time>
      </trkpt>
      <trkpt lat="40.49621" lon="-7.35619">
        <ele>976</ele>
        <time>2026-08-16T15:23:06.000Z</time>
      </trkpt>
      <trkpt lat="40.49675" lon="-7.35577">
        <ele>976</ele>
        <time>2026-08-16T15:23:10.000Z</time>
      </trkpt>
      <trkpt lat="40.49737" lon="-7.3556">
        <ele>972</ele>
        <time>2026-08-16T15:23:14.000Z</time>
      </trkpt>
      <trkpt lat="40.49776" lon="-7.35539">
        <ele>970</ele>
        <time>2026-08-16T15:23:18.000Z</time>
      </trkpt>
      <trkpt lat="40.49789" lon="-7.35493">
        <ele>969</ele>
        <time>2026-08-16T15:23:22.000Z</time>
      </trkpt>
      <trkpt lat="40.49801" lon="-7.35446">
        <ele>967</ele>
        <time>2026-08-16T15:23:26.000Z</time>
      </trkpt>
      <trkpt lat="40.498" lon="-7.35404">
        <ele>966</ele>
        <time>2026-08-16T15:23:30.000Z</time>
      </trkpt>
      <trkpt lat="40.49776" lon="-7.35376">
        <ele>965</ele>
        <time>2026-08-16T15:23:34.000Z</time>
      </trkpt>
      <trkpt lat="40.49743" lon="-7.35338">
        <ele>963</ele>
        <time>2026-08-16T15:23:38.000Z</time>
      </trkpt>
      <trkpt lat="40.49703" lon="-7.35294">
        <ele>962</ele>
        <time>2026-08-16T15:23:42.000Z</time>
      </trkpt>
      <trkpt lat="40.49667" lon="-7.3524">
        <ele>959</ele>
        <time>2026-08-16T15:23:46.000Z</time>
      </trkpt>
      <trkpt lat="40.49636" lon="-7.35182">
        <ele>958</ele>
        <time>2026-08-16T15:23:50.000Z</time>
      </trkpt>
      <trkpt lat="40.49619" lon="-7.35132">
        <ele>958</ele>
        <time>2026-08-16T15:23:54.000Z</time>
      </trkpt>
      <trkpt lat="40.49635" lon="-7.35081">
        <ele>957</ele>
        <time>2026-08-16T15:23:58.000Z</time>
      </trkpt>
      <trkpt lat="40.49659" lon="-7.35021">
        <ele>956</ele>
        <time>2026-08-16T15:24:02.000Z</time>
      </trkpt>
      <trkpt lat="40.49697" lon="-7.34963">
        <ele>954</ele>
        <time>2026-08-16T15:24:06.000Z</time>
      </trkpt>
      <trkpt lat="40.49737" lon="-7.34904">
        <ele>951</ele>
        <time>2026-08-16T15:24:10.000Z</time>
      </trkpt>
      <trkpt lat="40.4978" lon="-7.34851">
        <ele>949</ele>
        <time>2026-08-16T15:24:14.000Z</time>
      </trkpt>
      <trkpt lat="40.49813" lon="-7.34798">
        <ele>946</ele>
        <time>2026-08-16T15:24:18.000Z</time>
      </trkpt>
      <trkpt lat="40.49841" lon="-7.34756">
        <ele>944</ele>
        <time>2026-08-16T15:24:22.000Z</time>
      </trkpt>
      <trkpt lat="40.49884" lon="-7.34727">
        <ele>941</ele>
        <time>2026-08-16T15:24:26.000Z</time>
      </trkpt>
      <trkpt lat="40.49928" lon="-7.34698">
        <ele>940</ele>
        <time>2026-08-16T15:24:30.000Z</time>
      </trkpt>
      <trkpt lat="40.49972" lon="-7.34665">
        <ele>939</ele>
        <time>2026-08-16T15:24:34.000Z</time>
      </trkpt>
      <trkpt lat="40.50024" lon="-7.34662">
        <ele>937</ele>
        <time>2026-08-16T15:24:38.000Z</time>
      </trkpt>
      <trkpt lat="40.50067" lon="-7.34679">
        <ele>935</ele>
        <time>2026-08-16T15:24:42.000Z</time>
      </trkpt>
      <trkpt lat="40.50095" lon="-7.34663">
        <ele>934</ele>
        <time>2026-08-16T15:24:46.000Z</time>
      </trkpt>
      <trkpt lat="40.50103" lon="-7.34617">
        <ele>932</ele>
        <time>2026-08-16T15:24:50.000Z</time>
      </trkpt>
      <trkpt lat="40.50128" lon="-7.34576">
        <ele>931</ele>
        <time>2026-08-16T15:24:54.000Z</time>
      </trkpt>
      <trkpt lat="40.50168" lon="-7.34553">
        <ele>928</ele>
        <time>2026-08-16T15:24:58.000Z</time>
      </trkpt>
      <trkpt lat="40.5021" lon="-7.34534">
        <ele>925</ele>
        <time>2026-08-16T15:25:02.000Z</time>
      </trkpt>
      <trkpt lat="40.50244" lon="-7.34504">
        <ele>922</ele>
        <time>2026-08-16T15:25:06.000Z</time>
      </trkpt>
      <trkpt lat="40.5028" lon="-7.34491">
        <ele>919</ele>
        <time>2026-08-16T15:25:10.000Z</time>
      </trkpt>
      <trkpt lat="40.503" lon="-7.34457">
        <ele>916</ele>
        <time>2026-08-16T15:25:14.000Z</time>
      </trkpt>
      <trkpt lat="40.5032" lon="-7.34413">
        <ele>913</ele>
        <time>2026-08-16T15:25:18.000Z</time>
      </trkpt>
      <trkpt lat="40.50351" lon="-7.34369">
        <ele>909</ele>
        <time>2026-08-16T15:25:22.000Z</time>
      </trkpt>
      <trkpt lat="40.50379" lon="-7.3434">
        <ele>905</ele>
        <time>2026-08-16T15:25:26.000Z</time>
      </trkpt>
      <trkpt lat="40.50422" lon="-7.34335">
        <ele>902</ele>
        <time>2026-08-16T15:25:30.000Z</time>
      </trkpt>
      <trkpt lat="40.50471" lon="-7.3432">
        <ele>898</ele>
        <time>2026-08-16T15:25:34.000Z</time>
      </trkpt>
      <trkpt lat="40.50516" lon="-7.34302">
        <ele>894</ele>
        <time>2026-08-16T15:25:38.000Z</time>
      </trkpt>
      <trkpt lat="40.50534" lon="-7.34267">
        <ele>891</ele>
        <time>2026-08-16T15:25:42.000Z</time>
      </trkpt>
      <trkpt lat="40.50523" lon="-7.34219">
        <ele>887</ele>
        <time>2026-08-16T15:25:46.000Z</time>
      </trkpt>
      <trkpt lat="40.50514" lon="-7.34171">
        <ele>884</ele>
        <time>2026-08-16T15:25:50.000Z</time>
      </trkpt>
      <trkpt lat="40.5053" lon="-7.34123">
        <ele>881</ele>
        <time>2026-08-16T15:25:54.000Z</time>
      </trkpt>
      <trkpt lat="40.50569" lon="-7.34097">
        <ele>879</ele>
        <time>2026-08-16T15:25:58.000Z</time>
      </trkpt>
      <trkpt lat="40.50614" lon="-7.34086">
        <ele>876</ele>
        <time>2026-08-16T15:26:02.000Z</time>
      </trkpt>
      <trkpt lat="40.50655" lon="-7.34064">
        <ele>873</ele>
        <time>2026-08-16T15:26:06.000Z</time>
      </trkpt>
      <trkpt lat="40.50686" lon="-7.34019">
        <ele>870</ele>
        <time>2026-08-16T15:26:10.000Z</time>
      </trkpt>
      <trkpt lat="40.50717" lon="-7.33982">
        <ele>868</ele>
        <time>2026-08-16T15:26:14.000Z</time>
      </trkpt>
      <trkpt lat="40.50757" lon="-7.33962">
        <ele>866</ele>
        <time>2026-08-16T15:26:18.000Z</time>
      </trkpt>
      <trkpt lat="40.508" lon="-7.33939">
        <ele>866</ele>
        <time>2026-08-16T15:26:22.000Z</time>
      </trkpt>
      <trkpt lat="40.50834" lon="-7.3392">
        <ele>863</ele>
        <time>2026-08-16T15:26:26.000Z</time>
      </trkpt>
      <trkpt lat="40.5085" lon="-7.33943">
        <ele>862</ele>
        <time>2026-08-16T15:26:30.000Z</time>
      </trkpt>
      <trkpt lat="40.50878" lon="-7.33962">
        <ele>860</ele>
        <time>2026-08-16T15:26:34.000Z</time>
      </trkpt>
      <trkpt lat="40.50908" lon="-7.33937">
        <ele>858</ele>
        <time>2026-08-16T15:26:38.000Z</time>
      </trkpt>
      <trkpt lat="40.50948" lon="-7.33916">
        <ele>857</ele>
        <time>2026-08-16T15:26:42.000Z</time>
      </trkpt>
      <trkpt lat="40.50993" lon="-7.33908">
        <ele>853</ele>
        <time>2026-08-16T15:26:46.000Z</time>
      </trkpt>
      <trkpt lat="40.5103" lon="-7.33884">
        <ele>850</ele>
        <time>2026-08-16T15:26:50.000Z</time>
      </trkpt>
      <trkpt lat="40.51058" lon="-7.33845">
        <ele>848</ele>
        <time>2026-08-16T15:26:54.000Z</time>
      </trkpt>
      <trkpt lat="40.51101" lon="-7.33819">
        <ele>846</ele>
        <time>2026-08-16T15:26:58.000Z</time>
      </trkpt>
      <trkpt lat="40.51149" lon="-7.33805">
        <ele>843</ele>
        <time>2026-08-16T15:27:02.000Z</time>
      </trkpt>
      <trkpt lat="40.51185" lon="-7.33766">
        <ele>840</ele>
        <time>2026-08-16T15:27:06.000Z</time>
      </trkpt>
      <trkpt lat="40.51226" lon="-7.33734">
        <ele>837</ele>
        <time>2026-08-16T15:27:10.000Z</time>
      </trkpt>
      <trkpt lat="40.51272" lon="-7.33706">
        <ele>834</ele>
        <time>2026-08-16T15:27:14.000Z</time>
      </trkpt>
      <trkpt lat="40.51314" lon="-7.33658">
        <ele>831</ele>
        <time>2026-08-16T15:27:18.000Z</time>
      </trkpt>
      <trkpt lat="40.51356" lon="-7.33626">
        <ele>829</ele>
        <time>2026-08-16T15:27:22.000Z</time>
      </trkpt>
      <trkpt lat="40.51407" lon="-7.33625">
        <ele>826</ele>
        <time>2026-08-16T15:27:26.000Z</time>
      </trkpt>
      <trkpt lat="40.51462" lon="-7.33601">
        <ele>823</ele>
        <time>2026-08-16T15:27:30.000Z</time>
      </trkpt>
      <trkpt lat="40.51512" lon="-7.33564">
        <ele>820</ele>
        <time>2026-08-16T15:27:34.000Z</time>
      </trkpt>
      <trkpt lat="40.51558" lon="-7.33529">
        <ele>818</ele>
        <time>2026-08-16T15:27:38.000Z</time>
      </trkpt>
      <trkpt lat="40.51603" lon="-7.33516">
        <ele>815</ele>
        <time>2026-08-16T15:27:42.000Z</time>
      </trkpt>
      <trkpt lat="40.51635" lon="-7.33504">
        <ele>813</ele>
        <time>2026-08-16T15:27:46.000Z</time>
      </trkpt>
      <trkpt lat="40.51651" lon="-7.33462">
        <ele>811</ele>
        <time>2026-08-16T15:27:50.000Z</time>
      </trkpt>
      <trkpt lat="40.51682" lon="-7.33427">
        <ele>808</ele>
        <time>2026-08-16T15:27:54.000Z</time>
      </trkpt>
      <trkpt lat="40.51723" lon="-7.33401">
        <ele>805</ele>
        <time>2026-08-16T15:27:58.000Z</time>
      </trkpt>
      <trkpt lat="40.51767" lon="-7.33372">
        <ele>802</ele>
        <time>2026-08-16T15:28:02.000Z</time>
      </trkpt>
      <trkpt lat="40.51811" lon="-7.33336">
        <ele>798</ele>
        <time>2026-08-16T15:28:06.000Z</time>
      </trkpt>
      <trkpt lat="40.51855" lon="-7.33307">
        <ele>796</ele>
        <time>2026-08-16T15:28:10.000Z</time>
      </trkpt>
      <trkpt lat="40.51898" lon="-7.33295">
        <ele>795</ele>
        <time>2026-08-16T15:28:14.000Z</time>
      </trkpt>
      <trkpt lat="40.51931" lon="-7.33315">
        <ele>793</ele>
        <time>2026-08-16T15:28:18.000Z</time>
      </trkpt>
      <trkpt lat="40.51963" lon="-7.3331">
        <ele>793</ele>
        <time>2026-08-16T15:28:22.000Z</time>
      </trkpt>
      <trkpt lat="40.51997" lon="-7.33275">
        <ele>794</ele>
        <time>2026-08-16T15:28:26.000Z</time>
      </trkpt>
      <trkpt lat="40.52045" lon="-7.33254">
        <ele>797</ele>
        <time>2026-08-16T15:28:30.000Z</time>
      </trkpt>
      <trkpt lat="40.52099" lon="-7.33257">
        <ele>802</ele>
        <time>2026-08-16T15:28:34.000Z</time>
      </trkpt>
      <trkpt lat="40.52148" lon="-7.33278">
        <ele>803</ele>
        <time>2026-08-16T15:28:38.000Z</time>
      </trkpt>
      <trkpt lat="40.52195" lon="-7.33249">
        <ele>803</ele>
        <time>2026-08-16T15:28:42.000Z</time>
      </trkpt>
      <trkpt lat="40.52243" lon="-7.3322">
        <ele>805</ele>
        <time>2026-08-16T15:28:46.000Z</time>
      </trkpt>
      <trkpt lat="40.5229" lon="-7.3322">
        <ele>804</ele>
        <time>2026-08-16T15:28:50.000Z</time>
      </trkpt>
      <trkpt lat="40.5234" lon="-7.33241">
        <ele>803</ele>
        <time>2026-08-16T15:28:54.000Z</time>
      </trkpt>
      <trkpt lat="40.52398" lon="-7.33236">
        <ele>804</ele>
        <time>2026-08-16T15:28:58.000Z</time>
      </trkpt>
      <trkpt lat="40.52454" lon="-7.33224">
        <ele>803</ele>
        <time>2026-08-16T15:29:02.000Z</time>
      </trkpt>
      <trkpt lat="40.525" lon="-7.33179">
        <ele>801</ele>
        <time>2026-08-16T15:29:06.000Z</time>
      </trkpt>
      <trkpt lat="40.52548" lon="-7.33134">
        <ele>798</ele>
        <time>2026-08-16T15:29:10.000Z</time>
      </trkpt>
      <trkpt lat="40.52599" lon="-7.33102">
        <ele>795</ele>
        <time>2026-08-16T15:29:14.000Z</time>
      </trkpt>
      <trkpt lat="40.52648" lon="-7.33058">
        <ele>791</ele>
        <time>2026-08-16T15:29:18.000Z</time>
      </trkpt>
      <trkpt lat="40.52686" lon="-7.33015">
        <ele>788</ele>
        <time>2026-08-16T15:29:22.000Z</time>
      </trkpt>
      <trkpt lat="40.52721" lon="-7.33001">
        <ele>787</ele>
        <time>2026-08-16T15:29:26.000Z</time>
      </trkpt>
      <trkpt lat="40.52764" lon="-7.33006">
        <ele>782</ele>
        <time>2026-08-16T15:29:30.000Z</time>
      </trkpt>
      <trkpt lat="40.52789" lon="-7.32971">
        <ele>779</ele>
        <time>2026-08-16T15:29:34.000Z</time>
      </trkpt>
      <trkpt lat="40.52814" lon="-7.32938">
        <ele>776</ele>
        <time>2026-08-16T15:29:38.000Z</time>
      </trkpt>
      <trkpt lat="40.52856" lon="-7.32932">
        <ele>773</ele>
        <time>2026-08-16T15:29:42.000Z</time>
      </trkpt>
      <trkpt lat="40.52901" lon="-7.32924">
        <ele>769</ele>
        <time>2026-08-16T15:29:46.000Z</time>
      </trkpt>
      <trkpt lat="40.52946" lon="-7.32928">
        <ele>766</ele>
        <time>2026-08-16T15:29:50.000Z</time>
      </trkpt>
      <trkpt lat="40.52986" lon="-7.32966">
        <ele>763</ele>
        <time>2026-08-16T15:29:54.000Z</time>
      </trkpt>
      <trkpt lat="40.53019" lon="-7.33006">
        <ele>760</ele>
        <time>2026-08-16T15:29:58.000Z</time>
      </trkpt>
      <trkpt lat="40.53059" lon="-7.33021">
        <ele>758</ele>
        <time>2026-08-16T15:30:02.000Z</time>
      </trkpt>
      <trkpt lat="40.53098" lon="-7.33019">
        <ele>759</ele>
        <time>2026-08-16T15:30:06.000Z</time>
      </trkpt>
      <trkpt lat="40.53128" lon="-7.33005">
        <ele>759</ele>
        <time>2026-08-16T15:30:10.000Z</time>
      </trkpt>
      <trkpt lat="40.53152" lon="-7.32975">
        <ele>758</ele>
        <time>2026-08-16T15:30:14.000Z</time>
      </trkpt>
      <trkpt lat="40.53184" lon="-7.32967">
        <ele>760</ele>
        <time>2026-08-16T15:30:18.000Z</time>
      </trkpt>
      <trkpt lat="40.53217" lon="-7.32983">
        <ele>763</ele>
        <time>2026-08-16T15:30:22.000Z</time>
      </trkpt>
      <trkpt lat="40.53243" lon="-7.3297">
        <ele>765</ele>
        <time>2026-08-16T15:30:26.000Z</time>
      </trkpt>
      <trkpt lat="40.53264" lon="-7.32944">
        <ele>767</ele>
        <time>2026-08-16T15:30:30.000Z</time>
      </trkpt>
      <trkpt lat="40.53278" lon="-7.32927">
        <ele>771</ele>
        <time>2026-08-16T15:30:34.000Z</time>
      </trkpt>
      <trkpt lat="40.53273" lon="-7.32912">
        <ele>772</ele>
        <time>2026-08-16T15:30:45.000Z</time>
      </trkpt>
      <trkpt lat="40.53249" lon="-7.329">
        <ele>773</ele>
        <time>2026-08-16T15:30:49.000Z</time>
      </trkpt>
      <trkpt lat="40.53228" lon="-7.32871">
        <ele>773</ele>
        <time>2026-08-16T15:30:53.000Z</time>
      </trkpt>
      <trkpt lat="40.5322" lon="-7.32831">
        <ele>775</ele>
        <time>2026-08-16T15:30:57.000Z</time>
      </trkpt>
      <trkpt lat="40.53243" lon="-7.32804">
        <ele>776</ele>
        <time>2026-08-16T15:31:01.000Z</time>
      </trkpt>
      <trkpt lat="40.53283" lon="-7.32797">
        <ele>779</ele>
        <time>2026-08-16T15:31:05.000Z</time>
      </trkpt>
      <trkpt lat="40.53328" lon="-7.32782">
        <ele>781</ele>
        <time>2026-08-16T15:31:09.000Z</time>
      </trkpt>
      <trkpt lat="40.53371" lon="-7.32764">
        <ele>785</ele>
        <time>2026-08-16T15:31:13.000Z</time>
      </trkpt>
      <trkpt lat="40.53417" lon="-7.32745">
        <ele>788</ele>
        <time>2026-08-16T15:31:17.000Z</time>
      </trkpt>
      <trkpt lat="40.53466" lon="-7.32723">
        <ele>791</ele>
        <time>2026-08-16T15:31:21.000Z</time>
      </trkpt>
      <trkpt lat="40.53516" lon="-7.32701">
        <ele>794</ele>
        <time>2026-08-16T15:31:25.000Z</time>
      </trkpt>
      <trkpt lat="40.53568" lon="-7.32679">
        <ele>798</ele>
        <time>2026-08-16T15:31:29.000Z</time>
      </trkpt>
      <trkpt lat="40.53621" lon="-7.32667">
        <ele>801</ele>
        <time>2026-08-16T15:31:33.000Z</time>
      </trkpt>
      <trkpt lat="40.53673" lon="-7.3265">
        <ele>805</ele>
        <time>2026-08-16T15:31:37.000Z</time>
      </trkpt>
      <trkpt lat="40.53724" lon="-7.32631">
        <ele>811</ele>
        <time>2026-08-16T15:31:41.000Z</time>
      </trkpt>
      <trkpt lat="40.53778" lon="-7.32602">
        <ele>814</ele>
        <time>2026-08-16T15:31:45.000Z</time>
      </trkpt>
      <trkpt lat="40.53833" lon="-7.32564">
        <ele>818</ele>
        <time>2026-08-16T15:31:49.000Z</time>
      </trkpt>
      <trkpt lat="40.53888" lon="-7.32535">
        <ele>823</ele>
        <time>2026-08-16T15:31:53.000Z</time>
      </trkpt>
      <trkpt lat="40.53932" lon="-7.32498">
        <ele>827</ele>
        <time>2026-08-16T15:31:57.000Z</time>
      </trkpt>
      <trkpt lat="40.53973" lon="-7.32462">
        <ele>831</ele>
        <time>2026-08-16T15:32:01.000Z</time>
      </trkpt>
      <trkpt lat="40.54025" lon="-7.32448">
        <ele>833</ele>
        <time>2026-08-16T15:32:05.000Z</time>
      </trkpt>
      <trkpt lat="40.54073" lon="-7.3244">
        <ele>837</ele>
        <time>2026-08-16T15:32:09.000Z</time>
      </trkpt>
      <trkpt lat="40.54115" lon="-7.32456">
        <ele>841</ele>
        <time>2026-08-16T15:32:13.000Z</time>
      </trkpt>
      <trkpt lat="40.54147" lon="-7.32469">
        <ele>843</ele>
        <time>2026-08-16T15:32:17.000Z</time>
      </trkpt>
      <trkpt lat="40.54167" lon="-7.32478">
        <ele>844</ele>
        <time>2026-08-16T15:32:21.000Z</time>
      </trkpt>
      <trkpt lat="40.54168" lon="-7.32492">
        <ele>844</ele>
        <time>2026-08-16T15:32:25.000Z</time>
      </trkpt>
      <trkpt lat="40.54167" lon="-7.32529">
        <ele>843</ele>
        <time>2026-08-16T15:32:29.000Z</time>
      </trkpt>
      <trkpt lat="40.54197" lon="-7.32563">
        <ele>839</ele>
        <time>2026-08-16T15:32:33.000Z</time>
      </trkpt>
      <trkpt lat="40.54241" lon="-7.32566">
        <ele>835</ele>
        <time>2026-08-16T15:32:37.000Z</time>
      </trkpt>
      <trkpt lat="40.54286" lon="-7.3254">
        <ele>833</ele>
        <time>2026-08-16T15:32:41.000Z</time>
      </trkpt>
      <trkpt lat="40.54334" lon="-7.32496">
        <ele>831</ele>
        <time>2026-08-16T15:32:45.000Z</time>
      </trkpt>
      <trkpt lat="40.54383" lon="-7.32451">
        <ele>828</ele>
        <time>2026-08-16T15:32:49.000Z</time>
      </trkpt>
      <trkpt lat="40.54437" lon="-7.32405">
        <ele>825</ele>
        <time>2026-08-16T15:32:53.000Z</time>
      </trkpt>
      <trkpt lat="40.54493" lon="-7.32375">
        <ele>824</ele>
        <time>2026-08-16T15:32:57.000Z</time>
      </trkpt>
      <trkpt lat="40.54545" lon="-7.32347">
        <ele>822</ele>
        <time>2026-08-16T15:33:01.000Z</time>
      </trkpt>
      <trkpt lat="40.5459" lon="-7.32312">
        <ele>819</ele>
        <time>2026-08-16T15:33:05.000Z</time>
      </trkpt>
      <trkpt lat="40.54636" lon="-7.32317">
        <ele>817</ele>
        <time>2026-08-16T15:33:09.000Z</time>
      </trkpt>
      <trkpt lat="40.54683" lon="-7.32301">
        <ele>813</ele>
        <time>2026-08-16T15:33:13.000Z</time>
      </trkpt>
      <trkpt lat="40.5473" lon="-7.3226">
        <ele>811</ele>
        <time>2026-08-16T15:33:17.000Z</time>
      </trkpt>
      <trkpt lat="40.54779" lon="-7.32206">
        <ele>809</ele>
        <time>2026-08-16T15:33:21.000Z</time>
      </trkpt>
      <trkpt lat="40.54826" lon="-7.32151">
        <ele>806</ele>
        <time>2026-08-16T15:33:25.000Z</time>
      </trkpt>
      <trkpt lat="40.54879" lon="-7.32102">
        <ele>803</ele>
        <time>2026-08-16T15:33:29.000Z</time>
      </trkpt>
      <trkpt lat="40.54927" lon="-7.32059">
        <ele>800</ele>
        <time>2026-08-16T15:33:33.000Z</time>
      </trkpt>
      <trkpt lat="40.54953" lon="-7.32002">
        <ele>799</ele>
        <time>2026-08-16T15:33:37.000Z</time>
      </trkpt>
      <trkpt lat="40.54953" lon="-7.31939">
        <ele>799</ele>
        <time>2026-08-16T15:33:41.000Z</time>
      </trkpt>
      <trkpt lat="40.54965" lon="-7.31869">
        <ele>798</ele>
        <time>2026-08-16T15:33:45.000Z</time>
      </trkpt>
      <trkpt lat="40.54989" lon="-7.31806">
        <ele>794</ele>
        <time>2026-08-16T15:33:49.000Z</time>
      </trkpt>
      <trkpt lat="40.54991" lon="-7.31746">
        <ele>792</ele>
        <time>2026-08-16T15:33:53.000Z</time>
      </trkpt>
      <trkpt lat="40.54991" lon="-7.31691">
        <ele>789</ele>
        <time>2026-08-16T15:33:57.000Z</time>
      </trkpt>
      <trkpt lat="40.55017" lon="-7.31638">
        <ele>785</ele>
        <time>2026-08-16T15:34:01.000Z</time>
      </trkpt>
      <trkpt lat="40.55025" lon="-7.31581">
        <ele>784</ele>
        <time>2026-08-16T15:34:05.000Z</time>
      </trkpt>
      <trkpt lat="40.54994" lon="-7.31554">
        <ele>782</ele>
        <time>2026-08-16T15:34:09.000Z</time>
      </trkpt>
      <trkpt lat="40.54945" lon="-7.31541">
        <ele>780</ele>
        <time>2026-08-16T15:34:13.000Z</time>
      </trkpt>
      <trkpt lat="40.54899" lon="-7.31513">
        <ele>781</ele>
        <time>2026-08-16T15:34:17.000Z</time>
      </trkpt>
      <trkpt lat="40.54869" lon="-7.31471">
        <ele>779</ele>
        <time>2026-08-16T15:34:21.000Z</time>
      </trkpt>
      <trkpt lat="40.54875" lon="-7.31423">
        <ele>779</ele>
        <time>2026-08-16T15:34:25.000Z</time>
      </trkpt>
      <trkpt lat="40.54906" lon="-7.31381">
        <ele>776</ele>
        <time>2026-08-16T15:34:29.000Z</time>
      </trkpt>
      <trkpt lat="40.54943" lon="-7.31351">
        <ele>772</ele>
        <time>2026-08-16T15:34:33.000Z</time>
      </trkpt>
      <trkpt lat="40.54984" lon="-7.31333">
        <ele>767</ele>
        <time>2026-08-16T15:34:37.000Z</time>
      </trkpt>
      <trkpt lat="40.55018" lon="-7.31306">
        <ele>763</ele>
        <time>2026-08-16T15:34:41.000Z</time>
      </trkpt>
      <trkpt lat="40.55034" lon="-7.31261">
        <ele>762</ele>
        <time>2026-08-16T15:34:45.000Z</time>
      </trkpt>
      <trkpt lat="40.55037" lon="-7.31231">
        <ele>762</ele>
        <time>2026-08-16T15:34:49.000Z</time>
      </trkpt>
      <trkpt lat="40.55039" lon="-7.3122">
        <ele>760</ele>
        <time>2026-08-16T15:35:07.000Z</time>
      </trkpt>
      <trkpt lat="40.5504" lon="-7.31207">
        <ele>760</ele>
        <time>2026-08-16T15:36:39.000Z</time>
      </trkpt>
      <trkpt lat="40.55043" lon="-7.31195">
        <ele>760</ele>
        <time>2026-08-16T15:36:43.000Z</time>
      </trkpt>
      <trkpt lat="40.55043" lon="-7.31212">
        <ele>760</ele>
        <time>2026-08-16T15:37:01.000Z</time>
      </trkpt>
      <trkpt lat="40.55038" lon="-7.3125">
        <ele>760</ele>
        <time>2026-08-16T15:37:05.000Z</time>
      </trkpt>
      <trkpt lat="40.55027" lon="-7.31295">
        <ele>761</ele>
        <time>2026-08-16T15:37:09.000Z</time>
      </trkpt>
      <trkpt lat="40.54992" lon="-7.31329">
        <ele>762</ele>
        <time>2026-08-16T15:37:13.000Z</time>
      </trkpt>
      <trkpt lat="40.54948" lon="-7.31349">
        <ele>764</ele>
        <time>2026-08-16T15:37:17.000Z</time>
      </trkpt>
      <trkpt lat="40.5491" lon="-7.31377">
        <ele>768</ele>
        <time>2026-08-16T15:37:21.000Z</time>
      </trkpt>
      <trkpt lat="40.54885" lon="-7.31407">
        <ele>772</ele>
        <time>2026-08-16T15:37:25.000Z</time>
      </trkpt>
      <trkpt lat="40.54872" lon="-7.31431">
        <ele>775</ele>
        <time>2026-08-16T15:37:29.000Z</time>
      </trkpt>
      <trkpt lat="40.54867" lon="-7.31448">
        <ele>779</ele>
        <time>2026-08-16T15:37:33.000Z</time>
      </trkpt>
      <trkpt lat="40.54867" lon="-7.31459">
        <ele>781</ele>
        <time>2026-08-16T15:37:37.000Z</time>
      </trkpt>
      <trkpt lat="40.54868" lon="-7.31447">
        <ele>779</ele>
        <time>2026-08-16T15:38:13.000Z</time>
      </trkpt>
      <trkpt lat="40.54872" lon="-7.31431">
        <ele>786</ele>
        <time>2026-08-16T15:59:16.000Z</time>
      </trkpt>
      <trkpt lat="40.54892" lon="-7.31399">
        <ele>784</ele>
        <time>2026-08-16T15:59:20.000Z</time>
      </trkpt>
      <trkpt lat="40.54909" lon="-7.31379">
        <ele>782</ele>
        <time>2026-08-16T15:59:24.000Z</time>
      </trkpt>
      <trkpt lat="40.54922" lon="-7.31363">
        <ele>778</ele>
        <time>2026-08-16T15:59:28.000Z</time>
      </trkpt>
      <trkpt lat="40.54952" lon="-7.31347">
        <ele>776</ele>
        <time>2026-08-16T15:59:32.000Z</time>
      </trkpt>
      <trkpt lat="40.5499" lon="-7.31331">
        <ele>773</ele>
        <time>2026-08-16T15:59:36.000Z</time>
      </trkpt>
      <trkpt lat="40.55023" lon="-7.31298">
        <ele>767</ele>
        <time>2026-08-16T15:59:40.000Z</time>
      </trkpt>
      <trkpt lat="40.55035" lon="-7.31249">
        <ele>762</ele>
        <time>2026-08-16T15:59:44.000Z</time>
      </trkpt>
      <trkpt lat="40.55041" lon="-7.31205">
        <ele>759</ele>
        <time>2026-08-16T15:59:48.000Z</time>
      </trkpt>
      <trkpt lat="40.55057" lon="-7.31172">
        <ele>757</ele>
        <time>2026-08-16T15:59:52.000Z</time>
      </trkpt>
      <trkpt lat="40.55094" lon="-7.31165">
        <ele>756</ele>
        <time>2026-08-16T15:59:56.000Z</time>
      </trkpt>
      <trkpt lat="40.5514" lon="-7.31156">
        <ele>755</ele>
        <time>2026-08-16T16:00:00.000Z</time>
      </trkpt>
      <trkpt lat="40.55172" lon="-7.31112">
        <ele>752</ele>
        <time>2026-08-16T16:00:04.000Z</time>
      </trkpt>
      <trkpt lat="40.55189" lon="-7.31047">
        <ele>749</ele>
        <time>2026-08-16T16:00:08.000Z</time>
      </trkpt>
      <trkpt lat="40.55208" lon="-7.30977">
        <ele>746</ele>
        <time>2026-08-16T16:00:12.000Z</time>
      </trkpt>
      <trkpt lat="40.55237" lon="-7.30915">
        <ele>743</ele>
        <time>2026-08-16T16:00:16.000Z</time>
      </trkpt>
      <trkpt lat="40.55273" lon="-7.30858">
        <ele>742</ele>
        <time>2026-08-16T16:00:20.000Z</time>
      </trkpt>
      <trkpt lat="40.55293" lon="-7.30789">
        <ele>740</ele>
        <time>2026-08-16T16:00:24.000Z</time>
      </trkpt>
      <trkpt lat="40.5532" lon="-7.30733">
        <ele>737</ele>
        <time>2026-08-16T16:00:28.000Z</time>
      </trkpt>
      <trkpt lat="40.55374" lon="-7.30701">
        <ele>737</ele>
        <time>2026-08-16T16:00:32.000Z</time>
      </trkpt>
      <trkpt lat="40.5543" lon="-7.30673">
        <ele>735</ele>
        <time>2026-08-16T16:00:36.000Z</time>
      </trkpt>
      <trkpt lat="40.55481" lon="-7.30674">
        <ele>734</ele>
        <time>2026-08-16T16:00:40.000Z</time>
      </trkpt>
      <trkpt lat="40.55526" lon="-7.30659">
        <ele>732</ele>
        <time>2026-08-16T16:00:44.000Z</time>
      </trkpt>
      <trkpt lat="40.55569" lon="-7.3062">
        <ele>730</ele>
        <time>2026-08-16T16:00:48.000Z</time>
      </trkpt>
      <trkpt lat="40.55612" lon="-7.30579">
        <ele>729</ele>
        <time>2026-08-16T16:00:52.000Z</time>
      </trkpt>
      <trkpt lat="40.5565" lon="-7.30532">
        <ele>727</ele>
        <time>2026-08-16T16:00:56.000Z</time>
      </trkpt>
      <trkpt lat="40.55678" lon="-7.30469">
        <ele>725</ele>
        <time>2026-08-16T16:01:00.000Z</time>
      </trkpt>
      <trkpt lat="40.55717" lon="-7.30414">
        <ele>725</ele>
        <time>2026-08-16T16:01:04.000Z</time>
      </trkpt>
      <trkpt lat="40.55756" lon="-7.30358">
        <ele>723</ele>
        <time>2026-08-16T16:01:08.000Z</time>
      </trkpt>
      <trkpt lat="40.55793" lon="-7.30301">
        <ele>721</ele>
        <time>2026-08-16T16:01:12.000Z</time>
      </trkpt>
      <trkpt lat="40.55825" lon="-7.30233">
        <ele>718</ele>
        <time>2026-08-16T16:01:16.000Z</time>
      </trkpt>
      <trkpt lat="40.55854" lon="-7.30169">
        <ele>715</ele>
        <time>2026-08-16T16:01:20.000Z</time>
      </trkpt>
      <trkpt lat="40.5587" lon="-7.30106">
        <ele>713</ele>
        <time>2026-08-16T16:01:24.000Z</time>
      </trkpt>
      <trkpt lat="40.55876" lon="-7.30049">
        <ele>711</ele>
        <time>2026-08-16T16:01:28.000Z</time>
      </trkpt>
      <trkpt lat="40.55899" lon="-7.30022">
        <ele>709</ele>
        <time>2026-08-16T16:01:32.000Z</time>
      </trkpt>
      <trkpt lat="40.5593" lon="-7.30039">
        <ele>709</ele>
        <time>2026-08-16T16:01:36.000Z</time>
      </trkpt>
      <trkpt lat="40.55959" lon="-7.30077">
        <ele>707</ele>
        <time>2026-08-16T16:01:40.000Z</time>
      </trkpt>
      <trkpt lat="40.5599" lon="-7.30108">
        <ele>705</ele>
        <time>2026-08-16T16:01:44.000Z</time>
      </trkpt>
      <trkpt lat="40.56029" lon="-7.30101">
        <ele>705</ele>
        <time>2026-08-16T16:01:48.000Z</time>
      </trkpt>
      <trkpt lat="40.56068" lon="-7.30074">
        <ele>702</ele>
        <time>2026-08-16T16:01:52.000Z</time>
      </trkpt>
      <trkpt lat="40.56114" lon="-7.30048">
        <ele>699</ele>
        <time>2026-08-16T16:01:56.000Z</time>
      </trkpt>
      <trkpt lat="40.56163" lon="-7.30035">
        <ele>697</ele>
        <time>2026-08-16T16:02:00.000Z</time>
      </trkpt>
      <trkpt lat="40.56215" lon="-7.30025">
        <ele>695</ele>
        <time>2026-08-16T16:02:04.000Z</time>
      </trkpt>
      <trkpt lat="40.56264" lon="-7.29999">
        <ele>693</ele>
        <time>2026-08-16T16:02:08.000Z</time>
      </trkpt>
      <trkpt lat="40.56309" lon="-7.29958">
        <ele>692</ele>
        <time>2026-08-16T16:02:12.000Z</time>
      </trkpt>
      <trkpt lat="40.56351" lon="-7.29912">
        <ele>690</ele>
        <time>2026-08-16T16:02:16.000Z</time>
      </trkpt>
      <trkpt lat="40.56394" lon="-7.29873">
        <ele>687</ele>
        <time>2026-08-16T16:02:20.000Z</time>
      </trkpt>
      <trkpt lat="40.56442" lon="-7.29838">
        <ele>684</ele>
        <time>2026-08-16T16:02:24.000Z</time>
      </trkpt>
      <trkpt lat="40.56497" lon="-7.29818">
        <ele>682</ele>
        <time>2026-08-16T16:02:28.000Z</time>
      </trkpt>
      <trkpt lat="40.56551" lon="-7.29804">
        <ele>678</ele>
        <time>2026-08-16T16:02:32.000Z</time>
      </trkpt>
      <trkpt lat="40.56607" lon="-7.29801">
        <ele>676</ele>
        <time>2026-08-16T16:02:36.000Z</time>
      </trkpt>
      <trkpt lat="40.56666" lon="-7.29806">
        <ele>674</ele>
        <time>2026-08-16T16:02:40.000Z</time>
      </trkpt>
      <trkpt lat="40.56727" lon="-7.2982">
        <ele>672</ele>
        <time>2026-08-16T16:02:44.000Z</time>
      </trkpt>
      <trkpt lat="40.56787" lon="-7.29834">
        <ele>669</ele>
        <time>2026-08-16T16:02:48.000Z</time>
      </trkpt>
      <trkpt lat="40.56844" lon="-7.29846">
        <ele>665</ele>
        <time>2026-08-16T16:02:52.000Z</time>
      </trkpt>
      <trkpt lat="40.56895" lon="-7.29833">
        <ele>663</ele>
        <time>2026-08-16T16:02:56.000Z</time>
      </trkpt>
      <trkpt lat="40.56929" lon="-7.29796">
        <ele>661</ele>
        <time>2026-08-16T16:03:00.000Z</time>
      </trkpt>
      <trkpt lat="40.56951" lon="-7.29768">
        <ele>658</ele>
        <time>2026-08-16T16:03:04.000Z</time>
      </trkpt>
      <trkpt lat="40.5697" lon="-7.29771">
        <ele>655</ele>
        <time>2026-08-16T16:03:08.000Z</time>
      </trkpt>
      <trkpt lat="40.56968" lon="-7.29799">
        <ele>653</ele>
        <time>2026-08-16T16:03:12.000Z</time>
      </trkpt>
      <trkpt lat="40.5694" lon="-7.29827">
        <ele>651</ele>
        <time>2026-08-16T16:03:16.000Z</time>
      </trkpt>
      <trkpt lat="40.56907" lon="-7.29861">
        <ele>649</ele>
        <time>2026-08-16T16:03:20.000Z</time>
      </trkpt>
      <trkpt lat="40.56875" lon="-7.29896">
        <ele>647</ele>
        <time>2026-08-16T16:03:24.000Z</time>
      </trkpt>
      <trkpt lat="40.56845" lon="-7.29919">
        <ele>646</ele>
        <time>2026-08-16T16:03:28.000Z</time>
      </trkpt>
      <trkpt lat="40.5681" lon="-7.29912">
        <ele>643</ele>
        <time>2026-08-16T16:03:32.000Z</time>
      </trkpt>
      <trkpt lat="40.56773" lon="-7.29924">
        <ele>641</ele>
        <time>2026-08-16T16:03:36.000Z</time>
      </trkpt>
      <trkpt lat="40.56738" lon="-7.29947">
        <ele>638</ele>
        <time>2026-08-16T16:03:40.000Z</time>
      </trkpt>
      <trkpt lat="40.56708" lon="-7.29967">
        <ele>636</ele>
        <time>2026-08-16T16:03:44.000Z</time>
      </trkpt>
      <trkpt lat="40.56677" lon="-7.29958">
        <ele>635</ele>
        <time>2026-08-16T16:03:48.000Z</time>
      </trkpt>
      <trkpt lat="40.56642" lon="-7.29957">
        <ele>634</ele>
        <time>2026-08-16T16:03:52.000Z</time>
      </trkpt>
      <trkpt lat="40.56605" lon="-7.29973">
        <ele>631</ele>
        <time>2026-08-16T16:03:56.000Z</time>
      </trkpt>
      <trkpt lat="40.56573" lon="-7.29986">
        <ele>630</ele>
        <time>2026-08-16T16:04:00.000Z</time>
      </trkpt>
      <trkpt lat="40.56565" lon="-7.30025">
        <ele>628</ele>
        <time>2026-08-16T16:04:04.000Z</time>
      </trkpt>
      <trkpt lat="40.5657" lon="-7.30076">
        <ele>627</ele>
        <time>2026-08-16T16:04:08.000Z</time>
      </trkpt>
      <trkpt lat="40.56568" lon="-7.30115">
        <ele>625</ele>
        <time>2026-08-16T16:04:12.000Z</time>
      </trkpt>
      <trkpt lat="40.56538" lon="-7.30136">
        <ele>624</ele>
        <time>2026-08-16T16:04:16.000Z</time>
      </trkpt>
      <trkpt lat="40.56513" lon="-7.30162">
        <ele>623</ele>
        <time>2026-08-16T16:04:20.000Z</time>
      </trkpt>
      <trkpt lat="40.5652" lon="-7.30203">
        <ele>621</ele>
        <time>2026-08-16T16:04:24.000Z</time>
      </trkpt>
      <trkpt lat="40.56514" lon="-7.30244">
        <ele>619</ele>
        <time>2026-08-16T16:04:28.000Z</time>
      </trkpt>
      <trkpt lat="40.56497" lon="-7.30278">
        <ele>617</ele>
        <time>2026-08-16T16:04:32.000Z</time>
      </trkpt>
      <trkpt lat="40.56459" lon="-7.30295">
        <ele>614</ele>
        <time>2026-08-16T16:04:36.000Z</time>
      </trkpt>
      <trkpt lat="40.56417" lon="-7.30314">
        <ele>611</ele>
        <time>2026-08-16T16:04:40.000Z</time>
      </trkpt>
      <trkpt lat="40.56377" lon="-7.30329">
        <ele>608</ele>
        <time>2026-08-16T16:04:44.000Z</time>
      </trkpt>
      <trkpt lat="40.56352" lon="-7.30347">
        <ele>606</ele>
        <time>2026-08-16T16:04:48.000Z</time>
      </trkpt>
      <trkpt lat="40.56356" lon="-7.30388">
        <ele>604</ele>
        <time>2026-08-16T16:04:52.000Z</time>
      </trkpt>
      <trkpt lat="40.56371" lon="-7.30436">
        <ele>602</ele>
        <time>2026-08-16T16:04:56.000Z</time>
      </trkpt>
      <trkpt lat="40.56381" lon="-7.3048">
        <ele>600</ele>
        <time>2026-08-16T16:05:00.000Z</time>
      </trkpt>
      <trkpt lat="40.56364" lon="-7.30531">
        <ele>596</ele>
        <time>2026-08-16T16:05:04.000Z</time>
      </trkpt>
      <trkpt lat="40.56345" lon="-7.30577">
        <ele>593</ele>
        <time>2026-08-16T16:05:08.000Z</time>
      </trkpt>
      <trkpt lat="40.56349" lon="-7.30612">
        <ele>592</ele>
        <time>2026-08-16T16:05:12.000Z</time>
      </trkpt>
      <trkpt lat="40.56383" lon="-7.30626">
        <ele>590</ele>
        <time>2026-08-16T16:05:16.000Z</time>
      </trkpt>
      <trkpt lat="40.56425" lon="-7.30641">
        <ele>588</ele>
        <time>2026-08-16T16:05:20.000Z</time>
      </trkpt>
      <trkpt lat="40.56463" lon="-7.30654">
        <ele>584</ele>
        <time>2026-08-16T16:05:24.000Z</time>
      </trkpt>
      <trkpt lat="40.56482" lon="-7.30672">
        <ele>581</ele>
        <time>2026-08-16T16:05:28.000Z</time>
      </trkpt>
      <trkpt lat="40.56468" lon="-7.30704">
        <ele>579</ele>
        <time>2026-08-16T16:05:32.000Z</time>
      </trkpt>
      <trkpt lat="40.56445" lon="-7.30744">
        <ele>575</ele>
        <time>2026-08-16T16:05:36.000Z</time>
      </trkpt>
      <trkpt lat="40.5642" lon="-7.30789">
        <ele>572</ele>
        <time>2026-08-16T16:05:40.000Z</time>
      </trkpt>
      <trkpt lat="40.56396" lon="-7.30832">
        <ele>569</ele>
        <time>2026-08-16T16:05:44.000Z</time>
      </trkpt>
      <trkpt lat="40.56385" lon="-7.30873">
        <ele>568</ele>
        <time>2026-08-16T16:05:48.000Z</time>
      </trkpt>
      <trkpt lat="40.56403" lon="-7.30907">
        <ele>565</ele>
        <time>2026-08-16T16:05:52.000Z</time>
      </trkpt>
      <trkpt lat="40.56419" lon="-7.30934">
        <ele>562</ele>
        <time>2026-08-16T16:05:56.000Z</time>
      </trkpt>
      <trkpt lat="40.56446" lon="-7.30948">
        <ele>561</ele>
        <time>2026-08-16T16:06:00.000Z</time>
      </trkpt>
      <trkpt lat="40.56475" lon="-7.30957">
        <ele>558</ele>
        <time>2026-08-16T16:06:04.000Z</time>
      </trkpt>
      <trkpt lat="40.56517" lon="-7.30959">
        <ele>554</ele>
        <time>2026-08-16T16:06:08.000Z</time>
      </trkpt>
      <trkpt lat="40.56552" lon="-7.30974">
        <ele>550</ele>
        <time>2026-08-16T16:06:12.000Z</time>
      </trkpt>
      <trkpt lat="40.56581" lon="-7.31007">
        <ele>548</ele>
        <time>2026-08-16T16:06:16.000Z</time>
      </trkpt>
      <trkpt lat="40.56616" lon="-7.31004">
        <ele>545</ele>
        <time>2026-08-16T16:06:20.000Z</time>
      </trkpt>
      <trkpt lat="40.56659" lon="-7.30997">
        <ele>541</ele>
        <time>2026-08-16T16:06:24.000Z</time>
      </trkpt>
      <trkpt lat="40.56697" lon="-7.30995">
        <ele>539</ele>
        <time>2026-08-16T16:06:28.000Z</time>
      </trkpt>
      <trkpt lat="40.56721" lon="-7.31036">
        <ele>536</ele>
        <time>2026-08-16T16:06:32.000Z</time>
      </trkpt>
      <trkpt lat="40.56742" lon="-7.31093">
        <ele>534</ele>
        <time>2026-08-16T16:06:36.000Z</time>
      </trkpt>
      <trkpt lat="40.56762" lon="-7.31151">
        <ele>532</ele>
        <time>2026-08-16T16:06:40.000Z</time>
      </trkpt>
      <trkpt lat="40.56783" lon="-7.31209">
        <ele>530</ele>
        <time>2026-08-16T16:06:44.000Z</time>
      </trkpt>
      <trkpt lat="40.56804" lon="-7.31266">
        <ele>529</ele>
        <time>2026-08-16T16:06:48.000Z</time>
      </trkpt>
      <trkpt lat="40.56825" lon="-7.31315">
        <ele>530</ele>
        <time>2026-08-16T16:06:52.000Z</time>
      </trkpt>
      <trkpt lat="40.56857" lon="-7.31352">
        <ele>531</ele>
        <time>2026-08-16T16:06:56.000Z</time>
      </trkpt>
      <trkpt lat="40.56886" lon="-7.31354">
        <ele>533</ele>
        <time>2026-08-16T16:07:00.000Z</time>
      </trkpt>
      <trkpt lat="40.56909" lon="-7.3133">
        <ele>534</ele>
        <time>2026-08-16T16:07:04.000Z</time>
      </trkpt>
      <trkpt lat="40.56948" lon="-7.31309">
        <ele>536</ele>
        <time>2026-08-16T16:07:08.000Z</time>
      </trkpt>
      <trkpt lat="40.56998" lon="-7.31314">
        <ele>538</ele>
        <time>2026-08-16T16:07:12.000Z</time>
      </trkpt>
      <trkpt lat="40.57045" lon="-7.31317">
        <ele>540</ele>
        <time>2026-08-16T16:07:16.000Z</time>
      </trkpt>
      <trkpt lat="40.57089" lon="-7.31327">
        <ele>542</ele>
        <time>2026-08-16T16:07:20.000Z</time>
      </trkpt>
      <trkpt lat="40.57133" lon="-7.31341">
        <ele>544</ele>
        <time>2026-08-16T16:07:24.000Z</time>
      </trkpt>
      <trkpt lat="40.57174" lon="-7.31353">
        <ele>546</ele>
        <time>2026-08-16T16:07:28.000Z</time>
      </trkpt>
      <trkpt lat="40.57209" lon="-7.31386">
        <ele>546</ele>
        <time>2026-08-16T16:07:32.000Z</time>
      </trkpt>
      <trkpt lat="40.57246" lon="-7.31407">
        <ele>546</ele>
        <time>2026-08-16T16:07:36.000Z</time>
      </trkpt>
      <trkpt lat="40.57285" lon="-7.31391">
        <ele>545</ele>
        <time>2026-08-16T16:07:40.000Z</time>
      </trkpt>
      <trkpt lat="40.57325" lon="-7.31384">
        <ele>544</ele>
        <time>2026-08-16T16:07:44.000Z</time>
      </trkpt>
      <trkpt lat="40.57363" lon="-7.3139">
        <ele>544</ele>
        <time>2026-08-16T16:07:48.000Z</time>
      </trkpt>
      <trkpt lat="40.57399" lon="-7.31423">
        <ele>544</ele>
        <time>2026-08-16T16:07:52.000Z</time>
      </trkpt>
      <trkpt lat="40.57438" lon="-7.31459">
        <ele>546</ele>
        <time>2026-08-16T16:07:56.000Z</time>
      </trkpt>
      <trkpt lat="40.57468" lon="-7.31487">
        <ele>546</ele>
        <time>2026-08-16T16:08:00.000Z</time>
      </trkpt>
      <trkpt lat="40.57501" lon="-7.31501">
        <ele>547</ele>
        <time>2026-08-16T16:08:04.000Z</time>
      </trkpt>
      <trkpt lat="40.57528" lon="-7.31522">
        <ele>549</ele>
        <time>2026-08-16T16:08:08.000Z</time>
      </trkpt>
      <trkpt lat="40.57554" lon="-7.31505">
        <ele>550</ele>
        <time>2026-08-16T16:08:12.000Z</time>
      </trkpt>
      <trkpt lat="40.57568" lon="-7.31476">
        <ele>550</ele>
        <time>2026-08-16T16:08:16.000Z</time>
      </trkpt>
      <trkpt lat="40.5758" lon="-7.31452">
        <ele>551</ele>
        <time>2026-08-16T16:08:20.000Z</time>
      </trkpt>
      <trkpt lat="40.576" lon="-7.31431">
        <ele>552</ele>
        <time>2026-08-16T16:08:24.000Z</time>
      </trkpt>
      <trkpt lat="40.57631" lon="-7.31419">
        <ele>553</ele>
        <time>2026-08-16T16:08:28.000Z</time>
      </trkpt>
      <trkpt lat="40.57664" lon="-7.31411">
        <ele>553</ele>
        <time>2026-08-16T16:08:32.000Z</time>
      </trkpt>
      <trkpt lat="40.57699" lon="-7.3141">
        <ele>553</ele>
        <time>2026-08-16T16:08:36.000Z</time>
      </trkpt>
      <trkpt lat="40.57717" lon="-7.31436">
        <ele>552</ele>
        <time>2026-08-16T16:08:40.000Z</time>
      </trkpt>
      <trkpt lat="40.5772" lon="-7.3148">
        <ele>553</ele>
        <time>2026-08-16T16:08:44.000Z</time>
      </trkpt>
      <trkpt lat="40.57703" lon="-7.3152">
        <ele>553</ele>
        <time>2026-08-16T16:08:48.000Z</time>
      </trkpt>
      <trkpt lat="40.57701" lon="-7.3156">
        <ele>555</ele>
        <time>2026-08-16T16:08:52.000Z</time>
      </trkpt>
      <trkpt lat="40.57715" lon="-7.31593">
        <ele>558</ele>
        <time>2026-08-16T16:08:56.000Z</time>
      </trkpt>
      <trkpt lat="40.57733" lon="-7.31629">
        <ele>560</ele>
        <time>2026-08-16T16:09:00.000Z</time>
      </trkpt>
      <trkpt lat="40.57736" lon="-7.31673">
        <ele>562</ele>
        <time>2026-08-16T16:09:04.000Z</time>
      </trkpt>
      <trkpt lat="40.57737" lon="-7.31717">
        <ele>563</ele>
        <time>2026-08-16T16:09:08.000Z</time>
      </trkpt>
      <trkpt lat="40.57739" lon="-7.31749">
        <ele>565</ele>
        <time>2026-08-16T16:09:12.000Z</time>
      </trkpt>
      <trkpt lat="40.57753" lon="-7.31772">
        <ele>566</ele>
        <time>2026-08-16T16:09:16.000Z</time>
      </trkpt>
      <trkpt lat="40.57779" lon="-7.31791">
        <ele>567</ele>
        <time>2026-08-16T16:09:20.000Z</time>
      </trkpt>
      <trkpt lat="40.57813" lon="-7.31796">
        <ele>567</ele>
        <time>2026-08-16T16:09:24.000Z</time>
      </trkpt>
      <trkpt lat="40.57841" lon="-7.31801">
        <ele>570</ele>
        <time>2026-08-16T16:09:28.000Z</time>
      </trkpt>
      <trkpt lat="40.57861" lon="-7.318">
        <ele>573</ele>
        <time>2026-08-16T16:09:32.000Z</time>
      </trkpt>
      <trkpt lat="40.5788" lon="-7.31797">
        <ele>576</ele>
        <time>2026-08-16T16:09:36.000Z</time>
      </trkpt>
      <trkpt lat="40.57897" lon="-7.31774">
        <ele>577</ele>
        <time>2026-08-16T16:09:40.000Z</time>
      </trkpt>
      <trkpt lat="40.57917" lon="-7.31756">
        <ele>576</ele>
        <time>2026-08-16T16:09:44.000Z</time>
      </trkpt>
      <trkpt lat="40.57941" lon="-7.31741">
        <ele>577</ele>
        <time>2026-08-16T16:09:48.000Z</time>
      </trkpt>
      <trkpt lat="40.57961" lon="-7.31716">
        <ele>576</ele>
        <time>2026-08-16T16:09:52.000Z</time>
      </trkpt>
      <trkpt lat="40.57977" lon="-7.3169">
        <ele>574</ele>
        <time>2026-08-16T16:09:56.000Z</time>
      </trkpt>
      <trkpt lat="40.57996" lon="-7.31669">
        <ele>571</ele>
        <time>2026-08-16T16:10:00.000Z</time>
      </trkpt>
      <trkpt lat="40.58021" lon="-7.3166">
        <ele>568</ele>
        <time>2026-08-16T16:10:04.000Z</time>
      </trkpt>
      <trkpt lat="40.58051" lon="-7.31641">
        <ele>565</ele>
        <time>2026-08-16T16:10:08.000Z</time>
      </trkpt>
      <trkpt lat="40.58073" lon="-7.31603">
        <ele>562</ele>
        <time>2026-08-16T16:10:12.000Z</time>
      </trkpt>
      <trkpt lat="40.58092" lon="-7.31559">
        <ele>557</ele>
        <time>2026-08-16T16:10:16.000Z</time>
      </trkpt>
      <trkpt lat="40.58112" lon="-7.31521">
        <ele>553</ele>
        <time>2026-08-16T16:10:20.000Z</time>
      </trkpt>
      <trkpt lat="40.58141" lon="-7.31504">
        <ele>550</ele>
        <time>2026-08-16T16:10:24.000Z</time>
      </trkpt>
      <trkpt lat="40.5818" lon="-7.31485">
        <ele>548</ele>
        <time>2026-08-16T16:10:28.000Z</time>
      </trkpt>
      <trkpt lat="40.58223" lon="-7.31466">
        <ele>545</ele>
        <time>2026-08-16T16:10:32.000Z</time>
      </trkpt>
      <trkpt lat="40.58259" lon="-7.3145">
        <ele>541</ele>
        <time>2026-08-16T16:10:36.000Z</time>
      </trkpt>
      <trkpt lat="40.58283" lon="-7.3144">
        <ele>539</ele>
        <time>2026-08-16T16:10:40.000Z</time>
      </trkpt>
      <trkpt lat="40.58311" lon="-7.31428">
        <ele>538</ele>
        <time>2026-08-16T16:10:44.000Z</time>
      </trkpt>
      <trkpt lat="40.58344" lon="-7.31413">
        <ele>541</ele>
        <time>2026-08-16T16:10:48.000Z</time>
      </trkpt>
      <trkpt lat="40.58371" lon="-7.3138">
        <ele>543</ele>
        <time>2026-08-16T16:10:52.000Z</time>
      </trkpt>
      <trkpt lat="40.58389" lon="-7.31338">
        <ele>544</ele>
        <time>2026-08-16T16:10:56.000Z</time>
      </trkpt>
      <trkpt lat="40.58411" lon="-7.31299">
        <ele>544</ele>
        <time>2026-08-16T16:11:00.000Z</time>
      </trkpt>
      <trkpt lat="40.58444" lon="-7.31276">
        <ele>545</ele>
        <time>2026-08-16T16:11:04.000Z</time>
      </trkpt>
      <trkpt lat="40.58496" lon="-7.31272">
        <ele>542</ele>
        <time>2026-08-16T16:11:08.000Z</time>
      </trkpt>
      <trkpt lat="40.58561" lon="-7.31264">
        <ele>537</ele>
        <time>2026-08-16T16:11:12.000Z</time>
      </trkpt>
      <trkpt lat="40.58626" lon="-7.31237">
        <ele>537</ele>
        <time>2026-08-16T16:11:16.000Z</time>
      </trkpt>
      <trkpt lat="40.58684" lon="-7.31211">
        <ele>538</ele>
        <time>2026-08-16T16:11:20.000Z</time>
      </trkpt>
      <trkpt lat="40.58739" lon="-7.31179">
        <ele>536</ele>
        <time>2026-08-16T16:11:24.000Z</time>
      </trkpt>
      <trkpt lat="40.58787" lon="-7.31127">
        <ele>534</ele>
        <time>2026-08-16T16:11:28.000Z</time>
      </trkpt>
      <trkpt lat="40.58832" lon="-7.31077">
        <ele>535</ele>
        <time>2026-08-16T16:11:32.000Z</time>
      </trkpt>
      <trkpt lat="40.58877" lon="-7.31026">
        <ele>536</ele>
        <time>2026-08-16T16:11:36.000Z</time>
      </trkpt>
      <trkpt lat="40.58923" lon="-7.30973">
        <ele>536</ele>
        <time>2026-08-16T16:11:40.000Z</time>
      </trkpt>
      <trkpt lat="40.58969" lon="-7.30922">
        <ele>537</ele>
        <time>2026-08-16T16:11:44.000Z</time>
      </trkpt>
      <trkpt lat="40.59015" lon="-7.3087">
        <ele>537</ele>
        <time>2026-08-16T16:11:48.000Z</time>
      </trkpt>
      <trkpt lat="40.59061" lon="-7.30819">
        <ele>537</ele>
        <time>2026-08-16T16:11:52.000Z</time>
      </trkpt>
      <trkpt lat="40.59104" lon="-7.30772">
        <ele>535</ele>
        <time>2026-08-16T16:11:56.000Z</time>
      </trkpt>
      <trkpt lat="40.59159" lon="-7.30744">
        <ele>531</ele>
        <time>2026-08-16T16:12:00.000Z</time>
      </trkpt>
      <trkpt lat="40.59226" lon="-7.30735">
        <ele>526</ele>
        <time>2026-08-16T16:12:04.000Z</time>
      </trkpt>
      <trkpt lat="40.59299" lon="-7.30723">
        <ele>520</ele>
        <time>2026-08-16T16:12:08.000Z</time>
      </trkpt>
      <trkpt lat="40.59375" lon="-7.30696">
        <ele>515</ele>
        <time>2026-08-16T16:12:12.000Z</time>
      </trkpt>
      <trkpt lat="40.5945" lon="-7.30669">
        <ele>517</ele>
        <time>2026-08-16T16:12:16.000Z</time>
      </trkpt>
      <trkpt lat="40.59517" lon="-7.30646">
        <ele>521</ele>
        <time>2026-08-16T16:12:20.000Z</time>
      </trkpt>
      <trkpt lat="40.59583" lon="-7.30623">
        <ele>525</ele>
        <time>2026-08-16T16:12:24.000Z</time>
      </trkpt>
      <trkpt lat="40.59649" lon="-7.30599">
        <ele>527</ele>
        <time>2026-08-16T16:12:28.000Z</time>
      </trkpt>
      <trkpt lat="40.59713" lon="-7.30577">
        <ele>527</ele>
        <time>2026-08-16T16:12:32.000Z</time>
      </trkpt>
      <trkpt lat="40.59773" lon="-7.30556">
        <ele>527</ele>
        <time>2026-08-16T16:12:36.000Z</time>
      </trkpt>
      <trkpt lat="40.59826" lon="-7.3052">
        <ele>526</ele>
        <time>2026-08-16T16:12:40.000Z</time>
      </trkpt>
      <trkpt lat="40.59874" lon="-7.30469">
        <ele>524</ele>
        <time>2026-08-16T16:12:44.000Z</time>
      </trkpt>
      <trkpt lat="40.59935" lon="-7.3043">
        <ele>520</ele>
        <time>2026-08-16T16:12:48.000Z</time>
      </trkpt>
      <trkpt lat="40.60005" lon="-7.30399">
        <ele>518</ele>
        <time>2026-08-16T16:12:52.000Z</time>
      </trkpt>
      <trkpt lat="40.60069" lon="-7.30369">
        <ele>518</ele>
        <time>2026-08-16T16:12:56.000Z</time>
      </trkpt>
      <trkpt lat="40.60127" lon="-7.30342">
        <ele>518</ele>
        <time>2026-08-16T16:13:00.000Z</time>
      </trkpt>
      <trkpt lat="40.60185" lon="-7.30316">
        <ele>517</ele>
        <time>2026-08-16T16:13:04.000Z</time>
      </trkpt>
      <trkpt lat="40.60241" lon="-7.3029">
        <ele>516</ele>
        <time>2026-08-16T16:13:08.000Z</time>
      </trkpt>
      <trkpt lat="40.60298" lon="-7.30265">
        <ele>514</ele>
        <time>2026-08-16T16:13:12.000Z</time>
      </trkpt>
      <trkpt lat="40.60351" lon="-7.30243">
        <ele>514</ele>
        <time>2026-08-16T16:13:16.000Z</time>
      </trkpt>
      <trkpt lat="40.60386" lon="-7.30228">
        <ele>514</ele>
        <time>2026-08-16T16:13:20.000Z</time>
      </trkpt>
      <trkpt lat="40.60411" lon="-7.30219">
        <ele>511</ele>
        <time>2026-08-16T16:13:24.000Z</time>
      </trkpt>
      <trkpt lat="40.60442" lon="-7.30208">
        <ele>509</ele>
        <time>2026-08-16T16:13:28.000Z</time>
      </trkpt>
      <trkpt lat="40.60475" lon="-7.30186">
        <ele>508</ele>
        <time>2026-08-16T16:13:32.000Z</time>
      </trkpt>
      <trkpt lat="40.60505" lon="-7.30149">
        <ele>507</ele>
        <time>2026-08-16T16:13:36.000Z</time>
      </trkpt>
      <trkpt lat="40.60529" lon="-7.3012">
        <ele>504</ele>
        <time>2026-08-16T16:13:40.000Z</time>
      </trkpt>
      <trkpt lat="40.60541" lon="-7.30102">
        <ele>501</ele>
        <time>2026-08-16T16:13:44.000Z</time>
      </trkpt>
      <trkpt lat="40.60548" lon="-7.30093">
        <ele>500</ele>
        <time>2026-08-16T16:13:48.000Z</time>
      </trkpt>
      <trkpt lat="40.60569" lon="-7.30106">
        <ele>498</ele>
        <time>2026-08-16T16:13:52.000Z</time>
      </trkpt>
      <trkpt lat="40.60597" lon="-7.30119">
        <ele>497</ele>
        <time>2026-08-16T16:13:56.000Z</time>
      </trkpt>
      <trkpt lat="40.60633" lon="-7.30136">
        <ele>496</ele>
        <time>2026-08-16T16:14:00.000Z</time>
      </trkpt>
      <trkpt lat="40.60673" lon="-7.30156">
        <ele>499</ele>
        <time>2026-08-16T16:14:04.000Z</time>
      </trkpt>
      <trkpt lat="40.60717" lon="-7.30177">
        <ele>502</ele>
        <time>2026-08-16T16:14:08.000Z</time>
      </trkpt>
      <trkpt lat="40.60764" lon="-7.30199">
        <ele>504</ele>
        <time>2026-08-16T16:14:12.000Z</time>
      </trkpt>
      <trkpt lat="40.60792" lon="-7.30209">
        <ele>504</ele>
        <time>2026-08-16T16:14:16.000Z</time>
      </trkpt>
      <trkpt lat="40.60828" lon="-7.30222">
        <ele>503</ele>
        <time>2026-08-16T16:14:20.000Z</time>
      </trkpt>
      <trkpt lat="40.60876" lon="-7.30239">
        <ele>503</ele>
        <time>2026-08-16T16:14:24.000Z</time>
      </trkpt>
      <trkpt lat="40.60932" lon="-7.30259">
        <ele>503</ele>
        <time>2026-08-16T16:14:28.000Z</time>
      </trkpt>
      <trkpt lat="40.60994" lon="-7.30282">
        <ele>503</ele>
        <time>2026-08-16T16:14:32.000Z</time>
      </trkpt>
      <trkpt lat="40.61055" lon="-7.30303">
        <ele>502</ele>
        <time>2026-08-16T16:14:36.000Z</time>
      </trkpt>
      <trkpt lat="40.61111" lon="-7.30323">
        <ele>502</ele>
        <time>2026-08-16T16:14:40.000Z</time>
      </trkpt>
      <trkpt lat="40.61167" lon="-7.30356">
        <ele>502</ele>
        <time>2026-08-16T16:14:44.000Z</time>
      </trkpt>
      <trkpt lat="40.6122" lon="-7.30409">
        <ele>500</ele>
        <time>2026-08-16T16:14:48.000Z</time>
      </trkpt>
      <trkpt lat="40.61275" lon="-7.30465">
        <ele>499</ele>
        <time>2026-08-16T16:14:52.000Z</time>
      </trkpt>
      <trkpt lat="40.61333" lon="-7.30523">
        <ele>497</ele>
        <time>2026-08-16T16:14:56.000Z</time>
      </trkpt>
      <trkpt lat="40.61394" lon="-7.30584">
        <ele>496</ele>
        <time>2026-08-16T16:15:00.000Z</time>
      </trkpt>
      <trkpt lat="40.61455" lon="-7.30646">
        <ele>495</ele>
        <time>2026-08-16T16:15:04.000Z</time>
      </trkpt>
      <trkpt lat="40.61516" lon="-7.30707">
        <ele>495</ele>
        <time>2026-08-16T16:15:08.000Z</time>
      </trkpt>
      <trkpt lat="40.61577" lon="-7.30768">
        <ele>495</ele>
        <time>2026-08-16T16:15:12.000Z</time>
      </trkpt>
      <trkpt lat="40.61638" lon="-7.30829">
        <ele>494</ele>
        <time>2026-08-16T16:15:16.000Z</time>
      </trkpt>
      <trkpt lat="40.61696" lon="-7.30888">
        <ele>494</ele>
        <time>2026-08-16T16:15:20.000Z</time>
      </trkpt>
      <trkpt lat="40.6175" lon="-7.30942">
        <ele>495</ele>
        <time>2026-08-16T16:15:24.000Z</time>
      </trkpt>
      <trkpt lat="40.618" lon="-7.31011">
        <ele>496</ele>
        <time>2026-08-16T16:15:28.000Z</time>
      </trkpt>
      <trkpt lat="40.61846" lon="-7.31091">
        <ele>496</ele>
        <time>2026-08-16T16:15:32.000Z</time>
      </trkpt>
      <trkpt lat="40.61891" lon="-7.31174">
        <ele>495</ele>
        <time>2026-08-16T16:15:36.000Z</time>
      </trkpt>
      <trkpt lat="40.61936" lon="-7.31257">
        <ele>494</ele>
        <time>2026-08-16T16:15:40.000Z</time>
      </trkpt>
      <trkpt lat="40.61983" lon="-7.31341">
        <ele>492</ele>
        <time>2026-08-16T16:15:44.000Z</time>
      </trkpt>
      <trkpt lat="40.62029" lon="-7.31424">
        <ele>491</ele>
        <time>2026-08-16T16:15:48.000Z</time>
      </trkpt>
      <trkpt lat="40.62074" lon="-7.31506">
        <ele>492</ele>
        <time>2026-08-16T16:15:52.000Z</time>
      </trkpt>
      <trkpt lat="40.62119" lon="-7.31587">
        <ele>492</ele>
        <time>2026-08-16T16:15:56.000Z</time>
      </trkpt>
      <trkpt lat="40.62165" lon="-7.31669">
        <ele>491</ele>
        <time>2026-08-16T16:16:00.000Z</time>
      </trkpt>
      <trkpt lat="40.6221" lon="-7.31751">
        <ele>490</ele>
        <time>2026-08-16T16:16:04.000Z</time>
      </trkpt>
      <trkpt lat="40.62255" lon="-7.31831">
        <ele>491</ele>
        <time>2026-08-16T16:16:08.000Z</time>
      </trkpt>
      <trkpt lat="40.62299" lon="-7.31911">
        <ele>496</ele>
        <time>2026-08-16T16:16:12.000Z</time>
      </trkpt>
      <trkpt lat="40.62345" lon="-7.31993">
        <ele>495</ele>
        <time>2026-08-16T16:16:16.000Z</time>
      </trkpt>
      <trkpt lat="40.62393" lon="-7.3208">
        <ele>492</ele>
        <time>2026-08-16T16:16:20.000Z</time>
      </trkpt>
      <trkpt lat="40.6244" lon="-7.32166">
        <ele>492</ele>
        <time>2026-08-16T16:16:24.000Z</time>
      </trkpt>
      <trkpt lat="40.62487" lon="-7.3225">
        <ele>493</ele>
        <time>2026-08-16T16:16:28.000Z</time>
      </trkpt>
      <trkpt lat="40.62532" lon="-7.3233">
        <ele>497</ele>
        <time>2026-08-16T16:16:32.000Z</time>
      </trkpt>
      <trkpt lat="40.62572" lon="-7.32402">
        <ele>501</ele>
        <time>2026-08-16T16:16:36.000Z</time>
      </trkpt>
      <trkpt lat="40.62603" lon="-7.32458">
        <ele>503</ele>
        <time>2026-08-16T16:16:40.000Z</time>
      </trkpt>
      <trkpt lat="40.62619" lon="-7.32512">
        <ele>505</ele>
        <time>2026-08-16T16:16:44.000Z</time>
      </trkpt>
      <trkpt lat="40.62614" lon="-7.3257">
        <ele>506</ele>
        <time>2026-08-16T16:16:48.000Z</time>
      </trkpt>
      <trkpt lat="40.62605" lon="-7.3263">
        <ele>507</ele>
        <time>2026-08-16T16:16:52.000Z</time>
      </trkpt>
      <trkpt lat="40.62597" lon="-7.32685">
        <ele>509</ele>
        <time>2026-08-16T16:16:56.000Z</time>
      </trkpt>
      <trkpt lat="40.62588" lon="-7.32742">
        <ele>510</ele>
        <time>2026-08-16T16:17:00.000Z</time>
      </trkpt>
      <trkpt lat="40.6258" lon="-7.32791">
        <ele>511</ele>
        <time>2026-08-16T16:17:04.000Z</time>
      </trkpt>
      <trkpt lat="40.62575" lon="-7.32826">
        <ele>512</ele>
        <time>2026-08-16T16:17:08.000Z</time>
      </trkpt>
      <trkpt lat="40.62596" lon="-7.32846">
        <ele>513</ele>
        <time>2026-08-16T16:17:12.000Z</time>
      </trkpt>
      <trkpt lat="40.62629" lon="-7.32842">
        <ele>513</ele>
        <time>2026-08-16T16:17:16.000Z</time>
      </trkpt>
      <trkpt lat="40.62671" lon="-7.32836">
        <ele>511</ele>
        <time>2026-08-16T16:17:20.000Z</time>
      </trkpt>
      <trkpt lat="40.62723" lon="-7.32826">
        <ele>511</ele>
        <time>2026-08-16T16:17:24.000Z</time>
      </trkpt>
      <trkpt lat="40.62777" lon="-7.32817">
        <ele>511</ele>
        <time>2026-08-16T16:17:28.000Z</time>
      </trkpt>
      <trkpt lat="40.62838" lon="-7.32807">
        <ele>511</ele>
        <time>2026-08-16T16:17:32.000Z</time>
      </trkpt>
      <trkpt lat="40.62903" lon="-7.32796">
        <ele>512</ele>
        <time>2026-08-16T16:17:36.000Z</time>
      </trkpt>
      <trkpt lat="40.62962" lon="-7.32772">
        <ele>516</ele>
        <time>2026-08-16T16:17:40.000Z</time>
      </trkpt>
      <trkpt lat="40.63022" lon="-7.32737">
        <ele>521</ele>
        <time>2026-08-16T16:17:44.000Z</time>
      </trkpt>
      <trkpt lat="40.63079" lon="-7.32706">
        <ele>524</ele>
        <time>2026-08-16T16:17:48.000Z</time>
      </trkpt>
      <trkpt lat="40.6314" lon="-7.32689">
        <ele>522</ele>
        <time>2026-08-16T16:17:52.000Z</time>
      </trkpt>
      <trkpt lat="40.63206" lon="-7.32679">
        <ele>520</ele>
        <time>2026-08-16T16:17:56.000Z</time>
      </trkpt>
      <trkpt lat="40.63266" lon="-7.3267">
        <ele>517</ele>
        <time>2026-08-16T16:18:00.000Z</time>
      </trkpt>
      <trkpt lat="40.63322" lon="-7.32661">
        <ele>514</ele>
        <time>2026-08-16T16:18:04.000Z</time>
      </trkpt>
      <trkpt lat="40.63373" lon="-7.32647">
        <ele>510</ele>
        <time>2026-08-16T16:18:08.000Z</time>
      </trkpt>
      <trkpt lat="40.63419" lon="-7.32602">
        <ele>504</ele>
        <time>2026-08-16T16:18:12.000Z</time>
      </trkpt>
      <trkpt lat="40.63468" lon="-7.32553">
        <ele>499</ele>
        <time>2026-08-16T16:18:16.000Z</time>
      </trkpt>
      <trkpt lat="40.63518" lon="-7.32509">
        <ele>495</ele>
        <time>2026-08-16T16:18:20.000Z</time>
      </trkpt>
      <trkpt lat="40.63562" lon="-7.32474">
        <ele>490</ele>
        <time>2026-08-16T16:18:24.000Z</time>
      </trkpt>
      <trkpt lat="40.63603" lon="-7.32475">
        <ele>486</ele>
        <time>2026-08-16T16:18:28.000Z</time>
      </trkpt>
      <trkpt lat="40.63637" lon="-7.32508">
        <ele>485</ele>
        <time>2026-08-16T16:18:32.000Z</time>
      </trkpt>
      <trkpt lat="40.63678" lon="-7.32539">
        <ele>485</ele>
        <time>2026-08-16T16:18:36.000Z</time>
      </trkpt>
      <trkpt lat="40.63715" lon="-7.32568">
        <ele>483</ele>
        <time>2026-08-16T16:18:40.000Z</time>
      </trkpt>
      <trkpt lat="40.63733" lon="-7.32612">
        <ele>482</ele>
        <time>2026-08-16T16:18:44.000Z</time>
      </trkpt>
      <trkpt lat="40.63746" lon="-7.32646">
        <ele>479</ele>
        <time>2026-08-16T16:18:48.000Z</time>
      </trkpt>
      <trkpt lat="40.63769" lon="-7.32649">
        <ele>479</ele>
        <time>2026-08-16T16:18:52.000Z</time>
      </trkpt>
      <trkpt lat="40.63796" lon="-7.32645">
        <ele>478</ele>
        <time>2026-08-16T16:18:56.000Z</time>
      </trkpt>
      <trkpt lat="40.63827" lon="-7.32639">
        <ele>478</ele>
        <time>2026-08-16T16:19:00.000Z</time>
      </trkpt>
      <trkpt lat="40.63857" lon="-7.32624">
        <ele>478</ele>
        <time>2026-08-16T16:19:04.000Z</time>
      </trkpt>
      <trkpt lat="40.63888" lon="-7.32606">
        <ele>482</ele>
        <time>2026-08-16T16:19:08.000Z</time>
      </trkpt>
      <trkpt lat="40.6392" lon="-7.32586">
        <ele>486</ele>
        <time>2026-08-16T16:19:12.000Z</time>
      </trkpt>
      <trkpt lat="40.63939" lon="-7.32557">
        <ele>486</ele>
        <time>2026-08-16T16:19:16.000Z</time>
      </trkpt>
      <trkpt lat="40.63963" lon="-7.32541">
        <ele>487</ele>
        <time>2026-08-16T16:19:20.000Z</time>
      </trkpt>
      <trkpt lat="40.63992" lon="-7.32564">
        <ele>488</ele>
        <time>2026-08-16T16:19:24.000Z</time>
      </trkpt>
      <trkpt lat="40.64034" lon="-7.32577">
        <ele>490</ele>
        <time>2026-08-16T16:19:28.000Z</time>
      </trkpt>
      <trkpt lat="40.64074" lon="-7.32601">
        <ele>490</ele>
        <time>2026-08-16T16:19:32.000Z</time>
      </trkpt>
      <trkpt lat="40.64111" lon="-7.32623">
        <ele>490</ele>
        <time>2026-08-16T16:19:36.000Z</time>
      </trkpt>
      <trkpt lat="40.64145" lon="-7.3262">
        <ele>490</ele>
        <time>2026-08-16T16:19:40.000Z</time>
      </trkpt>
      <trkpt lat="40.6417" lon="-7.32602">
        <ele>488</ele>
        <time>2026-08-16T16:19:44.000Z</time>
      </trkpt>
      <trkpt lat="40.64189" lon="-7.32623">
        <ele>490</ele>
        <time>2026-08-16T16:19:48.000Z</time>
      </trkpt>
      <trkpt lat="40.64203" lon="-7.32665">
        <ele>491</ele>
        <time>2026-08-16T16:19:52.000Z</time>
      </trkpt>
      <trkpt lat="40.64236" lon="-7.32705">
        <ele>492</ele>
        <time>2026-08-16T16:19:56.000Z</time>
      </trkpt>
      <trkpt lat="40.64278" lon="-7.32712">
        <ele>492</ele>
        <time>2026-08-16T16:20:00.000Z</time>
      </trkpt>
      <trkpt lat="40.64323" lon="-7.32703">
        <ele>493</ele>
        <time>2026-08-16T16:20:04.000Z</time>
      </trkpt>
      <trkpt lat="40.6437" lon="-7.32694">
        <ele>496</ele>
        <time>2026-08-16T16:20:08.000Z</time>
      </trkpt>
      <trkpt lat="40.64417" lon="-7.32685">
        <ele>499</ele>
        <time>2026-08-16T16:20:12.000Z</time>
      </trkpt>
      <trkpt lat="40.64461" lon="-7.32677">
        <ele>500</ele>
        <time>2026-08-16T16:20:16.000Z</time>
      </trkpt>
      <trkpt lat="40.64504" lon="-7.32664">
        <ele>501</ele>
        <time>2026-08-16T16:20:20.000Z</time>
      </trkpt>
      <trkpt lat="40.64545" lon="-7.3265">
        <ele>504</ele>
        <time>2026-08-16T16:20:24.000Z</time>
      </trkpt>
      <trkpt lat="40.64586" lon="-7.3264">
        <ele>506</ele>
        <time>2026-08-16T16:20:28.000Z</time>
      </trkpt>
      <trkpt lat="40.64627" lon="-7.32642">
        <ele>508</ele>
        <time>2026-08-16T16:20:32.000Z</time>
      </trkpt>
      <trkpt lat="40.64668" lon="-7.32643">
        <ele>510</ele>
        <time>2026-08-16T16:20:36.000Z</time>
      </trkpt>
      <trkpt lat="40.64699" lon="-7.32639">
        <ele>513</ele>
        <time>2026-08-16T16:20:40.000Z</time>
      </trkpt>
      <trkpt lat="40.6471" lon="-7.32611">
        <ele>515</ele>
        <time>2026-08-16T16:20:44.000Z</time>
      </trkpt>
      <trkpt lat="40.64724" lon="-7.32584">
        <ele>518</ele>
        <time>2026-08-16T16:20:48.000Z</time>
      </trkpt>
      <trkpt lat="40.64741" lon="-7.32557">
        <ele>522</ele>
        <time>2026-08-16T16:20:52.000Z</time>
      </trkpt>
      <trkpt lat="40.64764" lon="-7.32543">
        <ele>523</ele>
        <time>2026-08-16T16:20:56.000Z</time>
      </trkpt>
      <trkpt lat="40.64786" lon="-7.32525">
        <ele>522</ele>
        <time>2026-08-16T16:21:00.000Z</time>
      </trkpt>
      <trkpt lat="40.64796" lon="-7.32498">
        <ele>522</ele>
        <time>2026-08-16T16:21:04.000Z</time>
      </trkpt>
      <trkpt lat="40.64814" lon="-7.32469">
        <ele>522</ele>
        <time>2026-08-16T16:21:08.000Z</time>
      </trkpt>
      <trkpt lat="40.64837" lon="-7.32452">
        <ele>523</ele>
        <time>2026-08-16T16:21:12.000Z</time>
      </trkpt>
      <trkpt lat="40.64849" lon="-7.32442">
        <ele>527</ele>
        <time>2026-08-16T16:21:40.000Z</time>
      </trkpt>
      <trkpt lat="40.64858" lon="-7.32422">
        <ele>527</ele>
        <time>2026-08-16T16:21:44.000Z</time>
      </trkpt>
      <trkpt lat="40.64855" lon="-7.32397">
        <ele>527</ele>
        <time>2026-08-16T16:21:48.000Z</time>
      </trkpt>
      <trkpt lat="40.6486" lon="-7.32372">
        <ele>527</ele>
        <time>2026-08-16T16:21:52.000Z</time>
      </trkpt>
      <trkpt lat="40.64876" lon="-7.32348">
        <ele>527</ele>
        <time>2026-08-16T16:21:56.000Z</time>
      </trkpt>
      <trkpt lat="40.64902" lon="-7.32329">
        <ele>527</ele>
        <time>2026-08-16T16:22:00.000Z</time>
      </trkpt>
      <trkpt lat="40.64924" lon="-7.32308">
        <ele>527</ele>
        <time>2026-08-16T16:22:04.000Z</time>
      </trkpt>
      <trkpt lat="40.64947" lon="-7.32285">
        <ele>527</ele>
        <time>2026-08-16T16:22:08.000Z</time>
      </trkpt>
      <trkpt lat="40.64962" lon="-7.32268">
        <ele>527</ele>
        <time>2026-08-16T16:22:12.000Z</time>
      </trkpt>
      <trkpt lat="40.64974" lon="-7.32264">
        <ele>527</ele>
        <time>2026-08-16T16:22:16.000Z</time>
      </trkpt>
      <trkpt lat="40.64991" lon="-7.32269">
        <ele>527</ele>
        <time>2026-08-16T16:22:20.000Z</time>
      </trkpt>
      <trkpt lat="40.65003" lon="-7.32285">
        <ele>527</ele>
        <time>2026-08-16T16:22:24.000Z</time>
      </trkpt>
      <trkpt lat="40.65017" lon="-7.3231">
        <ele>527</ele>
        <time>2026-08-16T16:22:28.000Z</time>
      </trkpt>
      <trkpt lat="40.65031" lon="-7.3232">
        <ele>527</ele>
        <time>2026-08-16T16:22:32.000Z</time>
      </trkpt>
      <trkpt lat="40.65051" lon="-7.32332">
        <ele>527</ele>
        <time>2026-08-16T16:22:36.000Z</time>
      </trkpt>
      <trkpt lat="40.65067" lon="-7.32382">
        <ele>527</ele>
        <time>2026-08-16T16:22:40.000Z</time>
      </trkpt>
      <trkpt lat="40.65084" lon="-7.32435">
        <ele>527</ele>
        <time>2026-08-16T16:22:44.000Z</time>
      </trkpt>
      <trkpt lat="40.65115" lon="-7.32488">
        <ele>527</ele>
        <time>2026-08-16T16:22:48.000Z</time>
      </trkpt>
      <trkpt lat="40.6515" lon="-7.32538">
        <ele>527</ele>
        <time>2026-08-16T16:22:52.000Z</time>
      </trkpt>
      <trkpt lat="40.65162" lon="-7.32586">
        <ele>527</ele>
        <time>2026-08-16T16:22:56.000Z</time>
      </trkpt>
      <trkpt lat="40.65166" lon="-7.32606">
        <ele>527</ele>
        <time>2026-08-16T16:23:00.000Z</time>
      </trkpt>
      <trkpt lat="40.65169" lon="-7.32618">
        <ele>527</ele>
        <time>2026-08-16T16:23:04.000Z</time>
      </trkpt>
      <trkpt lat="40.65172" lon="-7.32629">
        <ele>527</ele>
        <time>2026-08-16T16:23:08.000Z</time>
      </trkpt>
      <trkpt lat="40.65179" lon="-7.32643">
        <ele>497</ele>
        <time>2026-08-16T16:25:06.000Z</time>
      </trkpt>
      <trkpt lat="40.65183" lon="-7.32653">
        <ele>497</ele>
        <time>2026-08-16T16:25:10.000Z</time>
      </trkpt>
      <trkpt lat="40.65189" lon="-7.32662">
        <ele>496</ele>
        <time>2026-08-16T16:25:14.000Z</time>
      </trkpt>
      <trkpt lat="40.65194" lon="-7.3267">
        <ele>499</ele>
        <time>2026-08-16T16:25:30.000Z</time>
      </trkpt>
      <trkpt lat="40.65186" lon="-7.32662">
        <ele>499</ele>
        <time>2026-08-16T16:25:54.000Z</time>
      </trkpt>
      <trkpt lat="40.6518" lon="-7.32647">
        <ele>498</ele>
        <time>2026-08-16T16:25:58.000Z</time>
      </trkpt>
      <trkpt lat="40.65172" lon="-7.32625">
        <ele>498</ele>
        <time>2026-08-16T16:26:02.000Z</time>
      </trkpt>
      <trkpt lat="40.65165" lon="-7.32596">
        <ele>499</ele>
        <time>2026-08-16T16:26:06.000Z</time>
      </trkpt>
      <trkpt lat="40.65158" lon="-7.32563">
        <ele>499</ele>
        <time>2026-08-16T16:26:10.000Z</time>
      </trkpt>
      <trkpt lat="40.65149" lon="-7.32537">
        <ele>501</ele>
        <time>2026-08-16T16:26:14.000Z</time>
      </trkpt>
      <trkpt lat="40.65135" lon="-7.32513">
        <ele>503</ele>
        <time>2026-08-16T16:26:18.000Z</time>
      </trkpt>
      <trkpt lat="40.65118" lon="-7.32491">
        <ele>503</ele>
        <time>2026-08-16T16:26:22.000Z</time>
      </trkpt>
      <trkpt lat="40.65099" lon="-7.32462">
        <ele>505</ele>
        <time>2026-08-16T16:26:26.000Z</time>
      </trkpt>
      <trkpt lat="40.65083" lon="-7.32433">
        <ele>506</ele>
        <time>2026-08-16T16:26:30.000Z</time>
      </trkpt>
      <trkpt lat="40.65073" lon="-7.32401">
        <ele>510</ele>
        <time>2026-08-16T16:26:34.000Z</time>
      </trkpt>
      <trkpt lat="40.65064" lon="-7.32373">
        <ele>512</ele>
        <time>2026-08-16T16:26:38.000Z</time>
      </trkpt>
      <trkpt lat="40.65057" lon="-7.32352">
        <ele>514</ele>
        <time>2026-08-16T16:26:42.000Z</time>
      </trkpt>
      <trkpt lat="40.65051" lon="-7.32333">
        <ele>516</ele>
        <time>2026-08-16T16:26:46.000Z</time>
      </trkpt>
      <trkpt lat="40.6504" lon="-7.32324">
        <ele>517</ele>
        <time>2026-08-16T16:26:50.000Z</time>
      </trkpt>
      <trkpt lat="40.65028" lon="-7.32319">
        <ele>516</ele>
        <time>2026-08-16T16:26:54.000Z</time>
      </trkpt>
      <trkpt lat="40.65011" lon="-7.32302">
        <ele>517</ele>
        <time>2026-08-16T16:26:58.000Z</time>
      </trkpt>
      <trkpt lat="40.64999" lon="-7.32278">
        <ele>518</ele>
        <time>2026-08-16T16:27:02.000Z</time>
      </trkpt>
      <trkpt lat="40.64983" lon="-7.32266">
        <ele>519</ele>
        <time>2026-08-16T16:27:06.000Z</time>
      </trkpt>
      <trkpt lat="40.64973" lon="-7.32264">
        <ele>530</ele>
        <time>2026-08-16T16:27:10.000Z</time>
      </trkpt>
      <trkpt lat="40.64963" lon="-7.32266">
        <ele>530</ele>
        <time>2026-08-16T16:27:14.000Z</time>
      </trkpt>
      <trkpt lat="40.64953" lon="-7.32278">
        <ele>530</ele>
        <time>2026-08-16T16:27:18.000Z</time>
      </trkpt>
      <trkpt lat="40.64939" lon="-7.32293">
        <ele>530</ele>
        <time>2026-08-16T16:27:22.000Z</time>
      </trkpt>
      <trkpt lat="40.64925" lon="-7.32307">
        <ele>530</ele>
        <time>2026-08-16T16:27:26.000Z</time>
      </trkpt>
      <trkpt lat="40.6491" lon="-7.32321">
        <ele>530</ele>
        <time>2026-08-16T16:27:30.000Z</time>
      </trkpt>
      <trkpt lat="40.64897" lon="-7.32333">
        <ele>530</ele>
        <time>2026-08-16T16:27:34.000Z</time>
      </trkpt>
      <trkpt lat="40.64885" lon="-7.32339">
        <ele>530</ele>
        <time>2026-08-16T16:27:38.000Z</time>
      </trkpt>
      <trkpt lat="40.64869" lon="-7.32358">
        <ele>530</ele>
        <time>2026-08-16T16:27:42.000Z</time>
      </trkpt>
      <trkpt lat="40.64856" lon="-7.32377">
        <ele>530</ele>
        <time>2026-08-16T16:27:46.000Z</time>
      </trkpt>
      <trkpt lat="40.64857" lon="-7.32405">
        <ele>528</ele>
        <time>2026-08-16T16:27:50.000Z</time>
      </trkpt>
      <trkpt lat="40.64858" lon="-7.32418">
        <ele>528</ele>
        <time>2026-08-16T16:27:54.000Z</time>
      </trkpt>
      <trkpt lat="40.64856" lon="-7.32428">
        <ele>528</ele>
        <time>2026-08-16T16:27:59.000Z</time>
      </trkpt>
      <trkpt lat="40.64853" lon="-7.32437">
        <ele>528</ele>
        <time>2026-08-16T16:28:03.000Z</time>
      </trkpt>
      <trkpt lat="40.64846" lon="-7.32446">
        <ele>529</ele>
        <time>2026-08-16T16:46:00.000Z</time>
      </trkpt>
      <trkpt lat="40.64834" lon="-7.32454">
        <ele>529</ele>
        <time>2026-08-16T16:46:05.000Z</time>
      </trkpt>
      <trkpt lat="40.64809" lon="-7.32475">
        <ele>529</ele>
        <time>2026-08-16T16:46:10.000Z</time>
      </trkpt>
      <trkpt lat="40.64794" lon="-7.32504">
        <ele>529</ele>
        <time>2026-08-16T16:46:15.000Z</time>
      </trkpt>
      <trkpt lat="40.64781" lon="-7.32531">
        <ele>529</ele>
        <time>2026-08-16T16:46:19.000Z</time>
      </trkpt>
      <trkpt lat="40.64758" lon="-7.32546">
        <ele>529</ele>
        <time>2026-08-16T16:46:24.000Z</time>
      </trkpt>
      <trkpt lat="40.64744" lon="-7.32555">
        <ele>529</ele>
        <time>2026-08-16T16:46:28.000Z</time>
      </trkpt>
      <trkpt lat="40.64735" lon="-7.32564">
        <ele>529</ele>
        <time>2026-08-16T16:46:32.000Z</time>
      </trkpt>
      <trkpt lat="40.64725" lon="-7.32581">
        <ele>529</ele>
        <time>2026-08-16T16:46:36.000Z</time>
      </trkpt>
      <trkpt lat="40.64713" lon="-7.32604">
        <ele>525</ele>
        <time>2026-08-16T16:46:40.000Z</time>
      </trkpt>
      <trkpt lat="40.64702" lon="-7.32636">
        <ele>522</ele>
        <time>2026-08-16T16:46:45.000Z</time>
      </trkpt>
      <trkpt lat="40.64684" lon="-7.32644">
        <ele>521</ele>
        <time>2026-08-16T16:46:49.000Z</time>
      </trkpt>
      <trkpt lat="40.64645" lon="-7.32643">
        <ele>518</ele>
        <time>2026-08-16T16:46:53.000Z</time>
      </trkpt>
      <trkpt lat="40.64619" lon="-7.32642">
        <ele>514</ele>
        <time>2026-08-16T16:46:57.000Z</time>
      </trkpt>
      <trkpt lat="40.64577" lon="-7.3264">
        <ele>527</ele>
        <time>2026-08-16T16:47:02.000Z</time>
      </trkpt>
      <trkpt lat="40.64532" lon="-7.32655">
        <ele>527</ele>
        <time>2026-08-16T16:47:07.000Z</time>
      </trkpt>
      <trkpt lat="40.6448" lon="-7.32671">
        <ele>527</ele>
        <time>2026-08-16T16:47:11.000Z</time>
      </trkpt>
      <trkpt lat="40.6444" lon="-7.32681">
        <ele>527</ele>
        <time>2026-08-16T16:47:15.000Z</time>
      </trkpt>
      <trkpt lat="40.64402" lon="-7.32688">
        <ele>527</ele>
        <time>2026-08-16T16:47:19.000Z</time>
      </trkpt>
      <trkpt lat="40.6436" lon="-7.32696">
        <ele>503</ele>
        <time>2026-08-16T16:47:24.000Z</time>
      </trkpt>
      <trkpt lat="40.64303" lon="-7.32707">
        <ele>503</ele>
        <time>2026-08-16T16:47:28.000Z</time>
      </trkpt>
      <trkpt lat="40.64262" lon="-7.32714">
        <ele>503</ele>
        <time>2026-08-16T16:47:32.000Z</time>
      </trkpt>
      <trkpt lat="40.64226" lon="-7.32694">
        <ele>503</ele>
        <time>2026-08-16T16:47:36.000Z</time>
      </trkpt>
      <trkpt lat="40.64198" lon="-7.32665">
        <ele>503</ele>
        <time>2026-08-16T16:47:40.000Z</time>
      </trkpt>
      <trkpt lat="40.64172" lon="-7.3265">
        <ele>503</ele>
        <time>2026-08-16T16:47:44.000Z</time>
      </trkpt>
      <trkpt lat="40.64118" lon="-7.32656">
        <ele>503</ele>
        <time>2026-08-16T16:47:48.000Z</time>
      </trkpt>
      <trkpt lat="40.64073" lon="-7.32684">
        <ele>503</ele>
        <time>2026-08-16T16:47:52.000Z</time>
      </trkpt>
      <trkpt lat="40.64052" lon="-7.32745">
        <ele>503</ele>
        <time>2026-08-16T16:47:56.000Z</time>
      </trkpt>
      <trkpt lat="40.6404" lon="-7.32815">
        <ele>503</ele>
        <time>2026-08-16T16:48:00.000Z</time>
      </trkpt>
      <trkpt lat="40.64033" lon="-7.32891">
        <ele>503</ele>
        <time>2026-08-16T16:48:04.000Z</time>
      </trkpt>
      <trkpt lat="40.64029" lon="-7.32974">
        <ele>503</ele>
        <time>2026-08-16T16:48:08.000Z</time>
      </trkpt>
      <trkpt lat="40.64026" lon="-7.33063">
        <ele>503</ele>
        <time>2026-08-16T16:48:12.000Z</time>
      </trkpt>
      <trkpt lat="40.64026" lon="-7.3316">
        <ele>503</ele>
        <time>2026-08-16T16:48:16.000Z</time>
      </trkpt>
      <trkpt lat="40.64042" lon="-7.33266">
        <ele>503</ele>
        <time>2026-08-16T16:48:20.000Z</time>
      </trkpt>
      <trkpt lat="40.64068" lon="-7.33372">
        <ele>503</ele>
        <time>2026-08-16T16:48:24.000Z</time>
      </trkpt>
      <trkpt lat="40.64091" lon="-7.33478">
        <ele>503</ele>
        <time>2026-08-16T16:48:28.000Z</time>
      </trkpt>
      <trkpt lat="40.64109" lon="-7.33589">
        <ele>503</ele>
        <time>2026-08-16T16:48:32.000Z</time>
      </trkpt>
      <trkpt lat="40.64114" lon="-7.33705">
        <ele>503</ele>
        <time>2026-08-16T16:48:36.000Z</time>
      </trkpt>
      <trkpt lat="40.64104" lon="-7.33822">
        <ele>503</ele>
        <time>2026-08-16T16:48:40.000Z</time>
      </trkpt>
      <trkpt lat="40.64081" lon="-7.33936">
        <ele>503</ele>
        <time>2026-08-16T16:48:44.000Z</time>
      </trkpt>
      <trkpt lat="40.64052" lon="-7.34049">
        <ele>503</ele>
        <time>2026-08-16T16:48:48.000Z</time>
      </trkpt>
      <trkpt lat="40.64023" lon="-7.3416">
        <ele>532</ele>
        <time>2026-08-16T16:48:52.000Z</time>
      </trkpt>
      <trkpt lat="40.63994" lon="-7.34273">
        <ele>535</ele>
        <time>2026-08-16T16:48:56.000Z</time>
      </trkpt>
      <trkpt lat="40.63963" lon="-7.34392">
        <ele>537</ele>
        <time>2026-08-16T16:49:00.000Z</time>
      </trkpt>
      <trkpt lat="40.6393" lon="-7.34519">
        <ele>537</ele>
        <time>2026-08-16T16:49:04.000Z</time>
      </trkpt>
      <trkpt lat="40.63892" lon="-7.34648">
        <ele>539</ele>
        <time>2026-08-16T16:49:08.000Z</time>
      </trkpt>
      <trkpt lat="40.63842" lon="-7.34764">
        <ele>540</ele>
        <time>2026-08-16T16:49:12.000Z</time>
      </trkpt>
      <trkpt lat="40.63782" lon="-7.34866">
        <ele>540</ele>
        <time>2026-08-16T16:49:16.000Z</time>
      </trkpt>
      <trkpt lat="40.6372" lon="-7.34963">
        <ele>540</ele>
        <time>2026-08-16T16:49:20.000Z</time>
      </trkpt>
      <trkpt lat="40.63659" lon="-7.35058">
        <ele>542</ele>
        <time>2026-08-16T16:49:24.000Z</time>
      </trkpt>
      <trkpt lat="40.63596" lon="-7.35153">
        <ele>544</ele>
        <time>2026-08-16T16:49:28.000Z</time>
      </trkpt>
      <trkpt lat="40.63545" lon="-7.35223">
        <ele>546</ele>
        <time>2026-08-16T16:49:32.000Z</time>
      </trkpt>
      <trkpt lat="40.6346" lon="-7.35345">
        <ele>550</ele>
        <time>2026-08-16T16:49:36.000Z</time>
      </trkpt>
      <trkpt lat="40.63378" lon="-7.35427">
        <ele>553</ele>
        <time>2026-08-16T16:49:40.000Z</time>
      </trkpt>
      <trkpt lat="40.63287" lon="-7.3549">
        <ele>554</ele>
        <time>2026-08-16T16:49:44.000Z</time>
      </trkpt>
      <trkpt lat="40.63195" lon="-7.35552">
        <ele>555</ele>
        <time>2026-08-16T16:49:48.000Z</time>
      </trkpt>
      <trkpt lat="40.63105" lon="-7.35616">
        <ele>554</ele>
        <time>2026-08-16T16:49:52.000Z</time>
      </trkpt>
      <trkpt lat="40.63032" lon="-7.35704">
        <ele>552</ele>
        <time>2026-08-16T16:49:56.000Z</time>
      </trkpt>
      <trkpt lat="40.62952" lon="-7.35795">
        <ele>550</ele>
        <time>2026-08-16T16:50:00.000Z</time>
      </trkpt>
      <trkpt lat="40.62896" lon="-7.35867">
        <ele>549</ele>
        <time>2026-08-16T16:50:04.000Z</time>
      </trkpt>
      <trkpt lat="40.62807" lon="-7.35988">
        <ele>548</ele>
        <time>2026-08-16T16:50:08.000Z</time>
      </trkpt>
      <trkpt lat="40.62742" lon="-7.36092">
        <ele>546</ele>
        <time>2026-08-16T16:50:12.000Z</time>
      </trkpt>
      <trkpt lat="40.62694" lon="-7.36209">
        <ele>546</ele>
        <time>2026-08-16T16:50:16.000Z</time>
      </trkpt>
      <trkpt lat="40.62658" lon="-7.36332">
        <ele>547</ele>
        <time>2026-08-16T16:50:20.000Z</time>
      </trkpt>
      <trkpt lat="40.62628" lon="-7.36459">
        <ele>549</ele>
        <time>2026-08-16T16:50:24.000Z</time>
      </trkpt>
      <trkpt lat="40.62616" lon="-7.36591">
        <ele>552</ele>
        <time>2026-08-16T16:50:28.000Z</time>
      </trkpt>
      <trkpt lat="40.62631" lon="-7.36724">
        <ele>557</ele>
        <time>2026-08-16T16:50:32.000Z</time>
      </trkpt>
      <trkpt lat="40.6267" lon="-7.3685">
        <ele>561</ele>
        <time>2026-08-16T16:50:36.000Z</time>
      </trkpt>
      <trkpt lat="40.62714" lon="-7.36971">
        <ele>563</ele>
        <time>2026-08-16T16:50:40.000Z</time>
      </trkpt>
      <trkpt lat="40.62757" lon="-7.3709">
        <ele>563</ele>
        <time>2026-08-16T16:50:44.000Z</time>
      </trkpt>
      <trkpt lat="40.62785" lon="-7.37214">
        <ele>562</ele>
        <time>2026-08-16T16:50:48.000Z</time>
      </trkpt>
      <trkpt lat="40.62792" lon="-7.37345">
        <ele>558</ele>
        <time>2026-08-16T16:50:52.000Z</time>
      </trkpt>
      <trkpt lat="40.62775" lon="-7.3748">
        <ele>552</ele>
        <time>2026-08-16T16:50:56.000Z</time>
      </trkpt>
      <trkpt lat="40.62748" lon="-7.37616">
        <ele>544</ele>
        <time>2026-08-16T16:51:00.000Z</time>
      </trkpt>
      <trkpt lat="40.62719" lon="-7.37757">
        <ele>536</ele>
        <time>2026-08-16T16:51:04.000Z</time>
      </trkpt>
      <trkpt lat="40.62693" lon="-7.37899">
        <ele>528</ele>
        <time>2026-08-16T16:51:08.000Z</time>
      </trkpt>
      <trkpt lat="40.6269" lon="-7.38042">
        <ele>523</ele>
        <time>2026-08-16T16:51:12.000Z</time>
      </trkpt>
      <trkpt lat="40.62715" lon="-7.38181">
        <ele>520</ele>
        <time>2026-08-16T16:51:16.000Z</time>
      </trkpt>
      <trkpt lat="40.62758" lon="-7.3831">
        <ele>524</ele>
        <time>2026-08-16T16:51:20.000Z</time>
      </trkpt>
      <trkpt lat="40.62791" lon="-7.38445">
        <ele>524</ele>
        <time>2026-08-16T16:51:24.000Z</time>
      </trkpt>
      <trkpt lat="40.62795" lon="-7.38584">
        <ele>523</ele>
        <time>2026-08-16T16:51:28.000Z</time>
      </trkpt>
      <trkpt lat="40.62773" lon="-7.38719">
        <ele>523</ele>
        <time>2026-08-16T16:51:32.000Z</time>
      </trkpt>
      <trkpt lat="40.62728" lon="-7.38849">
        <ele>524</ele>
        <time>2026-08-16T16:51:36.000Z</time>
      </trkpt>
      <trkpt lat="40.6268" lon="-7.38979">
        <ele>527</ele>
        <time>2026-08-16T16:51:40.000Z</time>
      </trkpt>
      <trkpt lat="40.62633" lon="-7.39104">
        <ele>533</ele>
        <time>2026-08-16T16:51:44.000Z</time>
      </trkpt>
      <trkpt lat="40.62588" lon="-7.39226">
        <ele>540</ele>
        <time>2026-08-16T16:51:48.000Z</time>
      </trkpt>
      <trkpt lat="40.62542" lon="-7.39347">
        <ele>547</ele>
        <time>2026-08-16T16:51:52.000Z</time>
      </trkpt>
      <trkpt lat="40.62496" lon="-7.39466">
        <ele>554</ele>
        <time>2026-08-16T16:51:56.000Z</time>
      </trkpt>
      <trkpt lat="40.62453" lon="-7.39588">
        <ele>558</ele>
        <time>2026-08-16T16:52:00.000Z</time>
      </trkpt>
      <trkpt lat="40.62418" lon="-7.39713">
        <ele>562</ele>
        <time>2026-08-16T16:52:04.000Z</time>
      </trkpt>
      <trkpt lat="40.62405" lon="-7.39841">
        <ele>564</ele>
        <time>2026-08-16T16:52:08.000Z</time>
      </trkpt>
      <trkpt lat="40.62425" lon="-7.3996">
        <ele>566</ele>
        <time>2026-08-16T16:52:12.000Z</time>
      </trkpt>
      <trkpt lat="40.62451" lon="-7.40083">
        <ele>566</ele>
        <time>2026-08-16T16:52:16.000Z</time>
      </trkpt>
      <trkpt lat="40.62508" lon="-7.40195">
        <ele>566</ele>
        <time>2026-08-16T16:52:20.000Z</time>
      </trkpt>
      <trkpt lat="40.62566" lon="-7.40287">
        <ele>565</ele>
        <time>2026-08-16T16:52:24.000Z</time>
      </trkpt>
      <trkpt lat="40.62626" lon="-7.40385">
        <ele>563</ele>
        <time>2026-08-16T16:52:28.000Z</time>
      </trkpt>
      <trkpt lat="40.62689" lon="-7.40483">
        <ele>559</ele>
        <time>2026-08-16T16:52:32.000Z</time>
      </trkpt>
      <trkpt lat="40.62753" lon="-7.40583">
        <ele>554</ele>
        <time>2026-08-16T16:52:36.000Z</time>
      </trkpt>
      <trkpt lat="40.62814" lon="-7.4069">
        <ele>549</ele>
        <time>2026-08-16T16:52:40.000Z</time>
      </trkpt>
      <trkpt lat="40.62861" lon="-7.4081">
        <ele>541</ele>
        <time>2026-08-16T16:52:44.000Z</time>
      </trkpt>
      <trkpt lat="40.62887" lon="-7.40908">
        <ele>535</ele>
        <time>2026-08-16T16:52:48.000Z</time>
      </trkpt>
      <trkpt lat="40.62925" lon="-7.41083">
        <ele>528</ele>
        <time>2026-08-16T16:52:52.000Z</time>
      </trkpt>
      <trkpt lat="40.62955" lon="-7.41223">
        <ele>519</ele>
        <time>2026-08-16T16:52:56.000Z</time>
      </trkpt>
      <trkpt lat="40.62984" lon="-7.41359">
        <ele>511</ele>
        <time>2026-08-16T16:53:00.000Z</time>
      </trkpt>
      <trkpt lat="40.63013" lon="-7.41481">
        <ele>504</ele>
        <time>2026-08-16T16:53:04.000Z</time>
      </trkpt>
      <trkpt lat="40.63039" lon="-7.41608">
        <ele>500</ele>
        <time>2026-08-16T16:53:08.000Z</time>
      </trkpt>
      <trkpt lat="40.63055" lon="-7.41744">
        <ele>497</ele>
        <time>2026-08-16T16:53:12.000Z</time>
      </trkpt>
      <trkpt lat="40.63048" lon="-7.41884">
        <ele>496</ele>
        <time>2026-08-16T16:53:16.000Z</time>
      </trkpt>
      <trkpt lat="40.63019" lon="-7.42018">
        <ele>494</ele>
        <time>2026-08-16T16:53:20.000Z</time>
      </trkpt>
      <trkpt lat="40.62975" lon="-7.42145">
        <ele>491</ele>
        <time>2026-08-16T16:53:24.000Z</time>
      </trkpt>
      <trkpt lat="40.62929" lon="-7.42272">
        <ele>488</ele>
        <time>2026-08-16T16:53:28.000Z</time>
      </trkpt>
      <trkpt lat="40.62884" lon="-7.42403">
        <ele>485</ele>
        <time>2026-08-16T16:53:32.000Z</time>
      </trkpt>
      <trkpt lat="40.62865" lon="-7.42543">
        <ele>481</ele>
        <time>2026-08-16T16:53:36.000Z</time>
      </trkpt>
      <trkpt lat="40.62875" lon="-7.42686">
        <ele>476</ele>
        <time>2026-08-16T16:53:40.000Z</time>
      </trkpt>
      <trkpt lat="40.62916" lon="-7.42821">
        <ele>469</ele>
        <time>2026-08-16T16:53:44.000Z</time>
      </trkpt>
      <trkpt lat="40.62981" lon="-7.42937">
        <ele>461</ele>
        <time>2026-08-16T16:53:48.000Z</time>
      </trkpt>
      <trkpt lat="40.6306" lon="-7.4304">
        <ele>453</ele>
        <time>2026-08-16T16:53:52.000Z</time>
      </trkpt>
      <trkpt lat="40.63136" lon="-7.43147">
        <ele>445</ele>
        <time>2026-08-16T16:53:56.000Z</time>
      </trkpt>
      <trkpt lat="40.63195" lon="-7.43266">
        <ele>445</ele>
        <time>2026-08-16T16:54:00.000Z</time>
      </trkpt>
      <trkpt lat="40.63234" lon="-7.43393">
        <ele>446</ele>
        <time>2026-08-16T16:54:04.000Z</time>
      </trkpt>
      <trkpt lat="40.63254" lon="-7.43525">
        <ele>449</ele>
        <time>2026-08-16T16:54:08.000Z</time>
      </trkpt>
      <trkpt lat="40.63269" lon="-7.43655">
        <ele>453</ele>
        <time>2026-08-16T16:54:12.000Z</time>
      </trkpt>
      <trkpt lat="40.63283" lon="-7.43782">
        <ele>457</ele>
        <time>2026-08-16T16:54:16.000Z</time>
      </trkpt>
      <trkpt lat="40.63304" lon="-7.43907">
        <ele>460</ele>
        <time>2026-08-16T16:54:20.000Z</time>
      </trkpt>
      <trkpt lat="40.63338" lon="-7.44031">
        <ele>462</ele>
        <time>2026-08-16T16:54:24.000Z</time>
      </trkpt>
      <trkpt lat="40.63373" lon="-7.44162">
        <ele>466</ele>
        <time>2026-08-16T16:54:28.000Z</time>
      </trkpt>
      <trkpt lat="40.63408" lon="-7.44291">
        <ele>467</ele>
        <time>2026-08-16T16:54:32.000Z</time>
      </trkpt>
      <trkpt lat="40.63443" lon="-7.44419">
        <ele>470</ele>
        <time>2026-08-16T16:54:36.000Z</time>
      </trkpt>
      <trkpt lat="40.63473" lon="-7.44547">
        <ele>473</ele>
        <time>2026-08-16T16:54:40.000Z</time>
      </trkpt>
      <trkpt lat="40.6348" lon="-7.4468">
        <ele>475</ele>
        <time>2026-08-16T16:54:44.000Z</time>
      </trkpt>
      <trkpt lat="40.63466" lon="-7.4481">
        <ele>479</ele>
        <time>2026-08-16T16:54:48.000Z</time>
      </trkpt>
      <trkpt lat="40.63443" lon="-7.44941">
        <ele>484</ele>
        <time>2026-08-16T16:54:52.000Z</time>
      </trkpt>
      <trkpt lat="40.63438" lon="-7.45076">
        <ele>488</ele>
        <time>2026-08-16T16:54:56.000Z</time>
      </trkpt>
      <trkpt lat="40.6346" lon="-7.45207">
        <ele>490</ele>
        <time>2026-08-16T16:55:00.000Z</time>
      </trkpt>
      <trkpt lat="40.63507" lon="-7.45327">
        <ele>490</ele>
        <time>2026-08-16T16:55:04.000Z</time>
      </trkpt>
      <trkpt lat="40.63554" lon="-7.45447">
        <ele>490</ele>
        <time>2026-08-16T16:55:08.000Z</time>
      </trkpt>
      <trkpt lat="40.63581" lon="-7.45576">
        <ele>489</ele>
        <time>2026-08-16T16:55:12.000Z</time>
      </trkpt>
      <trkpt lat="40.6358" lon="-7.4571">
        <ele>488</ele>
        <time>2026-08-16T16:55:16.000Z</time>
      </trkpt>
      <trkpt lat="40.63554" lon="-7.45836">
        <ele>485</ele>
        <time>2026-08-16T16:55:20.000Z</time>
      </trkpt>
      <trkpt lat="40.63504" lon="-7.4595">
        <ele>482</ele>
        <time>2026-08-16T16:55:24.000Z</time>
      </trkpt>
      <trkpt lat="40.6345" lon="-7.46059">
        <ele>479</ele>
        <time>2026-08-16T16:55:28.000Z</time>
      </trkpt>
      <trkpt lat="40.63407" lon="-7.46178">
        <ele>475</ele>
        <time>2026-08-16T16:55:32.000Z</time>
      </trkpt>
      <trkpt lat="40.63379" lon="-7.46309">
        <ele>469</ele>
        <time>2026-08-16T16:55:36.000Z</time>
      </trkpt>
      <trkpt lat="40.63351" lon="-7.4644">
        <ele>465</ele>
        <time>2026-08-16T16:55:40.000Z</time>
      </trkpt>
      <trkpt lat="40.63311" lon="-7.46562">
        <ele>459</ele>
        <time>2026-08-16T16:55:44.000Z</time>
      </trkpt>
      <trkpt lat="40.6325" lon="-7.4667">
        <ele>455</ele>
        <time>2026-08-16T16:55:48.000Z</time>
      </trkpt>
      <trkpt lat="40.63182" lon="-7.46774">
        <ele>452</ele>
        <time>2026-08-16T16:55:52.000Z</time>
      </trkpt>
      <trkpt lat="40.63113" lon="-7.46879">
        <ele>448</ele>
        <time>2026-08-16T16:55:56.000Z</time>
      </trkpt>
      <trkpt lat="40.63056" lon="-7.46998">
        <ele>444</ele>
        <time>2026-08-16T16:56:00.000Z</time>
      </trkpt>
      <trkpt lat="40.63024" lon="-7.47134">
        <ele>437</ele>
        <time>2026-08-16T16:56:04.000Z</time>
      </trkpt>
      <trkpt lat="40.63018" lon="-7.47278">
        <ele>432</ele>
        <time>2026-08-16T16:56:08.000Z</time>
      </trkpt>
      <trkpt lat="40.63016" lon="-7.47419">
        <ele>430</ele>
        <time>2026-08-16T16:56:12.000Z</time>
      </trkpt>
      <trkpt lat="40.62992" lon="-7.47549">
        <ele>429</ele>
        <time>2026-08-16T16:56:16.000Z</time>
      </trkpt>
      <trkpt lat="40.62946" lon="-7.47665">
        <ele>431</ele>
        <time>2026-08-16T16:56:20.000Z</time>
      </trkpt>
      <trkpt lat="40.62879" lon="-7.47763">
        <ele>435</ele>
        <time>2026-08-16T16:56:24.000Z</time>
      </trkpt>
      <trkpt lat="40.62794" lon="-7.4784">
        <ele>441</ele>
        <time>2026-08-16T16:56:28.000Z</time>
      </trkpt>
      <trkpt lat="40.62702" lon="-7.47902">
        <ele>449</ele>
        <time>2026-08-16T16:56:32.000Z</time>
      </trkpt>
      <trkpt lat="40.62613" lon="-7.47962">
        <ele>455</ele>
        <time>2026-08-16T16:56:36.000Z</time>
      </trkpt>
      <trkpt lat="40.62526" lon="-7.48021">
        <ele>462</ele>
        <time>2026-08-16T16:56:40.000Z</time>
      </trkpt>
      <trkpt lat="40.62445" lon="-7.48092">
        <ele>467</ele>
        <time>2026-08-16T16:56:44.000Z</time>
      </trkpt>
      <trkpt lat="40.62379" lon="-7.48192">
        <ele>472</ele>
        <time>2026-08-16T16:56:48.000Z</time>
      </trkpt>
      <trkpt lat="40.62335" lon="-7.48314">
        <ele>474</ele>
        <time>2026-08-16T16:56:52.000Z</time>
      </trkpt>
      <trkpt lat="40.62318" lon="-7.48449">
        <ele>477</ele>
        <time>2026-08-16T16:56:56.000Z</time>
      </trkpt>
      <trkpt lat="40.62331" lon="-7.48586">
        <ele>479</ele>
        <time>2026-08-16T16:57:00.000Z</time>
      </trkpt>
      <trkpt lat="40.62361" lon="-7.48714">
        <ele>477</ele>
        <time>2026-08-16T16:57:04.000Z</time>
      </trkpt>
      <trkpt lat="40.62383" lon="-7.48833">
        <ele>475</ele>
        <time>2026-08-16T16:57:08.000Z</time>
      </trkpt>
      <trkpt lat="40.62383" lon="-7.48955">
        <ele>472</ele>
        <time>2026-08-16T16:57:12.000Z</time>
      </trkpt>
      <trkpt lat="40.6236" lon="-7.49076">
        <ele>469</ele>
        <time>2026-08-16T16:57:16.000Z</time>
      </trkpt>
      <trkpt lat="40.62318" lon="-7.49192">
        <ele>467</ele>
        <time>2026-08-16T16:57:20.000Z</time>
      </trkpt>
      <trkpt lat="40.62273" lon="-7.4931">
        <ele>466</ele>
        <time>2026-08-16T16:57:24.000Z</time>
      </trkpt>
      <trkpt lat="40.62224" lon="-7.49426">
        <ele>465</ele>
        <time>2026-08-16T16:57:28.000Z</time>
      </trkpt>
      <trkpt lat="40.62168" lon="-7.49537">
        <ele>465</ele>
        <time>2026-08-16T16:57:32.000Z</time>
      </trkpt>
      <trkpt lat="40.6211" lon="-7.49648">
        <ele>464</ele>
        <time>2026-08-16T16:57:36.000Z</time>
      </trkpt>
      <trkpt lat="40.62051" lon="-7.4976">
        <ele>462</ele>
        <time>2026-08-16T16:57:40.000Z</time>
      </trkpt>
      <trkpt lat="40.62001" lon="-7.49882">
        <ele>462</ele>
        <time>2026-08-16T16:57:44.000Z</time>
      </trkpt>
      <trkpt lat="40.61961" lon="-7.50012">
        <ele>460</ele>
        <time>2026-08-16T16:57:48.000Z</time>
      </trkpt>
      <trkpt lat="40.61921" lon="-7.50141">
        <ele>459</ele>
        <time>2026-08-16T16:57:52.000Z</time>
      </trkpt>
      <trkpt lat="40.6188" lon="-7.50272">
        <ele>458</ele>
        <time>2026-08-16T16:57:56.000Z</time>
      </trkpt>
      <trkpt lat="40.61854" lon="-7.50408">
        <ele>458</ele>
        <time>2026-08-16T16:58:00.000Z</time>
      </trkpt>
      <trkpt lat="40.61844" lon="-7.50546">
        <ele>460</ele>
        <time>2026-08-16T16:58:04.000Z</time>
      </trkpt>
      <trkpt lat="40.61838" lon="-7.50683">
        <ele>462</ele>
        <time>2026-08-16T16:58:08.000Z</time>
      </trkpt>
      <trkpt lat="40.61831" lon="-7.5082">
        <ele>462</ele>
        <time>2026-08-16T16:58:12.000Z</time>
      </trkpt>
      <trkpt lat="40.61829" lon="-7.50959">
        <ele>462</ele>
        <time>2026-08-16T16:58:16.000Z</time>
      </trkpt>
      <trkpt lat="40.61847" lon="-7.51095">
        <ele>461</ele>
        <time>2026-08-16T16:58:20.000Z</time>
      </trkpt>
      <trkpt lat="40.61872" lon="-7.51228">
        <ele>458</ele>
        <time>2026-08-16T16:58:24.000Z</time>
      </trkpt>
      <trkpt lat="40.61898" lon="-7.51362">
        <ele>454</ele>
        <time>2026-08-16T16:58:28.000Z</time>
      </trkpt>
      <trkpt lat="40.61924" lon="-7.51497">
        <ele>449</ele>
        <time>2026-08-16T16:58:32.000Z</time>
      </trkpt>
      <trkpt lat="40.61934" lon="-7.51631">
        <ele>445</ele>
        <time>2026-08-16T16:58:36.000Z</time>
      </trkpt>
      <trkpt lat="40.61918" lon="-7.51762">
        <ele>444</ele>
        <time>2026-08-16T16:58:40.000Z</time>
      </trkpt>
      <trkpt lat="40.6188" lon="-7.51884">
        <ele>443</ele>
        <time>2026-08-16T16:58:44.000Z</time>
      </trkpt>
      <trkpt lat="40.61827" lon="-7.51996">
        <ele>445</ele>
        <time>2026-08-16T16:58:48.000Z</time>
      </trkpt>
      <trkpt lat="40.61773" lon="-7.52107">
        <ele>447</ele>
        <time>2026-08-16T16:58:52.000Z</time>
      </trkpt>
      <trkpt lat="40.61718" lon="-7.52219">
        <ele>448</ele>
        <time>2026-08-16T16:58:56.000Z</time>
      </trkpt>
      <trkpt lat="40.61662" lon="-7.52334">
        <ele>449</ele>
        <time>2026-08-16T16:59:00.000Z</time>
      </trkpt>
      <trkpt lat="40.61597" lon="-7.52441">
        <ele>451</ele>
        <time>2026-08-16T16:59:04.000Z</time>
      </trkpt>
      <trkpt lat="40.61525" lon="-7.52537">
        <ele>452</ele>
        <time>2026-08-16T16:59:08.000Z</time>
      </trkpt>
      <trkpt lat="40.61455" lon="-7.52629">
        <ele>455</ele>
        <time>2026-08-16T16:59:12.000Z</time>
      </trkpt>
      <trkpt lat="40.61384" lon="-7.52723">
        <ele>457</ele>
        <time>2026-08-16T16:59:16.000Z</time>
      </trkpt>
      <trkpt lat="40.61307" lon="-7.52806">
        <ele>456</ele>
        <time>2026-08-16T16:59:20.000Z</time>
      </trkpt>
      <trkpt lat="40.6122" lon="-7.5287">
        <ele>455</ele>
        <time>2026-08-16T16:59:24.000Z</time>
      </trkpt>
      <trkpt lat="40.61127" lon="-7.52926">
        <ele>451</ele>
        <time>2026-08-16T16:59:28.000Z</time>
      </trkpt>
      <trkpt lat="40.61039" lon="-7.52998">
        <ele>446</ele>
        <time>2026-08-16T16:59:32.000Z</time>
      </trkpt>
      <trkpt lat="40.60964" lon="-7.53095">
        <ele>440</ele>
        <time>2026-08-16T16:59:36.000Z</time>
      </trkpt>
      <trkpt lat="40.60909" lon="-7.53212">
        <ele>435</ele>
        <time>2026-08-16T16:59:40.000Z</time>
      </trkpt>
      <trkpt lat="40.60879" lon="-7.53343">
        <ele>431</ele>
        <time>2026-08-16T16:59:44.000Z</time>
      </trkpt>
      <trkpt lat="40.60859" lon="-7.53474">
        <ele>430</ele>
        <time>2026-08-16T16:59:48.000Z</time>
      </trkpt>
      <trkpt lat="40.60853" lon="-7.53607">
        <ele>432</ele>
        <time>2026-08-16T16:59:52.000Z</time>
      </trkpt>
      <trkpt lat="40.60842" lon="-7.53734">
        <ele>436</ele>
        <time>2026-08-16T16:59:56.000Z</time>
      </trkpt>
      <trkpt lat="40.60806" lon="-7.53864">
        <ele>441</ele>
        <time>2026-08-16T17:00:00.000Z</time>
      </trkpt>
      <trkpt lat="40.60787" lon="-7.53991">
        <ele>447</ele>
        <time>2026-08-16T17:00:04.000Z</time>
      </trkpt>
      <trkpt lat="40.60771" lon="-7.54117">
        <ele>452</ele>
        <time>2026-08-16T17:00:08.000Z</time>
      </trkpt>
      <trkpt lat="40.60763" lon="-7.54246">
        <ele>457</ele>
        <time>2026-08-16T17:00:12.000Z</time>
      </trkpt>
      <trkpt lat="40.60772" lon="-7.5438">
        <ele>463</ele>
        <time>2026-08-16T17:00:16.000Z</time>
      </trkpt>
      <trkpt lat="40.60785" lon="-7.54512">
        <ele>470</ele>
        <time>2026-08-16T17:00:20.000Z</time>
      </trkpt>
      <trkpt lat="40.60792" lon="-7.54644">
        <ele>478</ele>
        <time>2026-08-16T17:00:24.000Z</time>
      </trkpt>
      <trkpt lat="40.60785" lon="-7.54777">
        <ele>484</ele>
        <time>2026-08-16T17:00:28.000Z</time>
      </trkpt>
      <trkpt lat="40.60764" lon="-7.54908">
        <ele>488</ele>
        <time>2026-08-16T17:00:32.000Z</time>
      </trkpt>
      <trkpt lat="40.60728" lon="-7.55034">
        <ele>494</ele>
        <time>2026-08-16T17:00:36.000Z</time>
      </trkpt>
      <trkpt lat="40.60682" lon="-7.55156">
        <ele>498</ele>
        <time>2026-08-16T17:00:40.000Z</time>
      </trkpt>
      <trkpt lat="40.60631" lon="-7.55276">
        <ele>502</ele>
        <time>2026-08-16T17:00:44.000Z</time>
      </trkpt>
      <trkpt lat="40.60583" lon="-7.55398">
        <ele>508</ele>
        <time>2026-08-16T17:00:48.000Z</time>
      </trkpt>
      <trkpt lat="40.60552" lon="-7.55528">
        <ele>512</ele>
        <time>2026-08-16T17:00:52.000Z</time>
      </trkpt>
      <trkpt lat="40.60536" lon="-7.55664">
        <ele>516</ele>
        <time>2026-08-16T17:00:56.000Z</time>
      </trkpt>
      <trkpt lat="40.60537" lon="-7.55803">
        <ele>520</ele>
        <time>2026-08-16T17:01:00.000Z</time>
      </trkpt>
      <trkpt lat="40.60557" lon="-7.55942">
        <ele>525</ele>
        <time>2026-08-16T17:01:04.000Z</time>
      </trkpt>
      <trkpt lat="40.60595" lon="-7.56075">
        <ele>527</ele>
        <time>2026-08-16T17:01:08.000Z</time>
      </trkpt>
      <trkpt lat="40.60647" lon="-7.56199">
        <ele>530</ele>
        <time>2026-08-16T17:01:12.000Z</time>
      </trkpt>
      <trkpt lat="40.60705" lon="-7.5632">
        <ele>533</ele>
        <time>2026-08-16T17:01:16.000Z</time>
      </trkpt>
      <trkpt lat="40.60762" lon="-7.5644">
        <ele>536</ele>
        <time>2026-08-16T17:01:20.000Z</time>
      </trkpt>
      <trkpt lat="40.60817" lon="-7.56554">
        <ele>541</ele>
        <time>2026-08-16T17:01:24.000Z</time>
      </trkpt>
      <trkpt lat="40.6087" lon="-7.56663">
        <ele>545</ele>
        <time>2026-08-16T17:01:28.000Z</time>
      </trkpt>
      <trkpt lat="40.60922" lon="-7.56772">
        <ele>549</ele>
        <time>2026-08-16T17:01:32.000Z</time>
      </trkpt>
      <trkpt lat="40.60978" lon="-7.56886">
        <ele>555</ele>
        <time>2026-08-16T17:01:36.000Z</time>
      </trkpt>
      <trkpt lat="40.61035" lon="-7.56998">
        <ele>559</ele>
        <time>2026-08-16T17:01:40.000Z</time>
      </trkpt>
      <trkpt lat="40.61099" lon="-7.57105">
        <ele>563</ele>
        <time>2026-08-16T17:01:44.000Z</time>
      </trkpt>
      <trkpt lat="40.61178" lon="-7.57195">
        <ele>565</ele>
        <time>2026-08-16T17:01:48.000Z</time>
      </trkpt>
      <trkpt lat="40.61269" lon="-7.57267">
        <ele>566</ele>
        <time>2026-08-16T17:01:52.000Z</time>
      </trkpt>
      <trkpt lat="40.61369" lon="-7.57318">
        <ele>567</ele>
        <time>2026-08-16T17:01:56.000Z</time>
      </trkpt>
      <trkpt lat="40.6147" lon="-7.57355">
        <ele>568</ele>
        <time>2026-08-16T17:02:00.000Z</time>
      </trkpt>
      <trkpt lat="40.61565" lon="-7.57393">
        <ele>569</ele>
        <time>2026-08-16T17:02:04.000Z</time>
      </trkpt>
      <trkpt lat="40.61659" lon="-7.57435">
        <ele>570</ele>
        <time>2026-08-16T17:02:08.000Z</time>
      </trkpt>
      <trkpt lat="40.61748" lon="-7.57495">
        <ele>571</ele>
        <time>2026-08-16T17:02:12.000Z</time>
      </trkpt>
      <trkpt lat="40.6183" lon="-7.57571">
        <ele>570</ele>
        <time>2026-08-16T17:02:16.000Z</time>
      </trkpt>
      <trkpt lat="40.61903" lon="-7.57663">
        <ele>572</ele>
        <time>2026-08-16T17:02:20.000Z</time>
      </trkpt>
      <trkpt lat="40.61963" lon="-7.5777">
        <ele>575</ele>
        <time>2026-08-16T17:02:24.000Z</time>
      </trkpt>
      <trkpt lat="40.62011" lon="-7.57884">
        <ele>580</ele>
        <time>2026-08-16T17:02:28.000Z</time>
      </trkpt>
      <trkpt lat="40.62053" lon="-7.58005">
        <ele>585</ele>
        <time>2026-08-16T17:02:32.000Z</time>
      </trkpt>
      <trkpt lat="40.62096" lon="-7.58128">
        <ele>589</ele>
        <time>2026-08-16T17:02:36.000Z</time>
      </trkpt>
      <trkpt lat="40.62148" lon="-7.58246">
        <ele>591</ele>
        <time>2026-08-16T17:02:40.000Z</time>
      </trkpt>
      <trkpt lat="40.62213" lon="-7.58355">
        <ele>593</ele>
        <time>2026-08-16T17:02:44.000Z</time>
      </trkpt>
      <trkpt lat="40.62281" lon="-7.58461">
        <ele>593</ele>
        <time>2026-08-16T17:02:48.000Z</time>
      </trkpt>
      <trkpt lat="40.62346" lon="-7.58571">
        <ele>593</ele>
        <time>2026-08-16T17:02:52.000Z</time>
      </trkpt>
      <trkpt lat="40.62401" lon="-7.58694">
        <ele>595</ele>
        <time>2026-08-16T17:02:56.000Z</time>
      </trkpt>
      <trkpt lat="40.6244" lon="-7.58829">
        <ele>598</ele>
        <time>2026-08-16T17:03:00.000Z</time>
      </trkpt>
      <trkpt lat="40.62461" lon="-7.58969">
        <ele>602</ele>
        <time>2026-08-16T17:03:04.000Z</time>
      </trkpt>
      <trkpt lat="40.62463" lon="-7.59112">
        <ele>606</ele>
        <time>2026-08-16T17:03:08.000Z</time>
      </trkpt>
      <trkpt lat="40.62446" lon="-7.59249">
        <ele>611</ele>
        <time>2026-08-16T17:03:12.000Z</time>
      </trkpt>
      <trkpt lat="40.62415" lon="-7.59384">
        <ele>614</ele>
        <time>2026-08-16T17:03:16.000Z</time>
      </trkpt>
      <trkpt lat="40.62375" lon="-7.59521">
        <ele>617</ele>
        <time>2026-08-16T17:03:20.000Z</time>
      </trkpt>
      <trkpt lat="40.62344" lon="-7.59625">
        <ele>619</ele>
        <time>2026-08-16T17:03:24.000Z</time>
      </trkpt>
      <trkpt lat="40.62292" lon="-7.59802">
        <ele>622</ele>
        <time>2026-08-16T17:03:28.000Z</time>
      </trkpt>
      <trkpt lat="40.62251" lon="-7.59944">
        <ele>625</ele>
        <time>2026-08-16T17:03:32.000Z</time>
      </trkpt>
      <trkpt lat="40.6221" lon="-7.60082">
        <ele>630</ele>
        <time>2026-08-16T17:03:36.000Z</time>
      </trkpt>
      <trkpt lat="40.62163" lon="-7.60215">
        <ele>637</ele>
        <time>2026-08-16T17:03:40.000Z</time>
      </trkpt>
      <trkpt lat="40.62103" lon="-7.60335">
        <ele>642</ele>
        <time>2026-08-16T17:03:44.000Z</time>
      </trkpt>
      <trkpt lat="40.62029" lon="-7.60438">
        <ele>648</ele>
        <time>2026-08-16T17:03:48.000Z</time>
      </trkpt>
      <trkpt lat="40.61941" lon="-7.60525">
        <ele>653</ele>
        <time>2026-08-16T17:03:52.000Z</time>
      </trkpt>
      <trkpt lat="40.61845" lon="-7.60603">
        <ele>659</ele>
        <time>2026-08-16T17:03:56.000Z</time>
      </trkpt>
      <trkpt lat="40.61752" lon="-7.60678">
        <ele>663</ele>
        <time>2026-08-16T17:04:00.000Z</time>
      </trkpt>
      <trkpt lat="40.61663" lon="-7.60763">
        <ele>668</ele>
        <time>2026-08-16T17:04:04.000Z</time>
      </trkpt>
      <trkpt lat="40.61584" lon="-7.60864">
        <ele>673</ele>
        <time>2026-08-16T17:04:08.000Z</time>
      </trkpt>
      <trkpt lat="40.61521" lon="-7.60979">
        <ele>676</ele>
        <time>2026-08-16T17:04:12.000Z</time>
      </trkpt>
      <trkpt lat="40.61476" lon="-7.61105">
        <ele>678</ele>
        <time>2026-08-16T17:04:16.000Z</time>
      </trkpt>
      <trkpt lat="40.61447" lon="-7.61241">
        <ele>676</ele>
        <time>2026-08-16T17:04:20.000Z</time>
      </trkpt>
      <trkpt lat="40.61436" lon="-7.61382">
        <ele>674</ele>
        <time>2026-08-16T17:04:24.000Z</time>
      </trkpt>
      <trkpt lat="40.61445" lon="-7.61524">
        <ele>671</ele>
        <time>2026-08-16T17:04:28.000Z</time>
      </trkpt>
      <trkpt lat="40.61486" lon="-7.61656">
        <ele>667</ele>
        <time>2026-08-16T17:04:32.000Z</time>
      </trkpt>
      <trkpt lat="40.61493" lon="-7.61806">
        <ele>664</ele>
        <time>2026-08-16T17:04:36.000Z</time>
      </trkpt>
      <trkpt lat="40.61515" lon="-7.61942">
        <ele>662</ele>
        <time>2026-08-16T17:04:40.000Z</time>
      </trkpt>
      <trkpt lat="40.61523" lon="-7.62079">
        <ele>658</ele>
        <time>2026-08-16T17:04:44.000Z</time>
      </trkpt>
      <trkpt lat="40.61512" lon="-7.6222">
        <ele>654</ele>
        <time>2026-08-16T17:04:48.000Z</time>
      </trkpt>
      <trkpt lat="40.61499" lon="-7.62365">
        <ele>649</ele>
        <time>2026-08-16T17:04:52.000Z</time>
      </trkpt>
      <trkpt lat="40.61486" lon="-7.6251">
        <ele>644</ele>
        <time>2026-08-16T17:04:56.000Z</time>
      </trkpt>
      <trkpt lat="40.61473" lon="-7.62657">
        <ele>640</ele>
        <time>2026-08-16T17:05:00.000Z</time>
      </trkpt>
      <trkpt lat="40.6146" lon="-7.62805">
        <ele>636</ele>
        <time>2026-08-16T17:05:04.000Z</time>
      </trkpt>
      <trkpt lat="40.61447" lon="-7.62952">
        <ele>634</ele>
        <time>2026-08-16T17:05:08.000Z</time>
      </trkpt>
      <trkpt lat="40.61435" lon="-7.63096">
        <ele>634</ele>
        <time>2026-08-16T17:05:12.000Z</time>
      </trkpt>
      <trkpt lat="40.61422" lon="-7.6324">
        <ele>634</ele>
        <time>2026-08-16T17:05:16.000Z</time>
      </trkpt>
      <trkpt lat="40.61409" lon="-7.63386">
        <ele>633</ele>
        <time>2026-08-16T17:05:20.000Z</time>
      </trkpt>
      <trkpt lat="40.61396" lon="-7.63534">
        <ele>633</ele>
        <time>2026-08-16T17:05:24.000Z</time>
      </trkpt>
      <trkpt lat="40.61383" lon="-7.63682">
        <ele>631</ele>
        <time>2026-08-16T17:05:28.000Z</time>
      </trkpt>
      <trkpt lat="40.6137" lon="-7.63832">
        <ele>630</ele>
        <time>2026-08-16T17:05:32.000Z</time>
      </trkpt>
      <trkpt lat="40.61357" lon="-7.63984">
        <ele>629</ele>
        <time>2026-08-16T17:05:36.000Z</time>
      </trkpt>
      <trkpt lat="40.61343" lon="-7.64136">
        <ele>627</ele>
        <time>2026-08-16T17:05:40.000Z</time>
      </trkpt>
      <trkpt lat="40.6133" lon="-7.64289">
        <ele>626</ele>
        <time>2026-08-16T17:05:44.000Z</time>
      </trkpt>
      <trkpt lat="40.61318" lon="-7.64442">
        <ele>621</ele>
        <time>2026-08-16T17:05:48.000Z</time>
      </trkpt>
      <trkpt lat="40.61319" lon="-7.64597">
        <ele>617</ele>
        <time>2026-08-16T17:05:52.000Z</time>
      </trkpt>
      <trkpt lat="40.61334" lon="-7.64749">
        <ele>613</ele>
        <time>2026-08-16T17:05:56.000Z</time>
      </trkpt>
      <trkpt lat="40.6135" lon="-7.64899">
        <ele>610</ele>
        <time>2026-08-16T17:06:00.000Z</time>
      </trkpt>
      <trkpt lat="40.61367" lon="-7.65046">
        <ele>609</ele>
        <time>2026-08-16T17:06:04.000Z</time>
      </trkpt>
      <trkpt lat="40.61381" lon="-7.65175">
        <ele>608</ele>
        <time>2026-08-16T17:06:08.000Z</time>
      </trkpt>
      <trkpt lat="40.61394" lon="-7.65293">
        <ele>608</ele>
        <time>2026-08-16T17:06:12.000Z</time>
      </trkpt>
      <trkpt lat="40.61407" lon="-7.65412">
        <ele>607</ele>
        <time>2026-08-16T17:06:16.000Z</time>
      </trkpt>
      <trkpt lat="40.61421" lon="-7.65533">
        <ele>606</ele>
        <time>2026-08-16T17:06:20.000Z</time>
      </trkpt>
      <trkpt lat="40.61435" lon="-7.65658">
        <ele>603</ele>
        <time>2026-08-16T17:06:24.000Z</time>
      </trkpt>
      <trkpt lat="40.61448" lon="-7.65785">
        <ele>602</ele>
        <time>2026-08-16T17:06:28.000Z</time>
      </trkpt>
      <trkpt lat="40.61462" lon="-7.65917">
        <ele>604</ele>
        <time>2026-08-16T17:06:32.000Z</time>
      </trkpt>
      <trkpt lat="40.61472" lon="-7.66055">
        <ele>604</ele>
        <time>2026-08-16T17:06:36.000Z</time>
      </trkpt>
      <trkpt lat="40.61464" lon="-7.662">
        <ele>602</ele>
        <time>2026-08-16T17:06:40.000Z</time>
      </trkpt>
      <trkpt lat="40.61436" lon="-7.66342">
        <ele>599</ele>
        <time>2026-08-16T17:06:44.000Z</time>
      </trkpt>
      <trkpt lat="40.61396" lon="-7.66482">
        <ele>595</ele>
        <time>2026-08-16T17:06:48.000Z</time>
      </trkpt>
      <trkpt lat="40.61354" lon="-7.66623">
        <ele>591</ele>
        <time>2026-08-16T17:06:52.000Z</time>
      </trkpt>
      <trkpt lat="40.61325" lon="-7.66768">
        <ele>588</ele>
        <time>2026-08-16T17:06:56.000Z</time>
      </trkpt>
      <trkpt lat="40.61316" lon="-7.66909">
        <ele>586</ele>
        <time>2026-08-16T17:07:00.000Z</time>
      </trkpt>
      <trkpt lat="40.61325" lon="-7.67048">
        <ele>584</ele>
        <time>2026-08-16T17:07:04.000Z</time>
      </trkpt>
      <trkpt lat="40.61349" lon="-7.67188">
        <ele>581</ele>
        <time>2026-08-16T17:07:08.000Z</time>
      </trkpt>
      <trkpt lat="40.61374" lon="-7.67335">
        <ele>579</ele>
        <time>2026-08-16T17:07:12.000Z</time>
      </trkpt>
      <trkpt lat="40.6139" lon="-7.67487">
        <ele>577</ele>
        <time>2026-08-16T17:07:16.000Z</time>
      </trkpt>
      <trkpt lat="40.61395" lon="-7.67643">
        <ele>571</ele>
        <time>2026-08-16T17:07:20.000Z</time>
      </trkpt>
      <trkpt lat="40.61399" lon="-7.67799">
        <ele>567</ele>
        <time>2026-08-16T17:07:24.000Z</time>
      </trkpt>
      <trkpt lat="40.61403" lon="-7.67956">
        <ele>564</ele>
        <time>2026-08-16T17:07:28.000Z</time>
      </trkpt>
      <trkpt lat="40.61407" lon="-7.68111">
        <ele>560</ele>
        <time>2026-08-16T17:07:32.000Z</time>
      </trkpt>
      <trkpt lat="40.61411" lon="-7.68266">
        <ele>556</ele>
        <time>2026-08-16T17:07:36.000Z</time>
      </trkpt>
      <trkpt lat="40.61415" lon="-7.6842">
        <ele>552</ele>
        <time>2026-08-16T17:07:40.000Z</time>
      </trkpt>
      <trkpt lat="40.61419" lon="-7.68573">
        <ele>551</ele>
        <time>2026-08-16T17:07:44.000Z</time>
      </trkpt>
      <trkpt lat="40.61417" lon="-7.68723">
        <ele>552</ele>
        <time>2026-08-16T17:07:48.000Z</time>
      </trkpt>
      <trkpt lat="40.61403" lon="-7.68872">
        <ele>552</ele>
        <time>2026-08-16T17:07:52.000Z</time>
      </trkpt>
      <trkpt lat="40.61387" lon="-7.69024">
        <ele>554</ele>
        <time>2026-08-16T17:07:56.000Z</time>
      </trkpt>
      <trkpt lat="40.61372" lon="-7.69176">
        <ele>554</ele>
        <time>2026-08-16T17:08:00.000Z</time>
      </trkpt>
      <trkpt lat="40.61357" lon="-7.69327">
        <ele>556</ele>
        <time>2026-08-16T17:08:04.000Z</time>
      </trkpt>
      <trkpt lat="40.61349" lon="-7.69474">
        <ele>557</ele>
        <time>2026-08-16T17:08:08.000Z</time>
      </trkpt>
      <trkpt lat="40.61353" lon="-7.69621">
        <ele>558</ele>
        <time>2026-08-16T17:08:12.000Z</time>
      </trkpt>
      <trkpt lat="40.6137" lon="-7.69803">
        <ele>561</ele>
        <time>2026-08-16T17:08:18.000Z</time>
      </trkpt>
      <trkpt lat="40.61388" lon="-7.69979">
        <ele>565</ele>
        <time>2026-08-16T17:08:22.000Z</time>
      </trkpt>
      <trkpt lat="40.61396" lon="-7.7012">
        <ele>568</ele>
        <time>2026-08-16T17:08:26.000Z</time>
      </trkpt>
      <trkpt lat="40.61388" lon="-7.70259">
        <ele>571</ele>
        <time>2026-08-16T17:08:30.000Z</time>
      </trkpt>
      <trkpt lat="40.61364" lon="-7.70396">
        <ele>568</ele>
        <time>2026-08-16T17:08:34.000Z</time>
      </trkpt>
      <trkpt lat="40.61337" lon="-7.70536">
        <ele>565</ele>
        <time>2026-08-16T17:08:38.000Z</time>
      </trkpt>
      <trkpt lat="40.61308" lon="-7.70679">
        <ele>561</ele>
        <time>2026-08-16T17:08:42.000Z</time>
      </trkpt>
      <trkpt lat="40.61281" lon="-7.70824">
        <ele>556</ele>
        <time>2026-08-16T17:08:46.000Z</time>
      </trkpt>
      <trkpt lat="40.61266" lon="-7.70973">
        <ele>547</ele>
        <time>2026-08-16T17:08:50.000Z</time>
      </trkpt>
      <trkpt lat="40.61275" lon="-7.71127">
        <ele>543</ele>
        <time>2026-08-16T17:08:54.000Z</time>
      </trkpt>
      <trkpt lat="40.61309" lon="-7.71273">
        <ele>539</ele>
        <time>2026-08-16T17:08:58.000Z</time>
      </trkpt>
      <trkpt lat="40.61365" lon="-7.71404">
        <ele>536</ele>
        <time>2026-08-16T17:09:02.000Z</time>
      </trkpt>
      <trkpt lat="40.61431" lon="-7.71521">
        <ele>536</ele>
        <time>2026-08-16T17:09:06.000Z</time>
      </trkpt>
      <trkpt lat="40.61498" lon="-7.71636">
        <ele>538</ele>
        <time>2026-08-16T17:09:10.000Z</time>
      </trkpt>
      <trkpt lat="40.6156" lon="-7.71751">
        <ele>543</ele>
        <time>2026-08-16T17:09:14.000Z</time>
      </trkpt>
      <trkpt lat="40.61606" lon="-7.71877">
        <ele>547</ele>
        <time>2026-08-16T17:09:18.000Z</time>
      </trkpt>
      <trkpt lat="40.61632" lon="-7.72013">
        <ele>552</ele>
        <time>2026-08-16T17:09:22.000Z</time>
      </trkpt>
      <trkpt lat="40.61638" lon="-7.72156">
        <ele>555</ele>
        <time>2026-08-16T17:09:26.000Z</time>
      </trkpt>
      <trkpt lat="40.61631" lon="-7.72301">
        <ele>554</ele>
        <time>2026-08-16T17:09:30.000Z</time>
      </trkpt>
      <trkpt lat="40.61622" lon="-7.72447">
        <ele>553</ele>
        <time>2026-08-16T17:09:34.000Z</time>
      </trkpt>
      <trkpt lat="40.61619" lon="-7.72592">
        <ele>552</ele>
        <time>2026-08-16T17:09:38.000Z</time>
      </trkpt>
      <trkpt lat="40.61635" lon="-7.72736">
        <ele>553</ele>
        <time>2026-08-16T17:09:42.000Z</time>
      </trkpt>
      <trkpt lat="40.61666" lon="-7.72875">
        <ele>556</ele>
        <time>2026-08-16T17:09:46.000Z</time>
      </trkpt>
      <trkpt lat="40.617" lon="-7.73013">
        <ele>559</ele>
        <time>2026-08-16T17:09:50.000Z</time>
      </trkpt>
      <trkpt lat="40.61733" lon="-7.7315">
        <ele>562</ele>
        <time>2026-08-16T17:09:54.000Z</time>
      </trkpt>
      <trkpt lat="40.61765" lon="-7.73285">
        <ele>566</ele>
        <time>2026-08-16T17:09:58.000Z</time>
      </trkpt>
      <trkpt lat="40.61796" lon="-7.7342">
        <ele>571</ele>
        <time>2026-08-16T17:10:02.000Z</time>
      </trkpt>
      <trkpt lat="40.61816" lon="-7.73559">
        <ele>576</ele>
        <time>2026-08-16T17:10:06.000Z</time>
      </trkpt>
      <trkpt lat="40.61818" lon="-7.73699">
        <ele>580</ele>
        <time>2026-08-16T17:10:10.000Z</time>
      </trkpt>
      <trkpt lat="40.618" lon="-7.73842">
        <ele>580</ele>
        <time>2026-08-16T17:10:14.000Z</time>
      </trkpt>
      <trkpt lat="40.61767" lon="-7.7398">
        <ele>580</ele>
        <time>2026-08-16T17:10:18.000Z</time>
      </trkpt>
      <trkpt lat="40.61732" lon="-7.74118">
        <ele>581</ele>
        <time>2026-08-16T17:10:22.000Z</time>
      </trkpt>
      <trkpt lat="40.61697" lon="-7.74257">
        <ele>583</ele>
        <time>2026-08-16T17:10:26.000Z</time>
      </trkpt>
      <trkpt lat="40.61662" lon="-7.74397">
        <ele>583</ele>
        <time>2026-08-16T17:10:30.000Z</time>
      </trkpt>
      <trkpt lat="40.61626" lon="-7.74537">
        <ele>581</ele>
        <time>2026-08-16T17:10:34.000Z</time>
      </trkpt>
      <trkpt lat="40.6159" lon="-7.7468">
        <ele>579</ele>
        <time>2026-08-16T17:10:38.000Z</time>
      </trkpt>
      <trkpt lat="40.61558" lon="-7.74826">
        <ele>575</ele>
        <time>2026-08-16T17:10:42.000Z</time>
      </trkpt>
      <trkpt lat="40.61543" lon="-7.74971">
        <ele>570</ele>
        <time>2026-08-16T17:10:46.000Z</time>
      </trkpt>
      <trkpt lat="40.61548" lon="-7.75117">
        <ele>567</ele>
        <time>2026-08-16T17:10:50.000Z</time>
      </trkpt>
      <trkpt lat="40.61571" lon="-7.75255">
        <ele>565</ele>
        <time>2026-08-16T17:10:54.000Z</time>
      </trkpt>
      <trkpt lat="40.61609" lon="-7.75382">
        <ele>566</ele>
        <time>2026-08-16T17:10:58.000Z</time>
      </trkpt>
      <trkpt lat="40.61648" lon="-7.75506">
        <ele>566</ele>
        <time>2026-08-16T17:11:02.000Z</time>
      </trkpt>
      <trkpt lat="40.6169" lon="-7.75629">
        <ele>565</ele>
        <time>2026-08-16T17:11:06.000Z</time>
      </trkpt>
      <trkpt lat="40.61732" lon="-7.75751">
        <ele>562</ele>
        <time>2026-08-16T17:11:10.000Z</time>
      </trkpt>
      <trkpt lat="40.61773" lon="-7.75876">
        <ele>559</ele>
        <time>2026-08-16T17:11:14.000Z</time>
      </trkpt>
      <trkpt lat="40.61829" lon="-7.75978">
        <ele>554</ele>
        <time>2026-08-16T17:11:18.000Z</time>
      </trkpt>
      <trkpt lat="40.61861" lon="-7.76129">
        <ele>552</ele>
        <time>2026-08-16T17:11:22.000Z</time>
      </trkpt>
      <trkpt lat="40.61902" lon="-7.76253">
        <ele>553</ele>
        <time>2026-08-16T17:11:26.000Z</time>
      </trkpt>
      <trkpt lat="40.61943" lon="-7.76377">
        <ele>555</ele>
        <time>2026-08-16T17:11:30.000Z</time>
      </trkpt>
      <trkpt lat="40.61985" lon="-7.76503">
        <ele>554</ele>
        <time>2026-08-16T17:11:34.000Z</time>
      </trkpt>
      <trkpt lat="40.62028" lon="-7.76631">
        <ele>553</ele>
        <time>2026-08-16T17:11:38.000Z</time>
      </trkpt>
      <trkpt lat="40.62078" lon="-7.76757">
        <ele>551</ele>
        <time>2026-08-16T17:11:42.000Z</time>
      </trkpt>
      <trkpt lat="40.62142" lon="-7.76873">
        <ele>547</ele>
        <time>2026-08-16T17:11:46.000Z</time>
      </trkpt>
      <trkpt lat="40.62213" lon="-7.76988">
        <ele>542</ele>
        <time>2026-08-16T17:11:50.000Z</time>
      </trkpt>
      <trkpt lat="40.62286" lon="-7.77104">
        <ele>535</ele>
        <time>2026-08-16T17:11:54.000Z</time>
      </trkpt>
      <trkpt lat="40.62351" lon="-7.77226">
        <ele>532</ele>
        <time>2026-08-16T17:11:58.000Z</time>
      </trkpt>
      <trkpt lat="40.62395" lon="-7.77362">
        <ele>532</ele>
        <time>2026-08-16T17:12:02.000Z</time>
      </trkpt>
      <trkpt lat="40.62424" lon="-7.77502">
        <ele>534</ele>
        <time>2026-08-16T17:12:06.000Z</time>
      </trkpt>
      <trkpt lat="40.62451" lon="-7.7764">
        <ele>536</ele>
        <time>2026-08-16T17:12:10.000Z</time>
      </trkpt>
      <trkpt lat="40.62477" lon="-7.77777">
        <ele>538</ele>
        <time>2026-08-16T17:12:14.000Z</time>
      </trkpt>
      <trkpt lat="40.62507" lon="-7.77909">
        <ele>538</ele>
        <time>2026-08-16T17:12:18.000Z</time>
      </trkpt>
      <trkpt lat="40.6254" lon="-7.78032">
        <ele>539</ele>
        <time>2026-08-16T17:12:22.000Z</time>
      </trkpt>
      <trkpt lat="40.62576" lon="-7.78151">
        <ele>540</ele>
        <time>2026-08-16T17:12:26.000Z</time>
      </trkpt>
      <trkpt lat="40.62613" lon="-7.78273">
        <ele>538</ele>
        <time>2026-08-16T17:12:30.000Z</time>
      </trkpt>
      <trkpt lat="40.6265" lon="-7.78399">
        <ele>534</ele>
        <time>2026-08-16T17:12:34.000Z</time>
      </trkpt>
      <trkpt lat="40.62688" lon="-7.78527">
        <ele>528</ele>
        <time>2026-08-16T17:12:38.000Z</time>
      </trkpt>
      <trkpt lat="40.62726" lon="-7.78655">
        <ele>524</ele>
        <time>2026-08-16T17:12:42.000Z</time>
      </trkpt>
      <trkpt lat="40.62764" lon="-7.78782">
        <ele>518</ele>
        <time>2026-08-16T17:12:46.000Z</time>
      </trkpt>
      <trkpt lat="40.62799" lon="-7.78913">
        <ele>513</ele>
        <time>2026-08-16T17:12:50.000Z</time>
      </trkpt>
      <trkpt lat="40.62818" lon="-7.7905">
        <ele>505</ele>
        <time>2026-08-16T17:12:54.000Z</time>
      </trkpt>
      <trkpt lat="40.62817" lon="-7.79189">
        <ele>498</ele>
        <time>2026-08-16T17:12:58.000Z</time>
      </trkpt>
      <trkpt lat="40.62796" lon="-7.79324">
        <ele>490</ele>
        <time>2026-08-16T17:13:02.000Z</time>
      </trkpt>
      <trkpt lat="40.62765" lon="-7.79457">
        <ele>481</ele>
        <time>2026-08-16T17:13:06.000Z</time>
      </trkpt>
      <trkpt lat="40.62736" lon="-7.79591">
        <ele>473</ele>
        <time>2026-08-16T17:13:10.000Z</time>
      </trkpt>
      <trkpt lat="40.62722" lon="-7.79728">
        <ele>465</ele>
        <time>2026-08-16T17:13:14.000Z</time>
      </trkpt>
      <trkpt lat="40.62733" lon="-7.79867">
        <ele>458</ele>
        <time>2026-08-16T17:13:18.000Z</time>
      </trkpt>
      <trkpt lat="40.6277" lon="-7.79998">
        <ele>456</ele>
        <time>2026-08-16T17:13:22.000Z</time>
      </trkpt>
      <trkpt lat="40.62833" lon="-7.80112">
        <ele>456</ele>
        <time>2026-08-16T17:13:26.000Z</time>
      </trkpt>
      <trkpt lat="40.6291" lon="-7.80187">
        <ele>456</ele>
        <time>2026-08-16T17:13:30.000Z</time>
      </trkpt>
      <trkpt lat="40.62975" lon="-7.80263">
        <ele>456</ele>
        <time>2026-08-16T17:13:34.000Z</time>
      </trkpt>
      <trkpt lat="40.63077" lon="-7.80366">
        <ele>456</ele>
        <time>2026-08-16T17:13:39.000Z</time>
      </trkpt>
      <trkpt lat="40.63145" lon="-7.80465">
        <ele>456</ele>
        <time>2026-08-16T17:13:43.000Z</time>
      </trkpt>
      <trkpt lat="40.63223" lon="-7.80607">
        <ele>456</ele>
        <time>2026-08-16T17:13:47.000Z</time>
      </trkpt>
      <trkpt lat="40.63276" lon="-7.80724">
        <ele>456</ele>
        <time>2026-08-16T17:13:51.000Z</time>
      </trkpt>
      <trkpt lat="40.63309" lon="-7.80856">
        <ele>456</ele>
        <time>2026-08-16T17:13:55.000Z</time>
      </trkpt>
      <trkpt lat="40.6332" lon="-7.80996">
        <ele>456</ele>
        <time>2026-08-16T17:13:59.000Z</time>
      </trkpt>
      <trkpt lat="40.63321" lon="-7.81141">
        <ele>456</ele>
        <time>2026-08-16T17:14:03.000Z</time>
      </trkpt>
      <trkpt lat="40.63323" lon="-7.8129">
        <ele>456</ele>
        <time>2026-08-16T17:14:07.000Z</time>
      </trkpt>
      <trkpt lat="40.63328" lon="-7.81441">
        <ele>456</ele>
        <time>2026-08-16T17:14:11.000Z</time>
      </trkpt>
      <trkpt lat="40.63337" lon="-7.8159">
        <ele>456</ele>
        <time>2026-08-16T17:14:15.000Z</time>
      </trkpt>
      <trkpt lat="40.63348" lon="-7.81727">
        <ele>456</ele>
        <time>2026-08-16T17:14:19.000Z</time>
      </trkpt>
      <trkpt lat="40.63357" lon="-7.81858">
        <ele>456</ele>
        <time>2026-08-16T17:14:23.000Z</time>
      </trkpt>
      <trkpt lat="40.63353" lon="-7.81998">
        <ele>456</ele>
        <time>2026-08-16T17:14:27.000Z</time>
      </trkpt>
      <trkpt lat="40.63326" lon="-7.82139">
        <ele>456</ele>
        <time>2026-08-16T17:14:31.000Z</time>
      </trkpt>
      <trkpt lat="40.63292" lon="-7.82279">
        <ele>456</ele>
        <time>2026-08-16T17:14:35.000Z</time>
      </trkpt>
      <trkpt lat="40.63273" lon="-7.82417">
        <ele>456</ele>
        <time>2026-08-16T17:14:39.000Z</time>
      </trkpt>
      <trkpt lat="40.63269" lon="-7.82555">
        <ele>456</ele>
        <time>2026-08-16T17:14:43.000Z</time>
      </trkpt>
      <trkpt lat="40.63295" lon="-7.82687">
        <ele>456</ele>
        <time>2026-08-16T17:14:47.000Z</time>
      </trkpt>
      <trkpt lat="40.63333" lon="-7.82819">
        <ele>374</ele>
        <time>2026-08-16T17:14:51.000Z</time>
      </trkpt>
      <trkpt lat="40.63368" lon="-7.82957">
        <ele>377</ele>
        <time>2026-08-16T17:14:55.000Z</time>
      </trkpt>
      <trkpt lat="40.63387" lon="-7.83092">
        <ele>384</ele>
        <time>2026-08-16T17:14:59.000Z</time>
      </trkpt>
      <trkpt lat="40.63392" lon="-7.83223">
        <ele>391</ele>
        <time>2026-08-16T17:15:03.000Z</time>
      </trkpt>
      <trkpt lat="40.63382" lon="-7.83356">
        <ele>395</ele>
        <time>2026-08-16T17:15:07.000Z</time>
      </trkpt>
      <trkpt lat="40.63358" lon="-7.83488">
        <ele>401</ele>
        <time>2026-08-16T17:15:11.000Z</time>
      </trkpt>
      <trkpt lat="40.63316" lon="-7.83616">
        <ele>407</ele>
        <time>2026-08-16T17:15:15.000Z</time>
      </trkpt>
      <trkpt lat="40.63264" lon="-7.83738">
        <ele>412</ele>
        <time>2026-08-16T17:15:19.000Z</time>
      </trkpt>
      <trkpt lat="40.63212" lon="-7.83857">
        <ele>416</ele>
        <time>2026-08-16T17:15:23.000Z</time>
      </trkpt>
      <trkpt lat="40.63182" lon="-7.83988">
        <ele>421</ele>
        <time>2026-08-16T17:15:27.000Z</time>
      </trkpt>
      <trkpt lat="40.63181" lon="-7.84123">
        <ele>426</ele>
        <time>2026-08-16T17:15:31.000Z</time>
      </trkpt>
      <trkpt lat="40.63208" lon="-7.84254">
        <ele>432</ele>
        <time>2026-08-16T17:15:35.000Z</time>
      </trkpt>
      <trkpt lat="40.63263" lon="-7.84371">
        <ele>438</ele>
        <time>2026-08-16T17:15:39.000Z</time>
      </trkpt>
      <trkpt lat="40.63339" lon="-7.84467">
        <ele>443</ele>
        <time>2026-08-16T17:15:43.000Z</time>
      </trkpt>
      <trkpt lat="40.63419" lon="-7.84555">
        <ele>450</ele>
        <time>2026-08-16T17:15:47.000Z</time>
      </trkpt>
      <trkpt lat="40.635" lon="-7.84644">
        <ele>456</ele>
        <time>2026-08-16T17:15:51.000Z</time>
      </trkpt>
      <trkpt lat="40.63581" lon="-7.84733">
        <ele>464</ele>
        <time>2026-08-16T17:15:55.000Z</time>
      </trkpt>
      <trkpt lat="40.63661" lon="-7.84821">
        <ele>471</ele>
        <time>2026-08-16T17:15:59.000Z</time>
      </trkpt>
      <trkpt lat="40.63747" lon="-7.84881">
        <ele>479</ele>
        <time>2026-08-16T17:16:03.000Z</time>
      </trkpt>
      <trkpt lat="40.63807" lon="-7.8501">
        <ele>486</ele>
        <time>2026-08-16T17:16:07.000Z</time>
      </trkpt>
      <trkpt lat="40.63853" lon="-7.85123">
        <ele>492</ele>
        <time>2026-08-16T17:16:11.000Z</time>
      </trkpt>
      <trkpt lat="40.63889" lon="-7.85245">
        <ele>495</ele>
        <time>2026-08-16T17:16:15.000Z</time>
      </trkpt>
      <trkpt lat="40.63935" lon="-7.85364">
        <ele>498</ele>
        <time>2026-08-16T17:16:19.000Z</time>
      </trkpt>
      <trkpt lat="40.63997" lon="-7.85474">
        <ele>501</ele>
        <time>2026-08-16T17:16:23.000Z</time>
      </trkpt>
      <trkpt lat="40.64069" lon="-7.85571">
        <ele>504</ele>
        <time>2026-08-16T17:16:27.000Z</time>
      </trkpt>
      <trkpt lat="40.64147" lon="-7.85661">
        <ele>506</ele>
        <time>2026-08-16T17:16:31.000Z</time>
      </trkpt>
      <trkpt lat="40.64223" lon="-7.85747">
        <ele>507</ele>
        <time>2026-08-16T17:16:35.000Z</time>
      </trkpt>
      <trkpt lat="40.6429" lon="-7.85825">
        <ele>508</ele>
        <time>2026-08-16T17:16:39.000Z</time>
      </trkpt>
      <trkpt lat="40.64358" lon="-7.85902">
        <ele>509</ele>
        <time>2026-08-16T17:16:43.000Z</time>
      </trkpt>
      <trkpt lat="40.6443" lon="-7.85977">
        <ele>512</ele>
        <time>2026-08-16T17:16:47.000Z</time>
      </trkpt>
      <trkpt lat="40.64514" lon="-7.86035">
        <ele>516</ele>
        <time>2026-08-16T17:16:51.000Z</time>
      </trkpt>
      <trkpt lat="40.64606" lon="-7.86063">
        <ele>520</ele>
        <time>2026-08-16T17:16:55.000Z</time>
      </trkpt>
      <trkpt lat="40.64689" lon="-7.86068">
        <ele>524</ele>
        <time>2026-08-16T17:16:59.000Z</time>
      </trkpt>
      <trkpt lat="40.64767" lon="-7.86066">
        <ele>527</ele>
        <time>2026-08-16T17:17:03.000Z</time>
      </trkpt>
      <trkpt lat="40.64835" lon="-7.86066">
        <ele>529</ele>
        <time>2026-08-16T17:17:07.000Z</time>
      </trkpt>
      <trkpt lat="40.64897" lon="-7.8607">
        <ele>531</ele>
        <time>2026-08-16T17:17:11.000Z</time>
      </trkpt>
      <trkpt lat="40.64964" lon="-7.86079">
        <ele>532</ele>
        <time>2026-08-16T17:17:15.000Z</time>
      </trkpt>
      <trkpt lat="40.65036" lon="-7.86097">
        <ele>533</ele>
        <time>2026-08-16T17:17:19.000Z</time>
      </trkpt>
      <trkpt lat="40.65112" lon="-7.86118">
        <ele>534</ele>
        <time>2026-08-16T17:17:23.000Z</time>
      </trkpt>
      <trkpt lat="40.6519" lon="-7.86139">
        <ele>537</ele>
        <time>2026-08-16T17:17:27.000Z</time>
      </trkpt>
      <trkpt lat="40.65267" lon="-7.86156">
        <ele>543</ele>
        <time>2026-08-16T17:17:31.000Z</time>
      </trkpt>
      <trkpt lat="40.65334" lon="-7.86205">
        <ele>548</ele>
        <time>2026-08-16T17:17:35.000Z</time>
      </trkpt>
      <trkpt lat="40.65388" lon="-7.86275">
        <ele>550</ele>
        <time>2026-08-16T17:17:39.000Z</time>
      </trkpt>
      <trkpt lat="40.65413" lon="-7.86346">
        <ele>551</ele>
        <time>2026-08-16T17:17:43.000Z</time>
      </trkpt>
      <trkpt lat="40.65424" lon="-7.8648">
        <ele>551</ele>
        <time>2026-08-16T17:17:47.000Z</time>
      </trkpt>
      <trkpt lat="40.654" lon="-7.86583">
        <ele>548</ele>
        <time>2026-08-16T17:17:51.000Z</time>
      </trkpt>
      <trkpt lat="40.65353" lon="-7.86661">
        <ele>545</ele>
        <time>2026-08-16T17:17:55.000Z</time>
      </trkpt>
      <trkpt lat="40.65294" lon="-7.86711">
        <ele>541</ele>
        <time>2026-08-16T17:17:59.000Z</time>
      </trkpt>
      <trkpt lat="40.65224" lon="-7.86742">
        <ele>538</ele>
        <time>2026-08-16T17:18:03.000Z</time>
      </trkpt>
      <trkpt lat="40.65142" lon="-7.86765">
        <ele>532</ele>
        <time>2026-08-16T17:18:07.000Z</time>
      </trkpt>
      <trkpt lat="40.65055" lon="-7.86793">
        <ele>526</ele>
        <time>2026-08-16T17:18:11.000Z</time>
      </trkpt>
      <trkpt lat="40.64965" lon="-7.86829">
        <ele>522</ele>
        <time>2026-08-16T17:18:15.000Z</time>
      </trkpt>
      <trkpt lat="40.64872" lon="-7.86869">
        <ele>520</ele>
        <time>2026-08-16T17:18:19.000Z</time>
      </trkpt>
      <trkpt lat="40.64776" lon="-7.86911">
        <ele>515</ele>
        <time>2026-08-16T17:18:23.000Z</time>
      </trkpt>
      <trkpt lat="40.64682" lon="-7.86954">
        <ele>512</ele>
        <time>2026-08-16T17:18:27.000Z</time>
      </trkpt>
      <trkpt lat="40.64587" lon="-7.86997">
        <ele>510</ele>
        <time>2026-08-16T17:18:31.000Z</time>
      </trkpt>
      <trkpt lat="40.64493" lon="-7.87045">
        <ele>509</ele>
        <time>2026-08-16T17:18:35.000Z</time>
      </trkpt>
      <trkpt lat="40.64402" lon="-7.8711">
        <ele>509</ele>
        <time>2026-08-16T17:18:39.000Z</time>
      </trkpt>
      <trkpt lat="40.64317" lon="-7.87191">
        <ele>508</ele>
        <time>2026-08-16T17:18:43.000Z</time>
      </trkpt>
      <trkpt lat="40.6424" lon="-7.87288">
        <ele>508</ele>
        <time>2026-08-16T17:18:47.000Z</time>
      </trkpt>
      <trkpt lat="40.64163" lon="-7.87388">
        <ele>508</ele>
        <time>2026-08-16T17:18:51.000Z</time>
      </trkpt>
      <trkpt lat="40.64086" lon="-7.87491">
        <ele>507</ele>
        <time>2026-08-16T17:18:55.000Z</time>
      </trkpt>
      <trkpt lat="40.64007" lon="-7.87596">
        <ele>506</ele>
        <time>2026-08-16T17:18:59.000Z</time>
      </trkpt>
      <trkpt lat="40.63928" lon="-7.87702">
        <ele>505</ele>
        <time>2026-08-16T17:19:03.000Z</time>
      </trkpt>
      <trkpt lat="40.63852" lon="-7.87803">
        <ele>501</ele>
        <time>2026-08-16T17:19:07.000Z</time>
      </trkpt>
      <trkpt lat="40.63779" lon="-7.879">
        <ele>498</ele>
        <time>2026-08-16T17:19:11.000Z</time>
      </trkpt>
      <trkpt lat="40.6371" lon="-7.87996">
        <ele>495</ele>
        <time>2026-08-16T17:19:15.000Z</time>
      </trkpt>
      <trkpt lat="40.6364" lon="-7.88093">
        <ele>490</ele>
        <time>2026-08-16T17:19:19.000Z</time>
      </trkpt>
      <trkpt lat="40.63564" lon="-7.88191">
        <ele>487</ele>
        <time>2026-08-16T17:19:23.000Z</time>
      </trkpt>
      <trkpt lat="40.63485" lon="-7.88291">
        <ele>484</ele>
        <time>2026-08-16T17:19:27.000Z</time>
      </trkpt>
      <trkpt lat="40.63401" lon="-7.8839">
        <ele>482</ele>
        <time>2026-08-16T17:19:31.000Z</time>
      </trkpt>
      <trkpt lat="40.63316" lon="-7.88488">
        <ele>480</ele>
        <time>2026-08-16T17:19:35.000Z</time>
      </trkpt>
      <trkpt lat="40.63234" lon="-7.88582">
        <ele>479</ele>
        <time>2026-08-16T17:19:39.000Z</time>
      </trkpt>
      <trkpt lat="40.63157" lon="-7.88668">
        <ele>477</ele>
        <time>2026-08-16T17:19:43.000Z</time>
      </trkpt>
      <trkpt lat="40.63088" lon="-7.88758">
        <ele>475</ele>
        <time>2026-08-16T17:19:47.000Z</time>
      </trkpt>
      <trkpt lat="40.63024" lon="-7.88863">
        <ele>475</ele>
        <time>2026-08-16T17:19:51.000Z</time>
      </trkpt>
      <trkpt lat="40.62968" lon="-7.88985">
        <ele>473</ele>
        <time>2026-08-16T17:19:55.000Z</time>
      </trkpt>
      <trkpt lat="40.6293" lon="-7.89119">
        <ele>472</ele>
        <time>2026-08-16T17:19:59.000Z</time>
      </trkpt>
      <trkpt lat="40.62904" lon="-7.89255">
        <ele>470</ele>
        <time>2026-08-16T17:20:03.000Z</time>
      </trkpt>
      <trkpt lat="40.62891" lon="-7.89392">
        <ele>469</ele>
        <time>2026-08-16T17:20:07.000Z</time>
      </trkpt>
      <trkpt lat="40.6288" lon="-7.89529">
        <ele>469</ele>
        <time>2026-08-16T17:20:11.000Z</time>
      </trkpt>
      <trkpt lat="40.6287" lon="-7.89664">
        <ele>471</ele>
        <time>2026-08-16T17:20:15.000Z</time>
      </trkpt>
      <trkpt lat="40.6286" lon="-7.89793">
        <ele>475</ele>
        <time>2026-08-16T17:20:19.000Z</time>
      </trkpt>
      <trkpt lat="40.62851" lon="-7.89912">
        <ele>479</ele>
        <time>2026-08-16T17:20:23.000Z</time>
      </trkpt>
      <trkpt lat="40.6284" lon="-7.90026">
        <ele>482</ele>
        <time>2026-08-16T17:20:27.000Z</time>
      </trkpt>
      <trkpt lat="40.6282" lon="-7.90141">
        <ele>485</ele>
        <time>2026-08-16T17:20:31.000Z</time>
      </trkpt>
      <trkpt lat="40.62789" lon="-7.90262">
        <ele>487</ele>
        <time>2026-08-16T17:20:35.000Z</time>
      </trkpt>
      <trkpt lat="40.62749" lon="-7.90374">
        <ele>489</ele>
        <time>2026-08-16T17:20:39.000Z</time>
      </trkpt>
      <trkpt lat="40.627" lon="-7.90482">
        <ele>490</ele>
        <time>2026-08-16T17:20:43.000Z</time>
      </trkpt>
      <trkpt lat="40.62645" lon="-7.90591">
        <ele>488</ele>
        <time>2026-08-16T17:20:47.000Z</time>
      </trkpt>
      <trkpt lat="40.6259" lon="-7.90699">
        <ele>488</ele>
        <time>2026-08-16T17:20:51.000Z</time>
      </trkpt>
      <trkpt lat="40.62535" lon="-7.90806">
        <ele>485</ele>
        <time>2026-08-16T17:20:55.000Z</time>
      </trkpt>
      <trkpt lat="40.62481" lon="-7.90913">
        <ele>482</ele>
        <time>2026-08-16T17:20:59.000Z</time>
      </trkpt>
      <trkpt lat="40.62424" lon="-7.91025">
        <ele>478</ele>
        <time>2026-08-16T17:21:03.000Z</time>
      </trkpt>
      <trkpt lat="40.62367" lon="-7.91138">
        <ele>473</ele>
        <time>2026-08-16T17:21:07.000Z</time>
      </trkpt>
      <trkpt lat="40.62314" lon="-7.91258">
        <ele>468</ele>
        <time>2026-08-16T17:21:11.000Z</time>
      </trkpt>
      <trkpt lat="40.62274" lon="-7.91388">
        <ele>462</ele>
        <time>2026-08-16T17:21:15.000Z</time>
      </trkpt>
      <trkpt lat="40.62248" lon="-7.91526">
        <ele>458</ele>
        <time>2026-08-16T17:21:19.000Z</time>
      </trkpt>
      <trkpt lat="40.62246" lon="-7.91666">
        <ele>458</ele>
        <time>2026-08-16T17:21:23.000Z</time>
      </trkpt>
      <trkpt lat="40.6225" lon="-7.91806">
        <ele>459</ele>
        <time>2026-08-16T17:21:27.000Z</time>
      </trkpt>
      <trkpt lat="40.62263" lon="-7.91945">
        <ele>464</ele>
        <time>2026-08-16T17:21:31.000Z</time>
      </trkpt>
      <trkpt lat="40.62289" lon="-7.9208">
        <ele>470</ele>
        <time>2026-08-16T17:21:35.000Z</time>
      </trkpt>
      <trkpt lat="40.62315" lon="-7.9221">
        <ele>475</ele>
        <time>2026-08-16T17:21:39.000Z</time>
      </trkpt>
      <trkpt lat="40.62339" lon="-7.92337">
        <ele>480</ele>
        <time>2026-08-16T17:21:43.000Z</time>
      </trkpt>
      <trkpt lat="40.62354" lon="-7.9246">
        <ele>483</ele>
        <time>2026-08-16T17:21:47.000Z</time>
      </trkpt>
      <trkpt lat="40.62366" lon="-7.92578">
        <ele>486</ele>
        <time>2026-08-16T17:21:51.000Z</time>
      </trkpt>
      <trkpt lat="40.62376" lon="-7.92694">
        <ele>488</ele>
        <time>2026-08-16T17:21:55.000Z</time>
      </trkpt>
      <trkpt lat="40.62383" lon="-7.92794">
        <ele>489</ele>
        <time>2026-08-16T17:21:59.000Z</time>
      </trkpt>
      <trkpt lat="40.6239" lon="-7.92882">
        <ele>491</ele>
        <time>2026-08-16T17:22:03.000Z</time>
      </trkpt>
      <trkpt lat="40.62396" lon="-7.92959">
        <ele>492</ele>
        <time>2026-08-16T17:22:07.000Z</time>
      </trkpt>
      <trkpt lat="40.624" lon="-7.93024">
        <ele>492</ele>
        <time>2026-08-16T17:22:11.000Z</time>
      </trkpt>
      <trkpt lat="40.62404" lon="-7.93074">
        <ele>491</ele>
        <time>2026-08-16T17:22:15.000Z</time>
      </trkpt>
      <trkpt lat="40.6243" lon="-7.93101">
        <ele>490</ele>
        <time>2026-08-16T17:22:19.000Z</time>
      </trkpt>
      <trkpt lat="40.62436" lon="-7.93117">
        <ele>489</ele>
        <time>2026-08-16T17:22:23.000Z</time>
      </trkpt>
      <trkpt lat="40.6244" lon="-7.93128">
        <ele>488</ele>
        <time>2026-08-16T17:22:27.000Z</time>
      </trkpt>
      <trkpt lat="40.62441" lon="-7.93138">
        <ele>487</ele>
        <time>2026-08-16T17:22:31.000Z</time>
      </trkpt>
      <trkpt lat="40.62447" lon="-7.93147">
        <ele>485</ele>
        <time>2026-08-16T17:22:37.000Z</time>
      </trkpt>
      <trkpt lat="40.62454" lon="-7.93175">
        <ele>492</ele>
        <time>2026-08-16T17:28:05.000Z</time>
      </trkpt>
      <trkpt lat="40.62454" lon="-7.93185">
        <ele>492</ele>
        <time>2026-08-16T17:28:12.000Z</time>
      </trkpt>
      <trkpt lat="40.62452" lon="-7.93194">
        <ele>492</ele>
        <time>2026-08-16T17:28:17.000Z</time>
      </trkpt>
      <trkpt lat="40.62451" lon="-7.93204">
        <ele>495</ele>
        <time>2026-08-16T17:28:25.000Z</time>
      </trkpt>
      <trkpt lat="40.62472" lon="-7.93233">
        <ele>492</ele>
        <time>2026-08-16T17:34:14.000Z</time>
      </trkpt>
      <trkpt lat="40.62456" lon="-7.93247">
        <ele>492</ele>
        <time>2026-08-16T17:43:58.000Z</time>
      </trkpt>
      <trkpt lat="40.62461" lon="-7.93261">
        <ele>492</ele>
        <time>2026-08-16T17:47:20.000Z</time>
      </trkpt>
      <trkpt lat="40.62469" lon="-7.93228">
        <ele>492</ele>
        <time>2026-08-16T17:49:31.000Z</time>
      </trkpt>
      <trkpt lat="40.62483" lon="-7.93243">
        <ele>492</ele>
        <time>2026-08-16T17:49:35.000Z</time>
      </trkpt>
      <trkpt lat="40.6251" lon="-7.93238">
        <ele>492</ele>
        <time>2026-08-16T17:49:39.000Z</time>
      </trkpt>
      <trkpt lat="40.62483" lon="-7.93244">
        <ele>492</ele>
        <time>2026-08-16T17:49:43.000Z</time>
      </trkpt>
      <trkpt lat="40.62457" lon="-7.93239">
        <ele>492</ele>
        <time>2026-08-16T17:49:48.000Z</time>
      </trkpt>
      <trkpt lat="40.62483" lon="-7.93243">
        <ele>492</ele>
        <time>2026-08-16T17:50:11.000Z</time>
      </trkpt>
      <trkpt lat="40.62466" lon="-7.93221">
        <ele>492</ele>
        <time>2026-08-16T17:50:15.000Z</time>
      </trkpt>
      <trkpt lat="40.62483" lon="-7.93243">
        <ele>492</ele>
        <time>2026-08-16T17:50:25.000Z</time>
      </trkpt>
      <trkpt lat="40.62469" lon="-7.93217">
        <ele>492</ele>
        <time>2026-08-16T17:51:06.000Z</time>
      </trkpt>
      <trkpt lat="40.62451" lon="-7.9319">
        <ele>492</ele>
        <time>2026-08-16T17:52:50.000Z</time>
      </trkpt>
      <trkpt lat="40.6247" lon="-7.93215">
        <ele>492</ele>
        <time>2026-08-16T17:53:55.000Z</time>
      </trkpt>
      <trkpt lat="40.62483" lon="-7.93243">
        <ele>492</ele>
        <time>2026-08-16T17:54:17.000Z</time>
      </trkpt>
      <trkpt lat="40.6246" lon="-7.93239">
        <ele>492</ele>
        <time>2026-08-16T17:54:22.000Z</time>
      </trkpt>
      <trkpt lat="40.62451" lon="-7.93238">
        <ele>492</ele>
        <time>2026-08-16T17:54:33.000Z</time>
      </trkpt>
      <trkpt lat="40.62483" lon="-7.93243">
        <ele>492</ele>
        <time>2026-08-16T17:54:38.000Z</time>
      </trkpt>
      <trkpt lat="40.62426" lon="-7.93252">
        <ele>492</ele>
        <time>2026-08-16T17:54:55.000Z</time>
      </trkpt>
      <trkpt lat="40.62483" lon="-7.93225">
        <ele>492</ele>
        <time>2026-08-16T17:54:59.000Z</time>
      </trkpt>
      <trkpt lat="40.62462" lon="-7.93207">
        <ele>492</ele>
        <time>2026-08-16T17:55:11.000Z</time>
      </trkpt>
      <trkpt lat="40.62459" lon="-7.93192">
        <ele>492</ele>
        <time>2026-08-16T17:55:22.000Z</time>
      </trkpt>
      <trkpt lat="40.62483" lon="-7.93243">
        <ele>492</ele>
        <time>2026-08-16T17:55:36.000Z</time>
      </trkpt>
      <trkpt lat="40.62484" lon="-7.93252">
        <ele>492</ele>
        <time>2026-08-16T17:55:43.000Z</time>
      </trkpt>
      <trkpt lat="40.62483" lon="-7.93243">
        <ele>492</ele>
        <time>2026-08-16T17:56:20.000Z</time>
      </trkpt>
      <trkpt lat="40.62457" lon="-7.93229">
        <ele>492</ele>
        <time>2026-08-16T17:56:24.000Z</time>
      </trkpt>
      <trkpt lat="40.62483" lon="-7.93243">
        <ele>492</ele>
        <time>2026-08-16T17:56:29.000Z</time>
      </trkpt>
      <trkpt lat="40.62474" lon="-7.93215">
        <ele>492</ele>
        <time>2026-08-16T17:57:04.000Z</time>
      </trkpt>
      <trkpt lat="40.62483" lon="-7.93243">
        <ele>492</ele>
        <time>2026-08-16T17:57:24.000Z</time>
      </trkpt>
      <trkpt lat="40.6247" lon="-7.93215">
        <ele>492</ele>
        <time>2026-08-16T17:58:23.000Z</time>
      </trkpt>
      <trkpt lat="40.62454" lon="-7.93211">
        <ele>492</ele>
        <time>2026-08-16T17:59:21.000Z</time>
      </trkpt>
      <trkpt lat="40.62452" lon="-7.93155">
        <ele>490</ele>
        <time>2026-08-16T18:04:03.000Z</time>
      </trkpt>
      <trkpt lat="40.6243" lon="-7.93168">
        <ele>493</ele>
        <time>2026-08-16T18:11:18.000Z</time>
      </trkpt>
      <trkpt lat="40.62428" lon="-7.9321">
        <ele>493</ele>
        <time>2026-08-16T18:11:22.000Z</time>
      </trkpt>
      <trkpt lat="40.62433" lon="-7.93264">
        <ele>493</ele>
        <time>2026-08-16T18:11:26.000Z</time>
      </trkpt>
      <trkpt lat="40.62435" lon="-7.93313">
        <ele>493</ele>
        <time>2026-08-16T18:11:30.000Z</time>
      </trkpt>
      <trkpt lat="40.62433" lon="-7.93371">
        <ele>493</ele>
        <time>2026-08-16T18:11:34.000Z</time>
      </trkpt>
      <trkpt lat="40.62425" lon="-7.93434">
        <ele>493</ele>
        <time>2026-08-16T18:11:38.000Z</time>
      </trkpt>
      <trkpt lat="40.62425" lon="-7.93507">
        <ele>493</ele>
        <time>2026-08-16T18:11:42.000Z</time>
      </trkpt>
      <trkpt lat="40.62426" lon="-7.9359">
        <ele>493</ele>
        <time>2026-08-16T18:11:46.000Z</time>
      </trkpt>
      <trkpt lat="40.62426" lon="-7.93684">
        <ele>493</ele>
        <time>2026-08-16T18:11:50.000Z</time>
      </trkpt>
      <trkpt lat="40.62427" lon="-7.93782">
        <ele>493</ele>
        <time>2026-08-16T18:11:54.000Z</time>
      </trkpt>
      <trkpt lat="40.62425" lon="-7.93885">
        <ele>493</ele>
        <time>2026-08-16T18:11:58.000Z</time>
      </trkpt>
      <trkpt lat="40.62423" lon="-7.93993">
        <ele>493</ele>
        <time>2026-08-16T18:12:02.000Z</time>
      </trkpt>
      <trkpt lat="40.62421" lon="-7.94108">
        <ele>493</ele>
        <time>2026-08-16T18:12:06.000Z</time>
      </trkpt>
      <trkpt lat="40.62419" lon="-7.94222">
        <ele>493</ele>
        <time>2026-08-16T18:12:10.000Z</time>
      </trkpt>
      <trkpt lat="40.62417" lon="-7.9434">
        <ele>493</ele>
        <time>2026-08-16T18:12:14.000Z</time>
      </trkpt>
      <trkpt lat="40.62414" lon="-7.94457">
        <ele>493</ele>
        <time>2026-08-16T18:12:18.000Z</time>
      </trkpt>
      <trkpt lat="40.62412" lon="-7.94579">
        <ele>493</ele>
        <time>2026-08-16T18:12:22.000Z</time>
      </trkpt>
      <trkpt lat="40.6241" lon="-7.94711">
        <ele>493</ele>
        <time>2026-08-16T18:12:26.000Z</time>
      </trkpt>
      <trkpt lat="40.62409" lon="-7.94853">
        <ele>493</ele>
        <time>2026-08-16T18:12:30.000Z</time>
      </trkpt>
      <trkpt lat="40.62413" lon="-7.94995">
        <ele>493</ele>
        <time>2026-08-16T18:12:34.000Z</time>
      </trkpt>
      <trkpt lat="40.62424" lon="-7.95123">
        <ele>493</ele>
        <time>2026-08-16T18:12:38.000Z</time>
      </trkpt>
      <trkpt lat="40.62438" lon="-7.95242">
        <ele>448</ele>
        <time>2026-08-16T18:12:42.000Z</time>
      </trkpt>
      <trkpt lat="40.62453" lon="-7.95356">
        <ele>454</ele>
        <time>2026-08-16T18:12:46.000Z</time>
      </trkpt>
      <trkpt lat="40.62469" lon="-7.95472">
        <ele>457</ele>
        <time>2026-08-16T18:12:50.000Z</time>
      </trkpt>
      <trkpt lat="40.62487" lon="-7.9559">
        <ele>457</ele>
        <time>2026-08-16T18:12:54.000Z</time>
      </trkpt>
      <trkpt lat="40.62519" lon="-7.95699">
        <ele>454</ele>
        <time>2026-08-16T18:12:58.000Z</time>
      </trkpt>
      <trkpt lat="40.62525" lon="-7.95827">
        <ele>451</ele>
        <time>2026-08-16T18:13:02.000Z</time>
      </trkpt>
      <trkpt lat="40.6255" lon="-7.95973">
        <ele>444</ele>
        <time>2026-08-16T18:13:06.000Z</time>
      </trkpt>
      <trkpt lat="40.62559" lon="-7.96087">
        <ele>440</ele>
        <time>2026-08-16T18:13:10.000Z</time>
      </trkpt>
      <trkpt lat="40.62571" lon="-7.9622">
        <ele>437</ele>
        <time>2026-08-16T18:13:14.000Z</time>
      </trkpt>
      <trkpt lat="40.6259" lon="-7.96353">
        <ele>435</ele>
        <time>2026-08-16T18:13:18.000Z</time>
      </trkpt>
      <trkpt lat="40.6262" lon="-7.96485">
        <ele>435</ele>
        <time>2026-08-16T18:13:22.000Z</time>
      </trkpt>
      <trkpt lat="40.62657" lon="-7.96608">
        <ele>431</ele>
        <time>2026-08-16T18:13:26.000Z</time>
      </trkpt>
      <trkpt lat="40.62703" lon="-7.96718">
        <ele>432</ele>
        <time>2026-08-16T18:13:30.000Z</time>
      </trkpt>
      <trkpt lat="40.62757" lon="-7.96823">
        <ele>435</ele>
        <time>2026-08-16T18:13:34.000Z</time>
      </trkpt>
      <trkpt lat="40.6282" lon="-7.96923">
        <ele>441</ele>
        <time>2026-08-16T18:13:38.000Z</time>
      </trkpt>
      <trkpt lat="40.62885" lon="-7.97018">
        <ele>447</ele>
        <time>2026-08-16T18:13:42.000Z</time>
      </trkpt>
      <trkpt lat="40.6295" lon="-7.97111">
        <ele>453</ele>
        <time>2026-08-16T18:13:46.000Z</time>
      </trkpt>
      <trkpt lat="40.63015" lon="-7.97203">
        <ele>459</ele>
        <time>2026-08-16T18:13:50.000Z</time>
      </trkpt>
      <trkpt lat="40.63082" lon="-7.97299">
        <ele>460</ele>
        <time>2026-08-16T18:13:54.000Z</time>
      </trkpt>
      <trkpt lat="40.63148" lon="-7.97392">
        <ele>456</ele>
        <time>2026-08-16T18:13:58.000Z</time>
      </trkpt>
      <trkpt lat="40.63218" lon="-7.97491">
        <ele>457</ele>
        <time>2026-08-16T18:14:02.000Z</time>
      </trkpt>
      <trkpt lat="40.63283" lon="-7.97586">
        <ele>457</ele>
        <time>2026-08-16T18:14:06.000Z</time>
      </trkpt>
      <trkpt lat="40.63337" lon="-7.97693">
        <ele>457</ele>
        <time>2026-08-16T18:14:10.000Z</time>
      </trkpt>
      <trkpt lat="40.63367" lon="-7.9778">
        <ele>456</ele>
        <time>2026-08-16T18:14:14.000Z</time>
      </trkpt>
      <trkpt lat="40.63392" lon="-7.97881">
        <ele>456</ele>
        <time>2026-08-16T18:14:18.000Z</time>
      </trkpt>
      <trkpt lat="40.63402" lon="-7.98019">
        <ele>455</ele>
        <time>2026-08-16T18:14:22.000Z</time>
      </trkpt>
      <trkpt lat="40.63386" lon="-7.98178">
        <ele>445</ele>
        <time>2026-08-16T18:14:26.000Z</time>
      </trkpt>
      <trkpt lat="40.63351" lon="-7.98305">
        <ele>435</ele>
        <time>2026-08-16T18:14:30.000Z</time>
      </trkpt>
      <trkpt lat="40.63303" lon="-7.98419">
        <ele>435</ele>
        <time>2026-08-16T18:14:34.000Z</time>
      </trkpt>
      <trkpt lat="40.63248" lon="-7.98534">
        <ele>433</ele>
        <time>2026-08-16T18:14:38.000Z</time>
      </trkpt>
      <trkpt lat="40.63195" lon="-7.98646">
        <ele>427</ele>
        <time>2026-08-16T18:14:42.000Z</time>
      </trkpt>
      <trkpt lat="40.63145" lon="-7.98749">
        <ele>422</ele>
        <time>2026-08-16T18:14:46.000Z</time>
      </trkpt>
      <trkpt lat="40.63096" lon="-7.9885">
        <ele>419</ele>
        <time>2026-08-16T18:14:50.000Z</time>
      </trkpt>
      <trkpt lat="40.63058" lon="-7.98932">
        <ele>418</ele>
        <time>2026-08-16T18:14:54.000Z</time>
      </trkpt>
      <trkpt lat="40.63018" lon="-7.99034">
        <ele>417</ele>
        <time>2026-08-16T18:14:58.000Z</time>
      </trkpt>
      <trkpt lat="40.62984" lon="-7.99152">
        <ele>415</ele>
        <time>2026-08-16T18:15:02.000Z</time>
      </trkpt>
      <trkpt lat="40.6296" lon="-7.99283">
        <ele>413</ele>
        <time>2026-08-16T18:15:06.000Z</time>
      </trkpt>
      <trkpt lat="40.62952" lon="-7.99448">
        <ele>411</ele>
        <time>2026-08-16T18:15:10.000Z</time>
      </trkpt>
      <trkpt lat="40.62967" lon="-7.99616">
        <ele>409</ele>
        <time>2026-08-16T18:15:14.000Z</time>
      </trkpt>
      <trkpt lat="40.62996" lon="-7.99753">
        <ele>407</ele>
        <time>2026-08-16T18:15:18.000Z</time>
      </trkpt>
      <trkpt lat="40.63031" lon="-7.99883">
        <ele>406</ele>
        <time>2026-08-16T18:15:22.000Z</time>
      </trkpt>
      <trkpt lat="40.63064" lon="-8.0001">
        <ele>404</ele>
        <time>2026-08-16T18:15:26.000Z</time>
      </trkpt>
      <trkpt lat="40.63097" lon="-8.00133">
        <ele>403</ele>
        <time>2026-08-16T18:15:30.000Z</time>
      </trkpt>
      <trkpt lat="40.63131" lon="-8.00261">
        <ele>398</ele>
        <time>2026-08-16T18:15:34.000Z</time>
      </trkpt>
      <trkpt lat="40.63161" lon="-8.00376">
        <ele>397</ele>
        <time>2026-08-16T18:15:38.000Z</time>
      </trkpt>
      <trkpt lat="40.63184" lon="-8.00492">
        <ele>393</ele>
        <time>2026-08-16T18:15:42.000Z</time>
      </trkpt>
      <trkpt lat="40.63201" lon="-8.00607">
        <ele>389</ele>
        <time>2026-08-16T18:15:46.000Z</time>
      </trkpt>
      <trkpt lat="40.63208" lon="-8.00724">
        <ele>388</ele>
        <time>2026-08-16T18:15:50.000Z</time>
      </trkpt>
      <trkpt lat="40.63207" lon="-8.00843">
        <ele>386</ele>
        <time>2026-08-16T18:15:54.000Z</time>
      </trkpt>
      <trkpt lat="40.63197" lon="-8.00968">
        <ele>385</ele>
        <time>2026-08-16T18:15:58.000Z</time>
      </trkpt>
      <trkpt lat="40.63181" lon="-8.01114">
        <ele>387</ele>
        <time>2026-08-16T18:16:02.000Z</time>
      </trkpt>
      <trkpt lat="40.63166" lon="-8.01241">
        <ele>387</ele>
        <time>2026-08-16T18:16:06.000Z</time>
      </trkpt>
      <trkpt lat="40.63157" lon="-8.01359">
        <ele>391</ele>
        <time>2026-08-16T18:16:10.000Z</time>
      </trkpt>
      <trkpt lat="40.63157" lon="-8.01471">
        <ele>391</ele>
        <time>2026-08-16T18:16:14.000Z</time>
      </trkpt>
      <trkpt lat="40.63166" lon="-8.01591">
        <ele>392</ele>
        <time>2026-08-16T18:16:18.000Z</time>
      </trkpt>
      <trkpt lat="40.63179" lon="-8.01705">
        <ele>396</ele>
        <time>2026-08-16T18:16:22.000Z</time>
      </trkpt>
      <trkpt lat="40.63207" lon="-8.01828">
        <ele>398</ele>
        <time>2026-08-16T18:16:26.000Z</time>
      </trkpt>
      <trkpt lat="40.63249" lon="-8.01969">
        <ele>406</ele>
        <time>2026-08-16T18:16:30.000Z</time>
      </trkpt>
      <trkpt lat="40.63296" lon="-8.02088">
        <ele>408</ele>
        <time>2026-08-16T18:16:34.000Z</time>
      </trkpt>
      <trkpt lat="40.63349" lon="-8.02197">
        <ele>410</ele>
        <time>2026-08-16T18:16:38.000Z</time>
      </trkpt>
      <trkpt lat="40.63408" lon="-8.0231">
        <ele>412</ele>
        <time>2026-08-16T18:16:42.000Z</time>
      </trkpt>
      <trkpt lat="40.63469" lon="-8.02424">
        <ele>422</ele>
        <time>2026-08-16T18:16:46.000Z</time>
      </trkpt>
      <trkpt lat="40.63528" lon="-8.02537">
        <ele>436</ele>
        <time>2026-08-16T18:16:50.000Z</time>
      </trkpt>
      <trkpt lat="40.63585" lon="-8.02645">
        <ele>443</ele>
        <time>2026-08-16T18:16:54.000Z</time>
      </trkpt>
      <trkpt lat="40.63644" lon="-8.0276">
        <ele>448</ele>
        <time>2026-08-16T18:16:58.000Z</time>
      </trkpt>
      <trkpt lat="40.63696" lon="-8.02882">
        <ele>461</ele>
        <time>2026-08-16T18:17:02.000Z</time>
      </trkpt>
      <trkpt lat="40.63735" lon="-8.03005">
        <ele>466</ele>
        <time>2026-08-16T18:17:06.000Z</time>
      </trkpt>
      <trkpt lat="40.63766" lon="-8.03138">
        <ele>472</ele>
        <time>2026-08-16T18:17:10.000Z</time>
      </trkpt>
      <trkpt lat="40.63783" lon="-8.03255">
        <ele>474</ele>
        <time>2026-08-16T18:17:14.000Z</time>
      </trkpt>
      <trkpt lat="40.63794" lon="-8.0338">
        <ele>479</ele>
        <time>2026-08-16T18:17:18.000Z</time>
      </trkpt>
      <trkpt lat="40.63804" lon="-8.03503">
        <ele>484</ele>
        <time>2026-08-16T18:17:22.000Z</time>
      </trkpt>
      <trkpt lat="40.63814" lon="-8.03623">
        <ele>489</ele>
        <time>2026-08-16T18:17:26.000Z</time>
      </trkpt>
      <trkpt lat="40.63824" lon="-8.03748">
        <ele>495</ele>
        <time>2026-08-16T18:17:30.000Z</time>
      </trkpt>
      <trkpt lat="40.63835" lon="-8.03877">
        <ele>502</ele>
        <time>2026-08-16T18:17:34.000Z</time>
      </trkpt>
      <trkpt lat="40.63851" lon="-8.04">
        <ele>508</ele>
        <time>2026-08-16T18:17:38.000Z</time>
      </trkpt>
      <trkpt lat="40.63874" lon="-8.04125">
        <ele>515</ele>
        <time>2026-08-16T18:17:42.000Z</time>
      </trkpt>
      <trkpt lat="40.63904" lon="-8.04255">
        <ele>521</ele>
        <time>2026-08-16T18:17:46.000Z</time>
      </trkpt>
      <trkpt lat="40.63936" lon="-8.04358">
        <ele>523</ele>
        <time>2026-08-16T18:17:50.000Z</time>
      </trkpt>
      <trkpt lat="40.63981" lon="-8.04473">
        <ele>528</ele>
        <time>2026-08-16T18:17:54.000Z</time>
      </trkpt>
      <trkpt lat="40.64035" lon="-8.0458">
        <ele>534</ele>
        <time>2026-08-16T18:17:58.000Z</time>
      </trkpt>
      <trkpt lat="40.64092" lon="-8.04688">
        <ele>539</ele>
        <time>2026-08-16T18:18:02.000Z</time>
      </trkpt>
      <trkpt lat="40.64153" lon="-8.04785">
        <ele>536</ele>
        <time>2026-08-16T18:18:06.000Z</time>
      </trkpt>
      <trkpt lat="40.6421" lon="-8.04878">
        <ele>534</ele>
        <time>2026-08-16T18:18:10.000Z</time>
      </trkpt>
      <trkpt lat="40.64259" lon="-8.04966">
        <ele>533</ele>
        <time>2026-08-16T18:18:14.000Z</time>
      </trkpt>
      <trkpt lat="40.64317" lon="-8.05082">
        <ele>534</ele>
        <time>2026-08-16T18:18:18.000Z</time>
      </trkpt>
      <trkpt lat="40.64363" lon="-8.05205">
        <ele>537</ele>
        <time>2026-08-16T18:18:22.000Z</time>
      </trkpt>
      <trkpt lat="40.64399" lon="-8.05327">
        <ele>545</ele>
        <time>2026-08-16T18:18:26.000Z</time>
      </trkpt>
      <trkpt lat="40.64428" lon="-8.05451">
        <ele>546</ele>
        <time>2026-08-16T18:18:30.000Z</time>
      </trkpt>
      <trkpt lat="40.64449" lon="-8.05583">
        <ele>546</ele>
        <time>2026-08-16T18:18:34.000Z</time>
      </trkpt>
      <trkpt lat="40.64466" lon="-8.0571">
        <ele>547</ele>
        <time>2026-08-16T18:18:38.000Z</time>
      </trkpt>
      <trkpt lat="40.64478" lon="-8.05836">
        <ele>550</ele>
        <time>2026-08-16T18:18:42.000Z</time>
      </trkpt>
      <trkpt lat="40.64492" lon="-8.05969">
        <ele>555</ele>
        <time>2026-08-16T18:18:46.000Z</time>
      </trkpt>
      <trkpt lat="40.64516" lon="-8.06086">
        <ele>560</ele>
        <time>2026-08-16T18:18:50.000Z</time>
      </trkpt>
      <trkpt lat="40.64544" lon="-8.06206">
        <ele>560</ele>
        <time>2026-08-16T18:18:54.000Z</time>
      </trkpt>
      <trkpt lat="40.64576" lon="-8.0632">
        <ele>554</ele>
        <time>2026-08-16T18:18:58.000Z</time>
      </trkpt>
      <trkpt lat="40.6462" lon="-8.06428">
        <ele>554</ele>
        <time>2026-08-16T18:19:02.000Z</time>
      </trkpt>
      <trkpt lat="40.64672" lon="-8.0654">
        <ele>554</ele>
        <time>2026-08-16T18:19:06.000Z</time>
      </trkpt>
      <trkpt lat="40.64729" lon="-8.06639">
        <ele>555</ele>
        <time>2026-08-16T18:19:10.000Z</time>
      </trkpt>
      <trkpt lat="40.64791" lon="-8.06735">
        <ele>555</ele>
        <time>2026-08-16T18:19:14.000Z</time>
      </trkpt>
      <trkpt lat="40.64851" lon="-8.06828">
        <ele>556</ele>
        <time>2026-08-16T18:19:18.000Z</time>
      </trkpt>
      <trkpt lat="40.64916" lon="-8.06901">
        <ele>555</ele>
        <time>2026-08-16T18:19:22.000Z</time>
      </trkpt>
      <trkpt lat="40.64986" lon="-8.06967">
        <ele>556</ele>
        <time>2026-08-16T18:19:26.000Z</time>
      </trkpt>
      <trkpt lat="40.65022" lon="-8.07078">
        <ele>556</ele>
        <time>2026-08-16T18:19:30.000Z</time>
      </trkpt>
      <trkpt lat="40.65078" lon="-8.07161">
        <ele>557</ele>
        <time>2026-08-16T18:19:34.000Z</time>
      </trkpt>
      <trkpt lat="40.65139" lon="-8.07252">
        <ele>558</ele>
        <time>2026-08-16T18:19:38.000Z</time>
      </trkpt>
      <trkpt lat="40.65204" lon="-8.07359">
        <ele>558</ele>
        <time>2026-08-16T18:19:42.000Z</time>
      </trkpt>
      <trkpt lat="40.65263" lon="-8.07441">
        <ele>558</ele>
        <time>2026-08-16T18:19:46.000Z</time>
      </trkpt>
      <trkpt lat="40.65338" lon="-8.07521">
        <ele>559</ele>
        <time>2026-08-16T18:19:50.000Z</time>
      </trkpt>
      <trkpt lat="40.65437" lon="-8.07585">
        <ele>551</ele>
        <time>2026-08-16T18:19:54.000Z</time>
      </trkpt>
      <trkpt lat="40.65524" lon="-8.07612">
        <ele>547</ele>
        <time>2026-08-16T18:19:58.000Z</time>
      </trkpt>
      <trkpt lat="40.65629" lon="-8.07614">
        <ele>542</ele>
        <time>2026-08-16T18:20:02.000Z</time>
      </trkpt>
      <trkpt lat="40.65724" lon="-8.07595">
        <ele>540</ele>
        <time>2026-08-16T18:20:06.000Z</time>
      </trkpt>
      <trkpt lat="40.65831" lon="-8.07571">
        <ele>532</ele>
        <time>2026-08-16T18:20:10.000Z</time>
      </trkpt>
      <trkpt lat="40.65937" lon="-8.07547">
        <ele>530</ele>
        <time>2026-08-16T18:20:14.000Z</time>
      </trkpt>
      <trkpt lat="40.66033" lon="-8.07525">
        <ele>529</ele>
        <time>2026-08-16T18:20:18.000Z</time>
      </trkpt>
      <trkpt lat="40.66129" lon="-8.07503">
        <ele>527</ele>
        <time>2026-08-16T18:20:22.000Z</time>
      </trkpt>
      <trkpt lat="40.6623" lon="-8.0748">
        <ele>528</ele>
        <time>2026-08-16T18:20:26.000Z</time>
      </trkpt>
      <trkpt lat="40.66329" lon="-8.0746">
        <ele>528</ele>
        <time>2026-08-16T18:20:30.000Z</time>
      </trkpt>
      <trkpt lat="40.66429" lon="-8.07446">
        <ele>528</ele>
        <time>2026-08-16T18:20:34.000Z</time>
      </trkpt>
      <trkpt lat="40.6653" lon="-8.07444">
        <ele>528</ele>
        <time>2026-08-16T18:20:38.000Z</time>
      </trkpt>
      <trkpt lat="40.66648" lon="-8.07454">
        <ele>528</ele>
        <time>2026-08-16T18:20:42.000Z</time>
      </trkpt>
      <trkpt lat="40.66781" lon="-8.07481">
        <ele>529</ele>
        <time>2026-08-16T18:20:46.000Z</time>
      </trkpt>
      <trkpt lat="40.66889" lon="-8.07513">
        <ele>530</ele>
        <time>2026-08-16T18:20:50.000Z</time>
      </trkpt>
      <trkpt lat="40.66985" lon="-8.07542">
        <ele>531</ele>
        <time>2026-08-16T18:20:54.000Z</time>
      </trkpt>
      <trkpt lat="40.67075" lon="-8.0757">
        <ele>533</ele>
        <time>2026-08-16T18:20:58.000Z</time>
      </trkpt>
      <trkpt lat="40.67168" lon="-8.07599">
        <ele>535</ele>
        <time>2026-08-16T18:21:02.000Z</time>
      </trkpt>
      <trkpt lat="40.67258" lon="-8.07627">
        <ele>537</ele>
        <time>2026-08-16T18:21:06.000Z</time>
      </trkpt>
      <trkpt lat="40.67351" lon="-8.07656">
        <ele>539</ele>
        <time>2026-08-16T18:21:10.000Z</time>
      </trkpt>
      <trkpt lat="40.67448" lon="-8.07686">
        <ele>542</ele>
        <time>2026-08-16T18:21:14.000Z</time>
      </trkpt>
      <trkpt lat="40.67542" lon="-8.07706">
        <ele>545</ele>
        <time>2026-08-16T18:21:18.000Z</time>
      </trkpt>
      <trkpt lat="40.6763" lon="-8.07709">
        <ele>546</ele>
        <time>2026-08-16T18:21:22.000Z</time>
      </trkpt>
      <trkpt lat="40.67715" lon="-8.077">
        <ele>547</ele>
        <time>2026-08-16T18:21:26.000Z</time>
      </trkpt>
      <trkpt lat="40.67821" lon="-8.07668">
        <ele>549</ele>
        <time>2026-08-16T18:21:30.000Z</time>
      </trkpt>
      <trkpt lat="40.67918" lon="-8.07625">
        <ele>552</ele>
        <time>2026-08-16T18:21:34.000Z</time>
      </trkpt>
      <trkpt lat="40.68016" lon="-8.07583">
        <ele>555</ele>
        <time>2026-08-16T18:21:38.000Z</time>
      </trkpt>
      <trkpt lat="40.68113" lon="-8.0755">
        <ele>559</ele>
        <time>2026-08-16T18:21:42.000Z</time>
      </trkpt>
      <trkpt lat="40.68209" lon="-8.07541">
        <ele>564</ele>
        <time>2026-08-16T18:21:46.000Z</time>
      </trkpt>
      <trkpt lat="40.68304" lon="-8.07558">
        <ele>568</ele>
        <time>2026-08-16T18:21:50.000Z</time>
      </trkpt>
      <trkpt lat="40.684" lon="-8.07607">
        <ele>572</ele>
        <time>2026-08-16T18:21:54.000Z</time>
      </trkpt>
      <trkpt lat="40.68489" lon="-8.07677">
        <ele>600</ele>
        <time>2026-08-16T18:21:58.000Z</time>
      </trkpt>
      <trkpt lat="40.68574" lon="-8.07748">
        <ele>615</ele>
        <time>2026-08-16T18:22:02.000Z</time>
      </trkpt>
      <trkpt lat="40.68659" lon="-8.07805">
        <ele>615</ele>
        <time>2026-08-16T18:22:06.000Z</time>
      </trkpt>
      <trkpt lat="40.68753" lon="-8.07849">
        <ele>618</ele>
        <time>2026-08-16T18:22:10.000Z</time>
      </trkpt>
      <trkpt lat="40.68848" lon="-8.07873">
        <ele>624</ele>
        <time>2026-08-16T18:22:14.000Z</time>
      </trkpt>
      <trkpt lat="40.68964" lon="-8.0788">
        <ele>632</ele>
        <time>2026-08-16T18:22:18.000Z</time>
      </trkpt>
      <trkpt lat="40.69063" lon="-8.07871">
        <ele>636</ele>
        <time>2026-08-16T18:22:22.000Z</time>
      </trkpt>
      <trkpt lat="40.69157" lon="-8.07861">
        <ele>636</ele>
        <time>2026-08-16T18:22:26.000Z</time>
      </trkpt>
      <trkpt lat="40.69253" lon="-8.07867">
        <ele>638</ele>
        <time>2026-08-16T18:22:30.000Z</time>
      </trkpt>
      <trkpt lat="40.69337" lon="-8.07903">
        <ele>639</ele>
        <time>2026-08-16T18:22:34.000Z</time>
      </trkpt>
      <trkpt lat="40.69423" lon="-8.07961">
        <ele>645</ele>
        <time>2026-08-16T18:22:38.000Z</time>
      </trkpt>
      <trkpt lat="40.6949" lon="-8.08051">
        <ele>649</ele>
        <time>2026-08-16T18:22:42.000Z</time>
      </trkpt>
      <trkpt lat="40.69539" lon="-8.08172">
        <ele>651</ele>
        <time>2026-08-16T18:22:46.000Z</time>
      </trkpt>
      <trkpt lat="40.69563" lon="-8.08301">
        <ele>653</ele>
        <time>2026-08-16T18:22:50.000Z</time>
      </trkpt>
      <trkpt lat="40.69562" lon="-8.08439">
        <ele>658</ele>
        <time>2026-08-16T18:22:54.000Z</time>
      </trkpt>
      <trkpt lat="40.69542" lon="-8.08557">
        <ele>657</ele>
        <time>2026-08-16T18:22:58.000Z</time>
      </trkpt>
      <trkpt lat="40.69517" lon="-8.08671">
        <ele>660</ele>
        <time>2026-08-16T18:23:02.000Z</time>
      </trkpt>
      <trkpt lat="40.6949" lon="-8.08795">
        <ele>660</ele>
        <time>2026-08-16T18:23:06.000Z</time>
      </trkpt>
      <trkpt lat="40.69459" lon="-8.08933">
        <ele>653</ele>
        <time>2026-08-16T18:23:10.000Z</time>
      </trkpt>
      <trkpt lat="40.69422" lon="-8.09054">
        <ele>654</ele>
        <time>2026-08-16T18:23:14.000Z</time>
      </trkpt>
      <trkpt lat="40.69366" lon="-8.09148">
        <ele>656</ele>
        <time>2026-08-16T18:23:18.000Z</time>
      </trkpt>
      <trkpt lat="40.69299" lon="-8.0923">
        <ele>658</ele>
        <time>2026-08-16T18:23:22.000Z</time>
      </trkpt>
      <trkpt lat="40.6921" lon="-8.09301">
        <ele>660</ele>
        <time>2026-08-16T18:23:26.000Z</time>
      </trkpt>
      <trkpt lat="40.69106" lon="-8.09369">
        <ele>665</ele>
        <time>2026-08-16T18:23:30.000Z</time>
      </trkpt>
      <trkpt lat="40.69028" lon="-8.09449">
        <ele>669</ele>
        <time>2026-08-16T18:23:34.000Z</time>
      </trkpt>
      <trkpt lat="40.68976" lon="-8.09537">
        <ele>670</ele>
        <time>2026-08-16T18:23:38.000Z</time>
      </trkpt>
      <trkpt lat="40.6894" lon="-8.09636">
        <ele>670</ele>
        <time>2026-08-16T18:23:42.000Z</time>
      </trkpt>
      <trkpt lat="40.68922" lon="-8.09754">
        <ele>670</ele>
        <time>2026-08-16T18:23:46.000Z</time>
      </trkpt>
      <trkpt lat="40.68924" lon="-8.09862">
        <ele>672</ele>
        <time>2026-08-16T18:23:50.000Z</time>
      </trkpt>
      <trkpt lat="40.68958" lon="-8.10004">
        <ele>678</ele>
        <time>2026-08-16T18:23:54.000Z</time>
      </trkpt>
      <trkpt lat="40.69006" lon="-8.10115">
        <ele>683</ele>
        <time>2026-08-16T18:23:58.000Z</time>
      </trkpt>
      <trkpt lat="40.69068" lon="-8.10186">
        <ele>686</ele>
        <time>2026-08-16T18:24:02.000Z</time>
      </trkpt>
      <trkpt lat="40.69154" lon="-8.10258">
        <ele>689</ele>
        <time>2026-08-16T18:24:06.000Z</time>
      </trkpt>
      <trkpt lat="40.69267" lon="-8.10335">
        <ele>703</ele>
        <time>2026-08-16T18:24:10.000Z</time>
      </trkpt>
      <trkpt lat="40.69359" lon="-8.10431">
        <ele>707</ele>
        <time>2026-08-16T18:24:14.000Z</time>
      </trkpt>
      <trkpt lat="40.69418" lon="-8.10546">
        <ele>711</ele>
        <time>2026-08-16T18:24:18.000Z</time>
      </trkpt>
      <trkpt lat="40.69452" lon="-8.10671">
        <ele>712</ele>
        <time>2026-08-16T18:24:22.000Z</time>
      </trkpt>
      <trkpt lat="40.69504" lon="-8.1079">
        <ele>712</ele>
        <time>2026-08-16T18:24:26.000Z</time>
      </trkpt>
      <trkpt lat="40.6953" lon="-8.10916">
        <ele>712</ele>
        <time>2026-08-16T18:24:30.000Z</time>
      </trkpt>
      <trkpt lat="40.69556" lon="-8.11042">
        <ele>713</ele>
        <time>2026-08-16T18:24:34.000Z</time>
      </trkpt>
      <trkpt lat="40.69617" lon="-8.11122">
        <ele>713</ele>
        <time>2026-08-16T18:24:38.000Z</time>
      </trkpt>
      <trkpt lat="40.6969" lon="-8.11195">
        <ele>713</ele>
        <time>2026-08-16T18:24:42.000Z</time>
      </trkpt>
      <trkpt lat="40.69767" lon="-8.11286">
        <ele>714</ele>
        <time>2026-08-16T18:24:46.000Z</time>
      </trkpt>
      <trkpt lat="40.70539" lon="-8.11585">
        <ele>701</ele>
        <time>2026-08-16T18:25:15.000Z</time>
      </trkpt>
      <trkpt lat="40.70621" lon="-8.11701">
        <ele>711</ele>
        <time>2026-08-16T18:25:19.000Z</time>
      </trkpt>
      <trkpt lat="40.70674" lon="-8.11801">
        <ele>711</ele>
        <time>2026-08-16T18:25:23.000Z</time>
      </trkpt>
      <trkpt lat="40.70296" lon="-8.12382">
        <ele>735</ele>
        <time>2026-08-16T18:25:47.000Z</time>
      </trkpt>
      <trkpt lat="40.70202" lon="-8.12464">
        <ele>717</ele>
        <time>2026-08-16T18:25:51.000Z</time>
      </trkpt>
      <trkpt lat="40.7011" lon="-8.1254">
        <ele>717</ele>
        <time>2026-08-16T18:25:55.000Z</time>
      </trkpt>
      <trkpt lat="40.70081" lon="-8.12646">
        <ele>717</ele>
        <time>2026-08-16T18:25:59.000Z</time>
      </trkpt>
      <trkpt lat="40.70055" lon="-8.12709">
        <ele>718</ele>
        <time>2026-08-16T18:26:03.000Z</time>
      </trkpt>
      <trkpt lat="40.70029" lon="-8.12785">
        <ele>720</ele>
        <time>2026-08-16T18:26:07.000Z</time>
      </trkpt>
      <trkpt lat="40.70027" lon="-8.12876">
        <ele>721</ele>
        <time>2026-08-16T18:26:11.000Z</time>
      </trkpt>
      <trkpt lat="40.70003" lon="-8.12963">
        <ele>710</ele>
        <time>2026-08-16T18:26:15.000Z</time>
      </trkpt>
      <trkpt lat="40.69874" lon="-8.13111">
        <ele>702</ele>
        <time>2026-08-16T18:26:20.000Z</time>
      </trkpt>
      <trkpt lat="40.6973" lon="-8.13244">
        <ele>705</ele>
        <time>2026-08-16T18:26:24.000Z</time>
      </trkpt>
      <trkpt lat="40.69628" lon="-8.13344">
        <ele>703</ele>
        <time>2026-08-16T18:26:29.000Z</time>
      </trkpt>
      <trkpt lat="40.69535" lon="-8.13368">
        <ele>702</ele>
        <time>2026-08-16T18:26:33.000Z</time>
      </trkpt>
      <trkpt lat="40.69444" lon="-8.13445">
        <ele>703</ele>
        <time>2026-08-16T18:26:37.000Z</time>
      </trkpt>
      <trkpt lat="40.69373" lon="-8.13551">
        <ele>698</ele>
        <time>2026-08-16T18:26:41.000Z</time>
      </trkpt>
      <trkpt lat="40.69322" lon="-8.13685">
        <ele>698</ele>
        <time>2026-08-16T18:26:45.000Z</time>
      </trkpt>
      <trkpt lat="40.69285" lon="-8.13801">
        <ele>679</ele>
        <time>2026-08-16T18:26:49.000Z</time>
      </trkpt>
      <trkpt lat="40.69242" lon="-8.13891">
        <ele>673</ele>
        <time>2026-08-16T18:26:53.000Z</time>
      </trkpt>
      <trkpt lat="40.69184" lon="-8.13972">
        <ele>671</ele>
        <time>2026-08-16T18:26:57.000Z</time>
      </trkpt>
      <trkpt lat="40.69131" lon="-8.14075">
        <ele>670</ele>
        <time>2026-08-16T18:27:01.000Z</time>
      </trkpt>
      <trkpt lat="40.69059" lon="-8.14136">
        <ele>669</ele>
        <time>2026-08-16T18:27:05.000Z</time>
      </trkpt>
      <trkpt lat="40.68998" lon="-8.14083">
        <ele>669</ele>
        <time>2026-08-16T18:27:09.000Z</time>
      </trkpt>
      <trkpt lat="40.68961" lon="-8.14141">
        <ele>670</ele>
        <time>2026-08-16T18:27:13.000Z</time>
      </trkpt>
      <trkpt lat="40.68728" lon="-8.14132">
        <ele>664</ele>
        <time>2026-08-16T18:27:17.000Z</time>
      </trkpt>
      <trkpt lat="40.68634" lon="-8.14175">
        <ele>664</ele>
        <time>2026-08-16T18:27:21.000Z</time>
      </trkpt>
      <trkpt lat="40.6823" lon="-8.15354">
        <ele>606</ele>
        <time>2026-08-16T18:28:02.000Z</time>
      </trkpt>
      <trkpt lat="40.68144" lon="-8.15446">
        <ele>602</ele>
        <time>2026-08-16T18:28:06.000Z</time>
      </trkpt>
      <trkpt lat="40.68064" lon="-8.1554">
        <ele>585</ele>
        <time>2026-08-16T18:28:10.000Z</time>
      </trkpt>
      <trkpt lat="40.67989" lon="-8.15628">
        <ele>580</ele>
        <time>2026-08-16T18:28:14.000Z</time>
      </trkpt>
      <trkpt lat="40.67954" lon="-8.15731">
        <ele>579</ele>
        <time>2026-08-16T18:28:18.000Z</time>
      </trkpt>
      <trkpt lat="40.68073" lon="-8.16573">
        <ele>586</ele>
        <time>2026-08-16T18:28:44.000Z</time>
      </trkpt>
      <trkpt lat="40.68051" lon="-8.1668">
        <ele>585</ele>
        <time>2026-08-16T18:28:48.000Z</time>
      </trkpt>
      <trkpt lat="40.68028" lon="-8.16799">
        <ele>582</ele>
        <time>2026-08-16T18:28:52.000Z</time>
      </trkpt>
      <trkpt lat="40.68049" lon="-8.16921">
        <ele>579</ele>
        <time>2026-08-16T18:28:56.000Z</time>
      </trkpt>
      <trkpt lat="40.68092" lon="-8.17027">
        <ele>576</ele>
        <time>2026-08-16T18:29:00.000Z</time>
      </trkpt>
      <trkpt lat="40.68137" lon="-8.17126">
        <ele>571</ele>
        <time>2026-08-16T18:29:04.000Z</time>
      </trkpt>
      <trkpt lat="40.68182" lon="-8.17227">
        <ele>559</ele>
        <time>2026-08-16T18:29:08.000Z</time>
      </trkpt>
      <trkpt lat="40.68222" lon="-8.17332">
        <ele>543</ele>
        <time>2026-08-16T18:29:12.000Z</time>
      </trkpt>
      <trkpt lat="40.68245" lon="-8.17442">
        <ele>541</ele>
        <time>2026-08-16T18:29:16.000Z</time>
      </trkpt>
      <trkpt lat="40.68294" lon="-8.17552">
        <ele>539</ele>
        <time>2026-08-16T18:29:20.000Z</time>
      </trkpt>
      <trkpt lat="40.68303" lon="-8.17676">
        <ele>536</ele>
        <time>2026-08-16T18:29:24.000Z</time>
      </trkpt>
      <trkpt lat="40.68259" lon="-8.17803">
        <ele>534</ele>
        <time>2026-08-16T18:29:28.000Z</time>
      </trkpt>
      <trkpt lat="40.68228" lon="-8.17916">
        <ele>532</ele>
        <time>2026-08-16T18:29:32.000Z</time>
      </trkpt>
      <trkpt lat="40.68212" lon="-8.18034">
        <ele>530</ele>
        <time>2026-08-16T18:29:36.000Z</time>
      </trkpt>
      <trkpt lat="40.68195" lon="-8.18258">
        <ele>527</ele>
        <time>2026-08-16T18:29:41.000Z</time>
      </trkpt>
      <trkpt lat="40.68214" lon="-8.18436">
        <ele>525</ele>
        <time>2026-08-16T18:29:46.000Z</time>
      </trkpt>
      <trkpt lat="40.68245" lon="-8.1854">
        <ele>523</ele>
        <time>2026-08-16T18:29:50.000Z</time>
      </trkpt>
      <trkpt lat="40.68283" lon="-8.18672">
        <ele>521</ele>
        <time>2026-08-16T18:29:54.000Z</time>
      </trkpt>
      <trkpt lat="40.68304" lon="-8.18796">
        <ele>519</ele>
        <time>2026-08-16T18:29:58.000Z</time>
      </trkpt>
      <trkpt lat="40.68308" lon="-8.18914">
        <ele>517</ele>
        <time>2026-08-16T18:30:02.000Z</time>
      </trkpt>
      <trkpt lat="40.68335" lon="-8.19026">
        <ele>515</ele>
        <time>2026-08-16T18:30:06.000Z</time>
      </trkpt>
      <trkpt lat="40.68275" lon="-8.19169">
        <ele>512</ele>
        <time>2026-08-16T18:30:10.000Z</time>
      </trkpt>
      <trkpt lat="40.68247" lon="-8.19342">
        <ele>511</ele>
        <time>2026-08-16T18:30:14.000Z</time>
      </trkpt>
      <trkpt lat="40.6823" lon="-8.19479">
        <ele>509</ele>
        <time>2026-08-16T18:30:18.000Z</time>
      </trkpt>
      <trkpt lat="40.68207" lon="-8.19618">
        <ele>506</ele>
        <time>2026-08-16T18:30:22.000Z</time>
      </trkpt>
      <trkpt lat="40.68198" lon="-8.19753">
        <ele>504</ele>
        <time>2026-08-16T18:30:26.000Z</time>
      </trkpt>
      <trkpt lat="40.68206" lon="-8.19856">
        <ele>501</ele>
        <time>2026-08-16T18:30:30.000Z</time>
      </trkpt>
      <trkpt lat="40.68218" lon="-8.19972">
        <ele>498</ele>
        <time>2026-08-16T18:30:34.000Z</time>
      </trkpt>
      <trkpt lat="40.68326" lon="-8.20091">
        <ele>485</ele>
        <time>2026-08-16T18:30:38.000Z</time>
      </trkpt>
      <trkpt lat="40.68377" lon="-8.20213">
        <ele>478</ele>
        <time>2026-08-16T18:30:42.000Z</time>
      </trkpt>
      <trkpt lat="40.68417" lon="-8.2035">
        <ele>487</ele>
        <time>2026-08-16T18:30:46.000Z</time>
      </trkpt>
      <trkpt lat="40.68452" lon="-8.20473">
        <ele>486</ele>
        <time>2026-08-16T18:30:50.000Z</time>
      </trkpt>
      <trkpt lat="40.68514" lon="-8.20601">
        <ele>498</ele>
        <time>2026-08-16T18:30:54.000Z</time>
      </trkpt>
      <trkpt lat="40.68531" lon="-8.20745">
        <ele>502</ele>
        <time>2026-08-16T18:30:58.000Z</time>
      </trkpt>
      <trkpt lat="40.68565" lon="-8.20864">
        <ele>503</ele>
        <time>2026-08-16T18:31:02.000Z</time>
      </trkpt>
      <trkpt lat="40.68598" lon="-8.2099">
        <ele>504</ele>
        <time>2026-08-16T18:31:06.000Z</time>
      </trkpt>
      <trkpt lat="40.68646" lon="-8.2111">
        <ele>505</ele>
        <time>2026-08-16T18:31:10.000Z</time>
      </trkpt>
      <trkpt lat="40.68678" lon="-8.21264">
        <ele>506</ele>
        <time>2026-08-16T18:31:15.000Z</time>
      </trkpt>
      <trkpt lat="40.6865" lon="-8.21413">
        <ele>506</ele>
        <time>2026-08-16T18:31:19.000Z</time>
      </trkpt>
      <trkpt lat="40.68624" lon="-8.21563">
        <ele>505</ele>
        <time>2026-08-16T18:31:23.000Z</time>
      </trkpt>
      <trkpt lat="40.6861" lon="-8.21702">
        <ele>505</ele>
        <time>2026-08-16T18:31:27.000Z</time>
      </trkpt>
      <trkpt lat="40.68601" lon="-8.21847">
        <ele>505</ele>
        <time>2026-08-16T18:31:31.000Z</time>
      </trkpt>
      <trkpt lat="40.68573" lon="-8.21992">
        <ele>503</ele>
        <time>2026-08-16T18:31:35.000Z</time>
      </trkpt>
      <trkpt lat="40.68514" lon="-8.22122">
        <ele>503</ele>
        <time>2026-08-16T18:31:39.000Z</time>
      </trkpt>
      <trkpt lat="40.68503" lon="-8.22262">
        <ele>503</ele>
        <time>2026-08-16T18:31:43.000Z</time>
      </trkpt>
      <trkpt lat="40.68504" lon="-8.22404">
        <ele>503</ele>
        <time>2026-08-16T18:31:47.000Z</time>
      </trkpt>
      <trkpt lat="40.68519" lon="-8.2254">
        <ele>503</ele>
        <time>2026-08-16T18:31:51.000Z</time>
      </trkpt>
      <trkpt lat="40.68548" lon="-8.22672">
        <ele>504</ele>
        <time>2026-08-16T18:31:55.000Z</time>
      </trkpt>
      <trkpt lat="40.68659" lon="-8.23091">
        <ele>496</ele>
        <time>2026-08-16T18:32:08.000Z</time>
      </trkpt>
      <trkpt lat="40.68693" lon="-8.2322">
        <ele>495</ele>
        <time>2026-08-16T18:32:12.000Z</time>
      </trkpt>
      <trkpt lat="40.68726" lon="-8.23346">
        <ele>487</ele>
        <time>2026-08-16T18:32:16.000Z</time>
      </trkpt>
      <trkpt lat="40.68761" lon="-8.2348">
        <ele>478</ele>
        <time>2026-08-16T18:32:20.000Z</time>
      </trkpt>
      <trkpt lat="40.68794" lon="-8.23611">
        <ele>478</ele>
        <time>2026-08-16T18:32:24.000Z</time>
      </trkpt>
      <trkpt lat="40.68829" lon="-8.23746">
        <ele>482</ele>
        <time>2026-08-16T18:32:28.000Z</time>
      </trkpt>
      <trkpt lat="40.6886" lon="-8.23882">
        <ele>484</ele>
        <time>2026-08-16T18:32:32.000Z</time>
      </trkpt>
      <trkpt lat="40.68871" lon="-8.2399">
        <ele>486</ele>
        <time>2026-08-16T18:32:36.000Z</time>
      </trkpt>
      <trkpt lat="40.68874" lon="-8.24081">
        <ele>495</ele>
        <time>2026-08-16T18:32:40.000Z</time>
      </trkpt>
      <trkpt lat="40.68866" lon="-8.242">
        <ele>498</ele>
        <time>2026-08-16T18:32:44.000Z</time>
      </trkpt>
      <trkpt lat="40.68844" lon="-8.24319">
        <ele>502</ele>
        <time>2026-08-16T18:32:48.000Z</time>
      </trkpt>
      <trkpt lat="40.68814" lon="-8.24426">
        <ele>503</ele>
        <time>2026-08-16T18:32:52.000Z</time>
      </trkpt>
      <trkpt lat="40.68776" lon="-8.24546">
        <ele>508</ele>
        <time>2026-08-16T18:32:56.000Z</time>
      </trkpt>
      <trkpt lat="40.68746" lon="-8.24645">
        <ele>506</ele>
        <time>2026-08-16T18:33:00.000Z</time>
      </trkpt>
      <trkpt lat="40.68719" lon="-8.24757">
        <ele>502</ele>
        <time>2026-08-16T18:33:04.000Z</time>
      </trkpt>
      <trkpt lat="40.68714" lon="-8.24883">
        <ele>500</ele>
        <time>2026-08-16T18:33:08.000Z</time>
      </trkpt>
      <trkpt lat="40.68731" lon="-8.25004">
        <ele>500</ele>
        <time>2026-08-16T18:33:12.000Z</time>
      </trkpt>
      <trkpt lat="40.68753" lon="-8.25078">
        <ele>499</ele>
        <time>2026-08-16T18:33:16.000Z</time>
      </trkpt>
      <trkpt lat="40.68793" lon="-8.25189">
        <ele>497</ele>
        <time>2026-08-16T18:33:20.000Z</time>
      </trkpt>
      <trkpt lat="40.68828" lon="-8.25316">
        <ele>499</ele>
        <time>2026-08-16T18:33:24.000Z</time>
      </trkpt>
      <trkpt lat="40.68892" lon="-8.25598">
        <ele>500</ele>
        <time>2026-08-16T18:33:30.000Z</time>
      </trkpt>
      <trkpt lat="40.68876" lon="-8.2573">
        <ele>499</ele>
        <time>2026-08-16T18:33:34.000Z</time>
      </trkpt>
      <trkpt lat="40.68833" lon="-8.25871">
        <ele>499</ele>
        <time>2026-08-16T18:33:38.000Z</time>
      </trkpt>
      <trkpt lat="40.6877" lon="-8.26012">
        <ele>499</ele>
        <time>2026-08-16T18:33:42.000Z</time>
      </trkpt>
      <trkpt lat="40.68769" lon="-8.26157">
        <ele>499</ele>
        <time>2026-08-16T18:33:46.000Z</time>
      </trkpt>
      <trkpt lat="40.6877" lon="-8.263">
        <ele>499</ele>
        <time>2026-08-16T18:33:50.000Z</time>
      </trkpt>
      <trkpt lat="40.68755" lon="-8.26449">
        <ele>499</ele>
        <time>2026-08-16T18:33:54.000Z</time>
      </trkpt>
      <trkpt lat="40.68718" lon="-8.2659">
        <ele>499</ele>
        <time>2026-08-16T18:33:58.000Z</time>
      </trkpt>
      <trkpt lat="40.68704" lon="-8.2674">
        <ele>498</ele>
        <time>2026-08-16T18:34:02.000Z</time>
      </trkpt>
      <trkpt lat="40.68663" lon="-8.26876">
        <ele>497</ele>
        <time>2026-08-16T18:34:06.000Z</time>
      </trkpt>
      <trkpt lat="40.6862" lon="-8.27006">
        <ele>497</ele>
        <time>2026-08-16T18:34:10.000Z</time>
      </trkpt>
      <trkpt lat="40.68576" lon="-8.27124">
        <ele>497</ele>
        <time>2026-08-16T18:34:14.000Z</time>
      </trkpt>
      <trkpt lat="40.68504" lon="-8.27208">
        <ele>497</ele>
        <time>2026-08-16T18:34:18.000Z</time>
      </trkpt>
      <trkpt lat="40.68476" lon="-8.27353">
        <ele>496</ele>
        <time>2026-08-16T18:34:22.000Z</time>
      </trkpt>
      <trkpt lat="40.68433" lon="-8.27453">
        <ele>496</ele>
        <time>2026-08-16T18:34:26.000Z</time>
      </trkpt>
      <trkpt lat="40.6839" lon="-8.27547">
        <ele>496</ele>
        <time>2026-08-16T18:34:30.000Z</time>
      </trkpt>
      <trkpt lat="40.68332" lon="-8.27615">
        <ele>495</ele>
        <time>2026-08-16T18:34:34.000Z</time>
      </trkpt>
      <trkpt lat="40.68299" lon="-8.27735">
        <ele>495</ele>
        <time>2026-08-16T18:34:38.000Z</time>
      </trkpt>
      <trkpt lat="40.68237" lon="-8.27858">
        <ele>495</ele>
        <time>2026-08-16T18:34:42.000Z</time>
      </trkpt>
      <trkpt lat="40.68196" lon="-8.27972">
        <ele>496</ele>
        <time>2026-08-16T18:34:46.000Z</time>
      </trkpt>
      <trkpt lat="40.68137" lon="-8.28067">
        <ele>497</ele>
        <time>2026-08-16T18:34:50.000Z</time>
      </trkpt>
      <trkpt lat="40.68062" lon="-8.28141">
        <ele>498</ele>
        <time>2026-08-16T18:34:54.000Z</time>
      </trkpt>
      <trkpt lat="40.67981" lon="-8.28211">
        <ele>498</ele>
        <time>2026-08-16T18:34:58.000Z</time>
      </trkpt>
      <trkpt lat="40.67895" lon="-8.28285">
        <ele>498</ele>
        <time>2026-08-16T18:35:02.000Z</time>
      </trkpt>
      <trkpt lat="40.6781" lon="-8.28382">
        <ele>498</ele>
        <time>2026-08-16T18:35:06.000Z</time>
      </trkpt>
      <trkpt lat="40.67593" lon="-8.28992">
        <ele>510</ele>
        <time>2026-08-16T18:35:25.000Z</time>
      </trkpt>
      <trkpt lat="40.6754" lon="-8.29105">
        <ele>521</ele>
        <time>2026-08-16T18:35:29.000Z</time>
      </trkpt>
      <trkpt lat="40.67516" lon="-8.29224">
        <ele>539</ele>
        <time>2026-08-16T18:35:33.000Z</time>
      </trkpt>
      <trkpt lat="40.67514" lon="-8.29332">
        <ele>540</ele>
        <time>2026-08-16T18:35:37.000Z</time>
      </trkpt>
      <trkpt lat="40.67525" lon="-8.29427">
        <ele>541</ele>
        <time>2026-08-16T18:35:41.000Z</time>
      </trkpt>
      <trkpt lat="40.67542" lon="-8.29549">
        <ele>542</ele>
        <time>2026-08-16T18:35:45.000Z</time>
      </trkpt>
      <trkpt lat="40.67456" lon="-8.29659">
        <ele>543</ele>
        <time>2026-08-16T18:35:49.000Z</time>
      </trkpt>
      <trkpt lat="40.67428" lon="-8.29871">
        <ele>547</ele>
        <time>2026-08-16T18:35:55.000Z</time>
      </trkpt>
      <trkpt lat="40.6742" lon="-8.30062">
        <ele>552</ele>
        <time>2026-08-16T18:35:59.000Z</time>
      </trkpt>
      <trkpt lat="40.67373" lon="-8.30199">
        <ele>550</ele>
        <time>2026-08-16T18:36:03.000Z</time>
      </trkpt>
      <trkpt lat="40.67326" lon="-8.30323">
        <ele>550</ele>
        <time>2026-08-16T18:36:07.000Z</time>
      </trkpt>
      <trkpt lat="40.66518" lon="-8.31563">
        <ele>509</ele>
        <time>2026-08-16T18:36:57.000Z</time>
      </trkpt>
      <trkpt lat="40.66514" lon="-8.31688">
        <ele>513</ele>
        <time>2026-08-16T18:37:01.000Z</time>
      </trkpt>
      <trkpt lat="40.66523" lon="-8.31797">
        <ele>517</ele>
        <time>2026-08-16T18:37:05.000Z</time>
      </trkpt>
      <trkpt lat="40.66493" lon="-8.32001">
        <ele>515</ele>
        <time>2026-08-16T18:37:11.000Z</time>
      </trkpt>
      <trkpt lat="40.6705" lon="-8.34074">
        <ele>548</ele>
        <time>2026-08-16T18:38:15.000Z</time>
      </trkpt>
      <trkpt lat="40.66971" lon="-8.34486">
        <ele>526</ele>
        <time>2026-08-16T18:38:29.000Z</time>
      </trkpt>
      <trkpt lat="40.66901" lon="-8.3458">
        <ele>486</ele>
        <time>2026-08-16T18:38:33.000Z</time>
      </trkpt>
      <trkpt lat="40.66855" lon="-8.3468">
        <ele>472</ele>
        <time>2026-08-16T18:38:37.000Z</time>
      </trkpt>
      <trkpt lat="40.66806" lon="-8.3478">
        <ele>467</ele>
        <time>2026-08-16T18:38:41.000Z</time>
      </trkpt>
      <trkpt lat="40.66741" lon="-8.34858">
        <ele>467</ele>
        <time>2026-08-16T18:38:45.000Z</time>
      </trkpt>
      <trkpt lat="40.66555" lon="-8.35012">
        <ele>466</ele>
        <time>2026-08-16T18:38:56.000Z</time>
      </trkpt>
      <trkpt lat="40.66478" lon="-8.35071">
        <ele>466</ele>
        <time>2026-08-16T18:39:00.000Z</time>
      </trkpt>
      <trkpt lat="40.66354" lon="-8.35166">
        <ele>467</ele>
        <time>2026-08-16T18:39:04.000Z</time>
      </trkpt>
      <trkpt lat="40.66273" lon="-8.3523">
        <ele>467</ele>
        <time>2026-08-16T18:39:08.000Z</time>
      </trkpt>
      <trkpt lat="40.66193" lon="-8.3532">
        <ele>467</ele>
        <time>2026-08-16T18:39:12.000Z</time>
      </trkpt>
      <trkpt lat="40.66143" lon="-8.35414">
        <ele>467</ele>
        <time>2026-08-16T18:39:16.000Z</time>
      </trkpt>
      <trkpt lat="40.66081" lon="-8.3552">
        <ele>467</ele>
        <time>2026-08-16T18:39:20.000Z</time>
      </trkpt>
      <trkpt lat="40.66043" lon="-8.35648">
        <ele>467</ele>
        <time>2026-08-16T18:39:24.000Z</time>
      </trkpt>
      <trkpt lat="40.66005" lon="-8.35786">
        <ele>465</ele>
        <time>2026-08-16T18:39:28.000Z</time>
      </trkpt>
      <trkpt lat="40.65941" lon="-8.3588">
        <ele>465</ele>
        <time>2026-08-16T18:39:32.000Z</time>
      </trkpt>
      <trkpt lat="40.65858" lon="-8.35961">
        <ele>464</ele>
        <time>2026-08-16T18:39:36.000Z</time>
      </trkpt>
      <trkpt lat="40.65771" lon="-8.36036">
        <ele>465</ele>
        <time>2026-08-16T18:39:40.000Z</time>
      </trkpt>
      <trkpt lat="40.65704" lon="-8.36136">
        <ele>465</ele>
        <time>2026-08-16T18:39:44.000Z</time>
      </trkpt>
      <trkpt lat="40.6563" lon="-8.36214">
        <ele>464</ele>
        <time>2026-08-16T18:39:48.000Z</time>
      </trkpt>
      <trkpt lat="40.65555" lon="-8.36267">
        <ele>464</ele>
        <time>2026-08-16T18:39:52.000Z</time>
      </trkpt>
      <trkpt lat="40.65485" lon="-8.36332">
        <ele>463</ele>
        <time>2026-08-16T18:39:56.000Z</time>
      </trkpt>
      <trkpt lat="40.65406" lon="-8.36406">
        <ele>463</ele>
        <time>2026-08-16T18:40:00.000Z</time>
      </trkpt>
      <trkpt lat="40.65358" lon="-8.36514">
        <ele>463</ele>
        <time>2026-08-16T18:40:04.000Z</time>
      </trkpt>
      <trkpt lat="40.65305" lon="-8.3662">
        <ele>464</ele>
        <time>2026-08-16T18:40:08.000Z</time>
      </trkpt>
      <trkpt lat="40.65251" lon="-8.36735">
        <ele>463</ele>
        <time>2026-08-16T18:40:12.000Z</time>
      </trkpt>
      <trkpt lat="40.6506" lon="-8.37065">
        <ele>463</ele>
        <time>2026-08-16T18:40:25.000Z</time>
      </trkpt>
      <trkpt lat="40.6501" lon="-8.3721">
        <ele>463</ele>
        <time>2026-08-16T18:40:31.000Z</time>
      </trkpt>
      <trkpt lat="40.64988" lon="-8.37307">
        <ele>463</ele>
        <time>2026-08-16T18:40:35.000Z</time>
      </trkpt>
      <trkpt lat="40.65035" lon="-8.37354">
        <ele>463</ele>
        <time>2026-08-16T18:40:39.000Z</time>
      </trkpt>
      <trkpt lat="40.65337" lon="-8.37819">
        <ele>449</ele>
        <time>2026-08-16T18:40:56.000Z</time>
      </trkpt>
      <trkpt lat="40.65399" lon="-8.37921">
        <ele>456</ele>
        <time>2026-08-16T18:41:00.000Z</time>
      </trkpt>
      <trkpt lat="40.65465" lon="-8.38041">
        <ele>461</ele>
        <time>2026-08-16T18:41:04.000Z</time>
      </trkpt>
      <trkpt lat="40.65547" lon="-8.3813">
        <ele>463</ele>
        <time>2026-08-16T18:41:08.000Z</time>
      </trkpt>
      <trkpt lat="40.65616" lon="-8.38228">
        <ele>463</ele>
        <time>2026-08-16T18:41:12.000Z</time>
      </trkpt>
      <trkpt lat="40.65695" lon="-8.38326">
        <ele>462</ele>
        <time>2026-08-16T18:41:16.000Z</time>
      </trkpt>
      <trkpt lat="40.6582" lon="-8.38438">
        <ele>462</ele>
        <time>2026-08-16T18:41:22.000Z</time>
      </trkpt>
      <trkpt lat="40.65899" lon="-8.38519">
        <ele>462</ele>
        <time>2026-08-16T18:41:26.000Z</time>
      </trkpt>
      <trkpt lat="40.65995" lon="-8.38595">
        <ele>461</ele>
        <time>2026-08-16T18:41:30.000Z</time>
      </trkpt>
      <trkpt lat="40.6606" lon="-8.38689">
        <ele>460</ele>
        <time>2026-08-16T18:41:34.000Z</time>
      </trkpt>
      <trkpt lat="40.66122" lon="-8.38779">
        <ele>459</ele>
        <time>2026-08-16T18:41:38.000Z</time>
      </trkpt>
      <trkpt lat="40.66159" lon="-8.38849">
        <ele>459</ele>
        <time>2026-08-16T18:41:42.000Z</time>
      </trkpt>
      <trkpt lat="40.66205" lon="-8.38968">
        <ele>459</ele>
        <time>2026-08-16T18:41:46.000Z</time>
      </trkpt>
      <trkpt lat="40.6625" lon="-8.3905">
        <ele>459</ele>
        <time>2026-08-16T18:41:50.000Z</time>
      </trkpt>
      <trkpt lat="40.66277" lon="-8.39179">
        <ele>459</ele>
        <time>2026-08-16T18:41:54.000Z</time>
      </trkpt>
      <trkpt lat="40.66355" lon="-8.39371">
        <ele>457</ele>
        <time>2026-08-16T18:41:58.000Z</time>
      </trkpt>
      <trkpt lat="40.66403" lon="-8.39511">
        <ele>459</ele>
        <time>2026-08-16T18:42:02.000Z</time>
      </trkpt>
      <trkpt lat="40.66562" lon="-8.39739">
        <ele>459</ele>
        <time>2026-08-16T18:42:11.000Z</time>
      </trkpt>
      <trkpt lat="40.6664" lon="-8.39878">
        <ele>459</ele>
        <time>2026-08-16T18:42:15.000Z</time>
      </trkpt>
      <trkpt lat="40.66657" lon="-8.39953">
        <ele>459</ele>
        <time>2026-08-16T18:42:19.000Z</time>
      </trkpt>
      <trkpt lat="40.66705" lon="-8.40041">
        <ele>459</ele>
        <time>2026-08-16T18:42:23.000Z</time>
      </trkpt>
      <trkpt lat="40.66761" lon="-8.40201">
        <ele>459</ele>
        <time>2026-08-16T18:42:28.000Z</time>
      </trkpt>
      <trkpt lat="40.66676" lon="-8.41332">
        <ele>454</ele>
        <time>2026-08-16T18:43:01.000Z</time>
      </trkpt>
      <trkpt lat="40.66597" lon="-8.41523">
        <ele>448</ele>
        <time>2026-08-16T18:43:05.000Z</time>
      </trkpt>
      <trkpt lat="40.66566" lon="-8.41606">
        <ele>446</ele>
        <time>2026-08-16T18:43:09.000Z</time>
      </trkpt>
      <trkpt lat="40.66522" lon="-8.41735">
        <ele>444</ele>
        <time>2026-08-16T18:43:13.000Z</time>
      </trkpt>
      <trkpt lat="40.66468" lon="-8.41867">
        <ele>428</ele>
        <time>2026-08-16T18:43:17.000Z</time>
      </trkpt>
      <trkpt lat="40.66522" lon="-8.41814">
        <ele>393</ele>
        <time>2026-08-16T18:43:21.000Z</time>
      </trkpt>
      <trkpt lat="40.66521" lon="-8.41911">
        <ele>393</ele>
        <time>2026-08-16T18:43:25.000Z</time>
      </trkpt>
      <trkpt lat="40.66757" lon="-8.42472">
        <ele>392</ele>
        <time>2026-08-16T18:43:45.000Z</time>
      </trkpt>
      <trkpt lat="40.66856" lon="-8.42541">
        <ele>392</ele>
        <time>2026-08-16T18:43:49.000Z</time>
      </trkpt>
      <trkpt lat="40.66979" lon="-8.42582">
        <ele>392</ele>
        <time>2026-08-16T18:43:53.000Z</time>
      </trkpt>
      <trkpt lat="40.67076" lon="-8.42611">
        <ele>392</ele>
        <time>2026-08-16T18:43:57.000Z</time>
      </trkpt>
      <trkpt lat="40.67461" lon="-8.42894">
        <ele>391</ele>
        <time>2026-08-16T18:44:14.000Z</time>
      </trkpt>
      <trkpt lat="40.67514" lon="-8.42984">
        <ele>391</ele>
        <time>2026-08-16T18:44:18.000Z</time>
      </trkpt>
      <trkpt lat="40.67812" lon="-8.43752">
        <ele>348</ele>
        <time>2026-08-16T18:44:45.000Z</time>
      </trkpt>
      <trkpt lat="40.67864" lon="-8.43853">
        <ele>344</ele>
        <time>2026-08-16T18:44:49.000Z</time>
      </trkpt>
      <trkpt lat="40.67894" lon="-8.43965">
        <ele>267</ele>
        <time>2026-08-16T18:44:53.000Z</time>
      </trkpt>
      <trkpt lat="40.67922" lon="-8.44187">
        <ele>266</ele>
        <time>2026-08-16T18:45:00.000Z</time>
      </trkpt>
      <trkpt lat="40.67923" lon="-8.44308">
        <ele>265</ele>
        <time>2026-08-16T18:45:04.000Z</time>
      </trkpt>
      <trkpt lat="40.67883" lon="-8.44511">
        <ele>263</ele>
        <time>2026-08-16T18:45:09.000Z</time>
      </trkpt>
      <trkpt lat="40.67863" lon="-8.44668">
        <ele>263</ele>
        <time>2026-08-16T18:45:13.000Z</time>
      </trkpt>
      <trkpt lat="40.67853" lon="-8.44822">
        <ele>265</ele>
        <time>2026-08-16T18:45:17.000Z</time>
      </trkpt>
      <trkpt lat="40.67822" lon="-8.44972">
        <ele>264</ele>
        <time>2026-08-16T18:45:21.000Z</time>
      </trkpt>
      <trkpt lat="40.67819" lon="-8.45086">
        <ele>264</ele>
        <time>2026-08-16T18:45:25.000Z</time>
      </trkpt>
      <trkpt lat="40.67776" lon="-8.45171">
        <ele>265</ele>
        <time>2026-08-16T18:45:29.000Z</time>
      </trkpt>
      <trkpt lat="40.6775" lon="-8.45282">
        <ele>265</ele>
        <time>2026-08-16T18:45:33.000Z</time>
      </trkpt>
      <trkpt lat="40.67718" lon="-8.45422">
        <ele>265</ele>
        <time>2026-08-16T18:45:37.000Z</time>
      </trkpt>
      <trkpt lat="40.67687" lon="-8.45547">
        <ele>265</ele>
        <time>2026-08-16T18:45:41.000Z</time>
      </trkpt>
      <trkpt lat="40.67676" lon="-8.45584">
        <ele>266</ele>
        <time>2026-08-16T18:45:45.000Z</time>
      </trkpt>
      <trkpt lat="40.67654" lon="-8.45705">
        <ele>265</ele>
        <time>2026-08-16T18:45:49.000Z</time>
      </trkpt>
      <trkpt lat="40.67638" lon="-8.45954">
        <ele>265</ele>
        <time>2026-08-16T18:45:57.000Z</time>
      </trkpt>
      <trkpt lat="40.67659" lon="-8.46074">
        <ele>265</ele>
        <time>2026-08-16T18:46:01.000Z</time>
      </trkpt>
      <trkpt lat="40.6749" lon="-8.47218">
        <ele>263</ele>
        <time>2026-08-16T18:46:44.000Z</time>
      </trkpt>
      <trkpt lat="40.67477" lon="-8.47302">
        <ele>265</ele>
        <time>2026-08-16T18:46:48.000Z</time>
      </trkpt>
      <trkpt lat="40.67485" lon="-8.47413">
        <ele>265</ele>
        <time>2026-08-16T18:46:52.000Z</time>
      </trkpt>
      <trkpt lat="40.67538" lon="-8.47556">
        <ele>265</ele>
        <time>2026-08-16T18:46:57.000Z</time>
      </trkpt>
      <trkpt lat="40.6758" lon="-8.47657">
        <ele>266</ele>
        <time>2026-08-16T18:47:01.000Z</time>
      </trkpt>
      <trkpt lat="40.67638" lon="-8.47797">
        <ele>266</ele>
        <time>2026-08-16T18:47:05.000Z</time>
      </trkpt>
      <trkpt lat="40.67714" lon="-8.47916">
        <ele>266</ele>
        <time>2026-08-16T18:47:09.000Z</time>
      </trkpt>
      <trkpt lat="40.67765" lon="-8.48034">
        <ele>266</ele>
        <time>2026-08-16T18:47:13.000Z</time>
      </trkpt>
      <trkpt lat="40.67792" lon="-8.48165">
        <ele>265</ele>
        <time>2026-08-16T18:47:17.000Z</time>
      </trkpt>
      <trkpt lat="40.67843" lon="-8.48288">
        <ele>265</ele>
        <time>2026-08-16T18:47:21.000Z</time>
      </trkpt>
      <trkpt lat="40.6789" lon="-8.4842">
        <ele>265</ele>
        <time>2026-08-16T18:47:25.000Z</time>
      </trkpt>
      <trkpt lat="40.67927" lon="-8.48555">
        <ele>265</ele>
        <time>2026-08-16T18:47:29.000Z</time>
      </trkpt>
      <trkpt lat="40.67962" lon="-8.48689">
        <ele>265</ele>
        <time>2026-08-16T18:47:33.000Z</time>
      </trkpt>
      <trkpt lat="40.6817" lon="-8.49311">
        <ele>233</ele>
        <time>2026-08-16T18:47:53.000Z</time>
      </trkpt>
      <trkpt lat="40.68185" lon="-8.49431">
        <ele>206</ele>
        <time>2026-08-16T18:47:57.000Z</time>
      </trkpt>
      <trkpt lat="40.68197" lon="-8.49563">
        <ele>198</ele>
        <time>2026-08-16T18:48:01.000Z</time>
      </trkpt>
      <trkpt lat="40.68244" lon="-8.49672">
        <ele>195</ele>
        <time>2026-08-16T18:48:05.000Z</time>
      </trkpt>
      <trkpt lat="40.68305" lon="-8.49776">
        <ele>193</ele>
        <time>2026-08-16T18:48:09.000Z</time>
      </trkpt>
      <trkpt lat="40.6837" lon="-8.49879">
        <ele>191</ele>
        <time>2026-08-16T18:48:13.000Z</time>
      </trkpt>
      <trkpt lat="40.6843" lon="-8.49974">
        <ele>191</ele>
        <time>2026-08-16T18:48:17.000Z</time>
      </trkpt>
      <trkpt lat="40.68484" lon="-8.50062">
        <ele>184</ele>
        <time>2026-08-16T18:48:21.000Z</time>
      </trkpt>
      <trkpt lat="40.68527" lon="-8.50162">
        <ele>181</ele>
        <time>2026-08-16T18:48:25.000Z</time>
      </trkpt>
      <trkpt lat="40.68585" lon="-8.50255">
        <ele>181</ele>
        <time>2026-08-16T18:48:29.000Z</time>
      </trkpt>
      <trkpt lat="40.68628" lon="-8.50363">
        <ele>182</ele>
        <time>2026-08-16T18:48:33.000Z</time>
      </trkpt>
      <trkpt lat="40.68667" lon="-8.5048">
        <ele>182</ele>
        <time>2026-08-16T18:48:37.000Z</time>
      </trkpt>
      <trkpt lat="40.687" lon="-8.50606">
        <ele>182</ele>
        <time>2026-08-16T18:48:41.000Z</time>
      </trkpt>
      <trkpt lat="40.68765" lon="-8.52121">
        <ele>173</ele>
        <time>2026-08-16T18:49:37.000Z</time>
      </trkpt>
      <trkpt lat="40.68748" lon="-8.52252">
        <ele>160</ele>
        <time>2026-08-16T18:49:41.000Z</time>
      </trkpt>
      <trkpt lat="40.68711" lon="-8.52377">
        <ele>160</ele>
        <time>2026-08-16T18:49:45.000Z</time>
      </trkpt>
      <trkpt lat="40.68695" lon="-8.52449">
        <ele>158</ele>
        <time>2026-08-16T18:49:49.000Z</time>
      </trkpt>
      <trkpt lat="40.68678" lon="-8.52523">
        <ele>158</ele>
        <time>2026-08-16T18:49:53.000Z</time>
      </trkpt>
      <trkpt lat="40.68883" lon="-8.52464">
        <ele>165</ele>
        <time>2026-08-16T18:50:05.000Z</time>
      </trkpt>
      <trkpt lat="40.68923" lon="-8.52452">
        <ele>166</ele>
        <time>2026-08-16T18:50:09.000Z</time>
      </trkpt>
      <trkpt lat="40.68987" lon="-8.52461">
        <ele>172</ele>
        <time>2026-08-16T18:50:13.000Z</time>
      </trkpt>
      <trkpt lat="40.69031" lon="-8.52449">
        <ele>178</ele>
        <time>2026-08-16T18:50:17.000Z</time>
      </trkpt>
      <trkpt lat="40.69066" lon="-8.524">
        <ele>181</ele>
        <time>2026-08-16T18:50:21.000Z</time>
      </trkpt>
      <trkpt lat="40.69109" lon="-8.52383">
        <ele>183</ele>
        <time>2026-08-16T18:50:25.000Z</time>
      </trkpt>
      <trkpt lat="40.69141" lon="-8.52371">
        <ele>182</ele>
        <time>2026-08-16T18:50:29.000Z</time>
      </trkpt>
      <trkpt lat="40.6915" lon="-8.52365">
        <ele>181</ele>
        <time>2026-08-16T18:50:33.000Z</time>
      </trkpt>
      <trkpt lat="40.69167" lon="-8.52347">
        <ele>181</ele>
        <time>2026-08-16T18:50:37.000Z</time>
      </trkpt>
      <trkpt lat="40.6918" lon="-8.52323">
        <ele>181</ele>
        <time>2026-08-16T18:50:41.000Z</time>
      </trkpt>
      <trkpt lat="40.69183" lon="-8.52313">
        <ele>168</ele>
        <time>2026-08-16T18:50:45.000Z</time>
      </trkpt>
      <trkpt lat="40.69187" lon="-8.52291">
        <ele>168</ele>
        <time>2026-08-16T18:50:49.000Z</time>
      </trkpt>
      <trkpt lat="40.69193" lon="-8.52265">
        <ele>168</ele>
        <time>2026-08-16T18:50:53.000Z</time>
      </trkpt>
      <trkpt lat="40.69282" lon="-8.52074">
        <ele>168</ele>
        <time>2026-08-16T18:51:11.000Z</time>
      </trkpt>
      <trkpt lat="40.69322" lon="-8.52098">
        <ele>169</ele>
        <time>2026-08-16T18:51:15.000Z</time>
      </trkpt>
      <trkpt lat="40.69354" lon="-8.52144">
        <ele>170</ele>
        <time>2026-08-16T18:51:19.000Z</time>
      </trkpt>
      <trkpt lat="40.69391" lon="-8.52201">
        <ele>155</ele>
        <time>2026-08-16T18:51:23.000Z</time>
      </trkpt>
      <trkpt lat="40.69442" lon="-8.5225">
        <ele>154</ele>
        <time>2026-08-16T18:51:27.000Z</time>
      </trkpt>
      <trkpt lat="40.69494" lon="-8.52274">
        <ele>154</ele>
        <time>2026-08-16T18:51:31.000Z</time>
      </trkpt>
      <trkpt lat="40.69563" lon="-8.5229">
        <ele>153</ele>
        <time>2026-08-16T18:51:35.000Z</time>
      </trkpt>
      <trkpt lat="40.69643" lon="-8.52298">
        <ele>153</ele>
        <time>2026-08-16T18:51:39.000Z</time>
      </trkpt>
      <trkpt lat="40.69728" lon="-8.52334">
        <ele>152</ele>
        <time>2026-08-16T18:51:43.000Z</time>
      </trkpt>
      <trkpt lat="40.69841" lon="-8.52304">
        <ele>152</ele>
        <time>2026-08-16T18:51:47.000Z</time>
      </trkpt>
      <trkpt lat="40.69961" lon="-8.52298">
        <ele>151</ele>
        <time>2026-08-16T18:51:51.000Z</time>
      </trkpt>
      <trkpt lat="40.70106" lon="-8.52282">
        <ele>151</ele>
        <time>2026-08-16T18:51:55.000Z</time>
      </trkpt>
      <trkpt lat="40.70216" lon="-8.52262">
        <ele>150</ele>
        <time>2026-08-16T18:51:59.000Z</time>
      </trkpt>
      <trkpt lat="40.70322" lon="-8.52274">
        <ele>150</ele>
        <time>2026-08-16T18:52:03.000Z</time>
      </trkpt>
      <trkpt lat="40.70414" lon="-8.52222">
        <ele>150</ele>
        <time>2026-08-16T18:52:07.000Z</time>
      </trkpt>
      <trkpt lat="40.70508" lon="-8.52203">
        <ele>151</ele>
        <time>2026-08-16T18:52:11.000Z</time>
      </trkpt>
      <trkpt lat="40.70605" lon="-8.52186">
        <ele>152</ele>
        <time>2026-08-16T18:52:15.000Z</time>
      </trkpt>
      <trkpt lat="40.70704" lon="-8.5217">
        <ele>152</ele>
        <time>2026-08-16T18:52:19.000Z</time>
      </trkpt>
      <trkpt lat="40.70802" lon="-8.5216">
        <ele>153</ele>
        <time>2026-08-16T18:52:23.000Z</time>
      </trkpt>
      <trkpt lat="40.70903" lon="-8.52155">
        <ele>153</ele>
        <time>2026-08-16T18:52:27.000Z</time>
      </trkpt>
      <trkpt lat="40.71004" lon="-8.52156">
        <ele>160</ele>
        <time>2026-08-16T18:52:31.000Z</time>
      </trkpt>
      <trkpt lat="40.71106" lon="-8.52163">
        <ele>168</ele>
        <time>2026-08-16T18:52:35.000Z</time>
      </trkpt>
      <trkpt lat="40.71205" lon="-8.5217">
        <ele>170</ele>
        <time>2026-08-16T18:52:39.000Z</time>
      </trkpt>
      <trkpt lat="40.71302" lon="-8.5218">
        <ele>171</ele>
        <time>2026-08-16T18:52:43.000Z</time>
      </trkpt>
      <trkpt lat="40.71401" lon="-8.52194">
        <ele>176</ele>
        <time>2026-08-16T18:52:47.000Z</time>
      </trkpt>
      <trkpt lat="40.71498" lon="-8.52206">
        <ele>175</ele>
        <time>2026-08-16T18:52:51.000Z</time>
      </trkpt>
      <trkpt lat="40.71599" lon="-8.52215">
        <ele>174</ele>
        <time>2026-08-16T18:52:55.000Z</time>
      </trkpt>
      <trkpt lat="40.71701" lon="-8.52225">
        <ele>164</ele>
        <time>2026-08-16T18:52:59.000Z</time>
      </trkpt>
      <trkpt lat="40.718" lon="-8.52229">
        <ele>163</ele>
        <time>2026-08-16T18:53:03.000Z</time>
      </trkpt>
      <trkpt lat="40.71893" lon="-8.5223">
        <ele>162</ele>
        <time>2026-08-16T18:53:07.000Z</time>
      </trkpt>
      <trkpt lat="40.71987" lon="-8.52229">
        <ele>162</ele>
        <time>2026-08-16T18:53:11.000Z</time>
      </trkpt>
      <trkpt lat="40.72087" lon="-8.52225">
        <ele>162</ele>
        <time>2026-08-16T18:53:15.000Z</time>
      </trkpt>
      <trkpt lat="40.72191" lon="-8.5222">
        <ele>161</ele>
        <time>2026-08-16T18:53:19.000Z</time>
      </trkpt>
      <trkpt lat="40.72297" lon="-8.52216">
        <ele>160</ele>
        <time>2026-08-16T18:53:23.000Z</time>
      </trkpt>
      <trkpt lat="40.72407" lon="-8.52211">
        <ele>158</ele>
        <time>2026-08-16T18:53:27.000Z</time>
      </trkpt>
      <trkpt lat="40.72518" lon="-8.52211">
        <ele>157</ele>
        <time>2026-08-16T18:53:31.000Z</time>
      </trkpt>
      <trkpt lat="40.72625" lon="-8.52214">
        <ele>157</ele>
        <time>2026-08-16T18:53:35.000Z</time>
      </trkpt>
      <trkpt lat="40.72731" lon="-8.52219">
        <ele>156</ele>
        <time>2026-08-16T18:53:39.000Z</time>
      </trkpt>
      <trkpt lat="40.72836" lon="-8.5223">
        <ele>155</ele>
        <time>2026-08-16T18:53:43.000Z</time>
      </trkpt>
      <trkpt lat="40.72937" lon="-8.52243">
        <ele>150</ele>
        <time>2026-08-16T18:53:47.000Z</time>
      </trkpt>
      <trkpt lat="40.73032" lon="-8.52257">
        <ele>148</ele>
        <time>2026-08-16T18:53:51.000Z</time>
      </trkpt>
      <trkpt lat="40.73123" lon="-8.52272">
        <ele>147</ele>
        <time>2026-08-16T18:53:55.000Z</time>
      </trkpt>
      <trkpt lat="40.73216" lon="-8.52292">
        <ele>146</ele>
        <time>2026-08-16T18:53:59.000Z</time>
      </trkpt>
      <trkpt lat="40.733" lon="-8.52311">
        <ele>143</ele>
        <time>2026-08-16T18:54:03.000Z</time>
      </trkpt>
      <trkpt lat="40.73385" lon="-8.52333">
        <ele>139</ele>
        <time>2026-08-16T18:54:07.000Z</time>
      </trkpt>
      <trkpt lat="40.73472" lon="-8.52356">
        <ele>136</ele>
        <time>2026-08-16T18:54:11.000Z</time>
      </trkpt>
      <trkpt lat="40.73563" lon="-8.52385">
        <ele>132</ele>
        <time>2026-08-16T18:54:15.000Z</time>
      </trkpt>
      <trkpt lat="40.73651" lon="-8.52416">
        <ele>131</ele>
        <time>2026-08-16T18:54:19.000Z</time>
      </trkpt>
      <trkpt lat="40.73759" lon="-8.52457">
        <ele>130</ele>
        <time>2026-08-16T18:54:23.000Z</time>
      </trkpt>
      <trkpt lat="40.73886" lon="-8.52511">
        <ele>129</ele>
        <time>2026-08-16T18:54:27.000Z</time>
      </trkpt>
      <trkpt lat="40.74005" lon="-8.52565">
        <ele>129</ele>
        <time>2026-08-16T18:54:31.000Z</time>
      </trkpt>
      <trkpt lat="40.7411" lon="-8.52616">
        <ele>129</ele>
        <time>2026-08-16T18:54:35.000Z</time>
      </trkpt>
      <trkpt lat="40.74214" lon="-8.52672">
        <ele>127</ele>
        <time>2026-08-16T18:54:39.000Z</time>
      </trkpt>
      <trkpt lat="40.74316" lon="-8.52732">
        <ele>126</ele>
        <time>2026-08-16T18:54:43.000Z</time>
      </trkpt>
      <trkpt lat="40.74411" lon="-8.52789">
        <ele>124</ele>
        <time>2026-08-16T18:54:47.000Z</time>
      </trkpt>
      <trkpt lat="40.7449" lon="-8.52839">
        <ele>121</ele>
        <time>2026-08-16T18:54:51.000Z</time>
      </trkpt>
      <trkpt lat="40.7458" lon="-8.529">
        <ele>120</ele>
        <time>2026-08-16T18:54:55.000Z</time>
      </trkpt>
      <trkpt lat="40.74671" lon="-8.52963">
        <ele>120</ele>
        <time>2026-08-16T18:54:59.000Z</time>
      </trkpt>
      <trkpt lat="40.74758" lon="-8.5303">
        <ele>119</ele>
        <time>2026-08-16T18:55:03.000Z</time>
      </trkpt>
      <trkpt lat="40.74849" lon="-8.53102">
        <ele>120</ele>
        <time>2026-08-16T18:55:07.000Z</time>
      </trkpt>
      <trkpt lat="40.74934" lon="-8.53168">
        <ele>119</ele>
        <time>2026-08-16T18:55:11.000Z</time>
      </trkpt>
      <trkpt lat="40.75024" lon="-8.53238">
        <ele>117</ele>
        <time>2026-08-16T18:55:15.000Z</time>
      </trkpt>
      <trkpt lat="40.75115" lon="-8.53307">
        <ele>116</ele>
        <time>2026-08-16T18:55:19.000Z</time>
      </trkpt>
      <trkpt lat="40.75214" lon="-8.53378">
        <ele>115</ele>
        <time>2026-08-16T18:55:23.000Z</time>
      </trkpt>
      <trkpt lat="40.75267" lon="-8.53414">
        <ele>114</ele>
        <time>2026-08-16T18:55:27.000Z</time>
      </trkpt>
      <trkpt lat="40.75325" lon="-8.53452">
        <ele>114</ele>
        <time>2026-08-16T18:55:31.000Z</time>
      </trkpt>
      <trkpt lat="40.75377" lon="-8.53486">
        <ele>113</ele>
        <time>2026-08-16T18:55:35.000Z</time>
      </trkpt>
      <trkpt lat="40.75402" lon="-8.53502">
        <ele>116</ele>
        <time>2026-08-16T18:55:39.000Z</time>
      </trkpt>
      <trkpt lat="40.75428" lon="-8.53519">
        <ele>114</ele>
        <time>2026-08-16T18:55:43.000Z</time>
      </trkpt>
      <trkpt lat="40.75454" lon="-8.53499">
        <ele>115</ele>
        <time>2026-08-16T18:55:47.000Z</time>
      </trkpt>
      <trkpt lat="40.7547" lon="-8.53508">
        <ele>118</ele>
        <time>2026-08-16T18:55:51.000Z</time>
      </trkpt>
      <trkpt lat="40.75482" lon="-8.53518">
        <ele>117</ele>
        <time>2026-08-16T18:55:55.000Z</time>
      </trkpt>
      <trkpt lat="40.75502" lon="-8.53524">
        <ele>119</ele>
        <time>2026-08-16T18:55:59.000Z</time>
      </trkpt>
      <trkpt lat="40.75523" lon="-8.53527">
        <ele>121</ele>
        <time>2026-08-16T18:56:03.000Z</time>
      </trkpt>
      <trkpt lat="40.75535" lon="-8.5353">
        <ele>121</ele>
        <time>2026-08-16T18:56:07.000Z</time>
      </trkpt>
      <trkpt lat="40.75545" lon="-8.53536">
        <ele>124</ele>
        <time>2026-08-16T18:56:11.000Z</time>
      </trkpt>
      <trkpt lat="40.7556" lon="-8.5354">
        <ele>124</ele>
        <time>2026-08-16T18:56:15.000Z</time>
      </trkpt>
      <trkpt lat="40.75577" lon="-8.53543">
        <ele>124</ele>
        <time>2026-08-16T18:56:19.000Z</time>
      </trkpt>
      <trkpt lat="40.75589" lon="-8.53545">
        <ele>124</ele>
        <time>2026-08-16T18:56:23.000Z</time>
      </trkpt>
      <trkpt lat="40.75587" lon="-8.53536">
        <ele>124</ele>
        <time>2026-08-16T18:56:30.000Z</time>
      </trkpt>
      <trkpt lat="40.75565" lon="-8.53548">
        <ele>123</ele>
        <time>2026-08-16T18:56:45.000Z</time>
      </trkpt>
      <trkpt lat="40.75574" lon="-8.53547">
        <ele>123</ele>
        <time>2026-08-16T18:56:50.000Z</time>
      </trkpt>
      <trkpt lat="40.75587" lon="-8.53536">
        <ele>124</ele>
        <time>2026-08-16T18:57:08.000Z</time>
      </trkpt>
      <trkpt lat="40.75582" lon="-8.53545">
        <ele>123</ele>
        <time>2026-08-16T19:15:30.000Z</time>
      </trkpt>
      <trkpt lat="40.75571" lon="-8.53556">
        <ele>123</ele>
        <time>2026-08-16T19:15:34.000Z</time>
      </trkpt>
      <trkpt lat="40.75565" lon="-8.53572">
        <ele>123</ele>
        <time>2026-08-16T19:15:38.000Z</time>
      </trkpt>
      <trkpt lat="40.75576" lon="-8.53615">
        <ele>123</ele>
        <time>2026-08-16T19:15:42.000Z</time>
      </trkpt>
      <trkpt lat="40.75614" lon="-8.5364">
        <ele>123</ele>
        <time>2026-08-16T19:15:46.000Z</time>
      </trkpt>
      <trkpt lat="40.75664" lon="-8.53672">
        <ele>123</ele>
        <time>2026-08-16T19:15:50.000Z</time>
      </trkpt>
      <trkpt lat="40.75724" lon="-8.53711">
        <ele>123</ele>
        <time>2026-08-16T19:15:54.000Z</time>
      </trkpt>
      <trkpt lat="40.75793" lon="-8.53756">
        <ele>123</ele>
        <time>2026-08-16T19:15:58.000Z</time>
      </trkpt>
      <trkpt lat="40.75871" lon="-8.53807">
        <ele>123</ele>
        <time>2026-08-16T19:16:02.000Z</time>
      </trkpt>
      <trkpt lat="40.75955" lon="-8.53861">
        <ele>123</ele>
        <time>2026-08-16T19:16:06.000Z</time>
      </trkpt>
      <trkpt lat="40.76041" lon="-8.53917">
        <ele>123</ele>
        <time>2026-08-16T19:16:10.000Z</time>
      </trkpt>
      <trkpt lat="40.76131" lon="-8.53974">
        <ele>123</ele>
        <time>2026-08-16T19:16:14.000Z</time>
      </trkpt>
      <trkpt lat="40.76226" lon="-8.54035">
        <ele>123</ele>
        <time>2026-08-16T19:16:18.000Z</time>
      </trkpt>
      <trkpt lat="40.76325" lon="-8.54098">
        <ele>123</ele>
        <time>2026-08-16T19:16:22.000Z</time>
      </trkpt>
      <trkpt lat="40.76423" lon="-8.54161">
        <ele>123</ele>
        <time>2026-08-16T19:16:26.000Z</time>
      </trkpt>
      <trkpt lat="40.76525" lon="-8.54226">
        <ele>123</ele>
        <time>2026-08-16T19:16:30.000Z</time>
      </trkpt>
      <trkpt lat="40.76631" lon="-8.54288">
        <ele>123</ele>
        <time>2026-08-16T19:16:34.000Z</time>
      </trkpt>
      <trkpt lat="40.76738" lon="-8.54336">
        <ele>123</ele>
        <time>2026-08-16T19:16:38.000Z</time>
      </trkpt>
      <trkpt lat="40.76847" lon="-8.54361">
        <ele>123</ele>
        <time>2026-08-16T19:16:42.000Z</time>
      </trkpt>
      <trkpt lat="40.7696" lon="-8.54368">
        <ele>123</ele>
        <time>2026-08-16T19:16:46.000Z</time>
      </trkpt>
      <trkpt lat="40.77071" lon="-8.54359">
        <ele>123</ele>
        <time>2026-08-16T19:16:50.000Z</time>
      </trkpt>
      <trkpt lat="40.77173" lon="-8.54349">
        <ele>123</ele>
        <time>2026-08-16T19:16:54.000Z</time>
      </trkpt>
      <trkpt lat="40.77271" lon="-8.5434">
        <ele>123</ele>
        <time>2026-08-16T19:16:58.000Z</time>
      </trkpt>
      <trkpt lat="40.77371" lon="-8.54334">
        <ele>123</ele>
        <time>2026-08-16T19:17:02.000Z</time>
      </trkpt>
      <trkpt lat="40.77474" lon="-8.54333">
        <ele>123</ele>
        <time>2026-08-16T19:17:06.000Z</time>
      </trkpt>
      <trkpt lat="40.77581" lon="-8.54333">
        <ele>121</ele>
        <time>2026-08-16T19:17:10.000Z</time>
      </trkpt>
      <trkpt lat="40.77687" lon="-8.54339">
        <ele>120</ele>
        <time>2026-08-16T19:17:14.000Z</time>
      </trkpt>
      <trkpt lat="40.77792" lon="-8.54349">
        <ele>121</ele>
        <time>2026-08-16T19:17:18.000Z</time>
      </trkpt>
      <trkpt lat="40.77903" lon="-8.54362">
        <ele>121</ele>
        <time>2026-08-16T19:17:22.000Z</time>
      </trkpt>
      <trkpt lat="40.78014" lon="-8.54397">
        <ele>120</ele>
        <time>2026-08-16T19:17:26.000Z</time>
      </trkpt>
      <trkpt lat="40.78125" lon="-8.54429">
        <ele>120</ele>
        <time>2026-08-16T19:17:30.000Z</time>
      </trkpt>
      <trkpt lat="40.78236" lon="-8.54468">
        <ele>119</ele>
        <time>2026-08-16T19:17:34.000Z</time>
      </trkpt>
      <trkpt lat="40.78347" lon="-8.54513">
        <ele>119</ele>
        <time>2026-08-16T19:17:38.000Z</time>
      </trkpt>
      <trkpt lat="40.78458" lon="-8.54566">
        <ele>120</ele>
        <time>2026-08-16T19:17:42.000Z</time>
      </trkpt>
      <trkpt lat="40.78568" lon="-8.54625">
        <ele>119</ele>
        <time>2026-08-16T19:17:46.000Z</time>
      </trkpt>
      <trkpt lat="40.7868" lon="-8.54686">
        <ele>117</ele>
        <time>2026-08-16T19:17:50.000Z</time>
      </trkpt>
      <trkpt lat="40.78795" lon="-8.54749">
        <ele>115</ele>
        <time>2026-08-16T19:17:54.000Z</time>
      </trkpt>
      <trkpt lat="40.78909" lon="-8.54806">
        <ele>114</ele>
        <time>2026-08-16T19:17:58.000Z</time>
      </trkpt>
      <trkpt lat="40.79022" lon="-8.54854">
        <ele>114</ele>
        <time>2026-08-16T19:18:02.000Z</time>
      </trkpt>
      <trkpt lat="40.79132" lon="-8.5489">
        <ele>114</ele>
        <time>2026-08-16T19:18:06.000Z</time>
      </trkpt>
      <trkpt lat="40.79242" lon="-8.54916">
        <ele>114</ele>
        <time>2026-08-16T19:18:10.000Z</time>
      </trkpt>
      <trkpt lat="40.79354" lon="-8.54934">
        <ele>114</ele>
        <time>2026-08-16T19:18:14.000Z</time>
      </trkpt>
      <trkpt lat="40.79472" lon="-8.54941">
        <ele>115</ele>
        <time>2026-08-16T19:18:18.000Z</time>
      </trkpt>
      <trkpt lat="40.79593" lon="-8.54936">
        <ele>116</ele>
        <time>2026-08-16T19:18:22.000Z</time>
      </trkpt>
      <trkpt lat="40.79714" lon="-8.54928">
        <ele>118</ele>
        <time>2026-08-16T19:18:26.000Z</time>
      </trkpt>
      <trkpt lat="40.79831" lon="-8.54913">
        <ele>119</ele>
        <time>2026-08-16T19:18:30.000Z</time>
      </trkpt>
      <trkpt lat="40.79945" lon="-8.549">
        <ele>119</ele>
        <time>2026-08-16T19:18:34.000Z</time>
      </trkpt>
      <trkpt lat="40.8006" lon="-8.54886">
        <ele>119</ele>
        <time>2026-08-16T19:18:38.000Z</time>
      </trkpt>
      <trkpt lat="40.80177" lon="-8.54871">
        <ele>119</ele>
        <time>2026-08-16T19:18:42.000Z</time>
      </trkpt>
      <trkpt lat="40.80296" lon="-8.54856">
        <ele>120</ele>
        <time>2026-08-16T19:18:46.000Z</time>
      </trkpt>
      <trkpt lat="40.80415" lon="-8.5484">
        <ele>122</ele>
        <time>2026-08-16T19:18:50.000Z</time>
      </trkpt>
      <trkpt lat="40.80535" lon="-8.54824">
        <ele>123</ele>
        <time>2026-08-16T19:18:54.000Z</time>
      </trkpt>
      <trkpt lat="40.80654" lon="-8.54808">
        <ele>123</ele>
        <time>2026-08-16T19:18:58.000Z</time>
      </trkpt>
      <trkpt lat="40.80772" lon="-8.54799">
        <ele>124</ele>
        <time>2026-08-16T19:19:02.000Z</time>
      </trkpt>
      <trkpt lat="40.80887" lon="-8.54797">
        <ele>125</ele>
        <time>2026-08-16T19:19:06.000Z</time>
      </trkpt>
      <trkpt lat="40.81002" lon="-8.54799">
        <ele>127</ele>
        <time>2026-08-16T19:19:10.000Z</time>
      </trkpt>
      <trkpt lat="40.81115" lon="-8.54809">
        <ele>129</ele>
        <time>2026-08-16T19:19:14.000Z</time>
      </trkpt>
      <trkpt lat="40.81231" lon="-8.5482">
        <ele>131</ele>
        <time>2026-08-16T19:19:18.000Z</time>
      </trkpt>
      <trkpt lat="40.81346" lon="-8.54846">
        <ele>130</ele>
        <time>2026-08-16T19:19:22.000Z</time>
      </trkpt>
      <trkpt lat="40.81463" lon="-8.54876">
        <ele>128</ele>
        <time>2026-08-16T19:19:26.000Z</time>
      </trkpt>
      <trkpt lat="40.8158" lon="-8.54911">
        <ele>128</ele>
        <time>2026-08-16T19:19:30.000Z</time>
      </trkpt>
      <trkpt lat="40.81697" lon="-8.54952">
        <ele>128</ele>
        <time>2026-08-16T19:19:34.000Z</time>
      </trkpt>
      <trkpt lat="40.81811" lon="-8.55001">
        <ele>128</ele>
        <time>2026-08-16T19:19:38.000Z</time>
      </trkpt>
      <trkpt lat="40.81923" lon="-8.55056">
        <ele>129</ele>
        <time>2026-08-16T19:19:42.000Z</time>
      </trkpt>
      <trkpt lat="40.82034" lon="-8.5511">
        <ele>131</ele>
        <time>2026-08-16T19:19:46.000Z</time>
      </trkpt>
      <trkpt lat="40.82145" lon="-8.55164">
        <ele>133</ele>
        <time>2026-08-16T19:19:50.000Z</time>
      </trkpt>
      <trkpt lat="40.82259" lon="-8.55218">
        <ele>134</ele>
        <time>2026-08-16T19:19:54.000Z</time>
      </trkpt>
      <trkpt lat="40.82375" lon="-8.55266">
        <ele>133</ele>
        <time>2026-08-16T19:19:58.000Z</time>
      </trkpt>
      <trkpt lat="40.82491" lon="-8.5531">
        <ele>132</ele>
        <time>2026-08-16T19:20:02.000Z</time>
      </trkpt>
      <trkpt lat="40.82608" lon="-8.5535">
        <ele>131</ele>
        <time>2026-08-16T19:20:06.000Z</time>
      </trkpt>
      <trkpt lat="40.82727" lon="-8.55383">
        <ele>131</ele>
        <time>2026-08-16T19:20:10.000Z</time>
      </trkpt>
      <trkpt lat="40.82846" lon="-8.55409">
        <ele>132</ele>
        <time>2026-08-16T19:20:14.000Z</time>
      </trkpt>
      <trkpt lat="40.82959" lon="-8.5543">
        <ele>132</ele>
        <time>2026-08-16T19:20:18.000Z</time>
      </trkpt>
      <trkpt lat="40.83071" lon="-8.55442">
        <ele>134</ele>
        <time>2026-08-16T19:20:22.000Z</time>
      </trkpt>
      <trkpt lat="40.83186" lon="-8.55452">
        <ele>134</ele>
        <time>2026-08-16T19:20:26.000Z</time>
      </trkpt>
      <trkpt lat="40.83302" lon="-8.55457">
        <ele>134</ele>
        <time>2026-08-16T19:20:30.000Z</time>
      </trkpt>
      <trkpt lat="40.8342" lon="-8.55462">
        <ele>135</ele>
        <time>2026-08-16T19:20:34.000Z</time>
      </trkpt>
      <trkpt lat="40.83536" lon="-8.55467">
        <ele>136</ele>
        <time>2026-08-16T19:20:38.000Z</time>
      </trkpt>
      <trkpt lat="40.83652" lon="-8.55472">
        <ele>135</ele>
        <time>2026-08-16T19:20:42.000Z</time>
      </trkpt>
      <trkpt lat="40.83769" lon="-8.55479">
        <ele>135</ele>
        <time>2026-08-16T19:20:46.000Z</time>
      </trkpt>
      <trkpt lat="40.83887" lon="-8.55488">
        <ele>134</ele>
        <time>2026-08-16T19:20:50.000Z</time>
      </trkpt>
      <trkpt lat="40.84004" lon="-8.55503">
        <ele>133</ele>
        <time>2026-08-16T19:20:54.000Z</time>
      </trkpt>
      <trkpt lat="40.84121" lon="-8.55532">
        <ele>134</ele>
        <time>2026-08-16T19:20:58.000Z</time>
      </trkpt>
      <trkpt lat="40.84235" lon="-8.55571">
        <ele>135</ele>
        <time>2026-08-16T19:21:02.000Z</time>
      </trkpt>
      <trkpt lat="40.84343" lon="-8.55619">
        <ele>136</ele>
        <time>2026-08-16T19:21:06.000Z</time>
      </trkpt>
      <trkpt lat="40.8445" lon="-8.55666">
        <ele>137</ele>
        <time>2026-08-16T19:21:10.000Z</time>
      </trkpt>
      <trkpt lat="40.84561" lon="-8.55706">
        <ele>138</ele>
        <time>2026-08-16T19:21:14.000Z</time>
      </trkpt>
      <trkpt lat="40.84677" lon="-8.55734">
        <ele>139</ele>
        <time>2026-08-16T19:21:18.000Z</time>
      </trkpt>
      <trkpt lat="40.84796" lon="-8.55744">
        <ele>140</ele>
        <time>2026-08-16T19:21:22.000Z</time>
      </trkpt>
      <trkpt lat="40.84915" lon="-8.55731">
        <ele>141</ele>
        <time>2026-08-16T19:21:26.000Z</time>
      </trkpt>
      <trkpt lat="40.85031" lon="-8.55699">
        <ele>143</ele>
        <time>2026-08-16T19:21:30.000Z</time>
      </trkpt>
      <trkpt lat="40.85143" lon="-8.55655">
        <ele>144</ele>
        <time>2026-08-16T19:21:34.000Z</time>
      </trkpt>
      <trkpt lat="40.85254" lon="-8.55606">
        <ele>146</ele>
        <time>2026-08-16T19:21:38.000Z</time>
      </trkpt>
      <trkpt lat="40.85368" lon="-8.55564">
        <ele>149</ele>
        <time>2026-08-16T19:21:42.000Z</time>
      </trkpt>
      <trkpt lat="40.85483" lon="-8.55534">
        <ele>151</ele>
        <time>2026-08-16T19:21:46.000Z</time>
      </trkpt>
      <trkpt lat="40.856" lon="-8.55527">
        <ele>152</ele>
        <time>2026-08-16T19:21:50.000Z</time>
      </trkpt>
      <trkpt lat="40.85717" lon="-8.5554">
        <ele>151</ele>
        <time>2026-08-16T19:21:54.000Z</time>
      </trkpt>
      <trkpt lat="40.85832" lon="-8.5557">
        <ele>152</ele>
        <time>2026-08-16T19:21:58.000Z</time>
      </trkpt>
      <trkpt lat="40.85943" lon="-8.55622">
        <ele>154</ele>
        <time>2026-08-16T19:22:02.000Z</time>
      </trkpt>
      <trkpt lat="40.86054" lon="-8.55677">
        <ele>154</ele>
        <time>2026-08-16T19:22:06.000Z</time>
      </trkpt>
      <trkpt lat="40.86167" lon="-8.5573">
        <ele>153</ele>
        <time>2026-08-16T19:22:10.000Z</time>
      </trkpt>
      <trkpt lat="40.86281" lon="-8.55779">
        <ele>154</ele>
        <time>2026-08-16T19:22:14.000Z</time>
      </trkpt>
      <trkpt lat="40.86395" lon="-8.55828">
        <ele>156</ele>
        <time>2026-08-16T19:22:18.000Z</time>
      </trkpt>
      <trkpt lat="40.8651" lon="-8.55867">
        <ele>157</ele>
        <time>2026-08-16T19:22:22.000Z</time>
      </trkpt>
      <trkpt lat="40.86625" lon="-8.55904">
        <ele>159</ele>
        <time>2026-08-16T19:22:26.000Z</time>
      </trkpt>
      <trkpt lat="40.86741" lon="-8.55933">
        <ele>159</ele>
        <time>2026-08-16T19:22:30.000Z</time>
      </trkpt>
      <trkpt lat="40.86858" lon="-8.55959">
        <ele>158</ele>
        <time>2026-08-16T19:22:34.000Z</time>
      </trkpt>
      <trkpt lat="40.86976" lon="-8.55978">
        <ele>157</ele>
        <time>2026-08-16T19:22:38.000Z</time>
      </trkpt>
      <trkpt lat="40.87095" lon="-8.55996">
        <ele>156</ele>
        <time>2026-08-16T19:22:42.000Z</time>
      </trkpt>
      <trkpt lat="40.87213" lon="-8.56007">
        <ele>155</ele>
        <time>2026-08-16T19:22:46.000Z</time>
      </trkpt>
      <trkpt lat="40.8733" lon="-8.56018">
        <ele>155</ele>
        <time>2026-08-16T19:22:50.000Z</time>
      </trkpt>
      <trkpt lat="40.87448" lon="-8.56027">
        <ele>154</ele>
        <time>2026-08-16T19:22:54.000Z</time>
      </trkpt>
      <trkpt lat="40.87565" lon="-8.56035">
        <ele>155</ele>
        <time>2026-08-16T19:22:58.000Z</time>
      </trkpt>
      <trkpt lat="40.8768" lon="-8.56043">
        <ele>156</ele>
        <time>2026-08-16T19:23:02.000Z</time>
      </trkpt>
      <trkpt lat="40.87796" lon="-8.56052">
        <ele>157</ele>
        <time>2026-08-16T19:23:06.000Z</time>
      </trkpt>
      <trkpt lat="40.87913" lon="-8.56063">
        <ele>158</ele>
        <time>2026-08-16T19:23:10.000Z</time>
      </trkpt>
      <trkpt lat="40.88031" lon="-8.56085">
        <ele>159</ele>
        <time>2026-08-16T19:23:14.000Z</time>
      </trkpt>
      <trkpt lat="40.88146" lon="-8.56123">
        <ele>160</ele>
        <time>2026-08-16T19:23:18.000Z</time>
      </trkpt>
      <trkpt lat="40.88256" lon="-8.56183">
        <ele>162</ele>
        <time>2026-08-16T19:23:22.000Z</time>
      </trkpt>
      <trkpt lat="40.88356" lon="-8.56269">
        <ele>163</ele>
        <time>2026-08-16T19:23:26.000Z</time>
      </trkpt>
      <trkpt lat="40.88449" lon="-8.56368">
        <ele>162</ele>
        <time>2026-08-16T19:23:30.000Z</time>
      </trkpt>
      <trkpt lat="40.88535" lon="-8.56479">
        <ele>158</ele>
        <time>2026-08-16T19:23:34.000Z</time>
      </trkpt>
      <trkpt lat="40.88627" lon="-8.56584">
        <ele>152</ele>
        <time>2026-08-16T19:23:38.000Z</time>
      </trkpt>
      <trkpt lat="40.88729" lon="-8.5667">
        <ele>147</ele>
        <time>2026-08-16T19:23:42.000Z</time>
      </trkpt>
      <trkpt lat="40.88838" lon="-8.56736">
        <ele>143</ele>
        <time>2026-08-16T19:23:46.000Z</time>
      </trkpt>
      <trkpt lat="40.88956" lon="-8.5678">
        <ele>138</ele>
        <time>2026-08-16T19:23:50.000Z</time>
      </trkpt>
      <trkpt lat="40.89075" lon="-8.5681">
        <ele>134</ele>
        <time>2026-08-16T19:23:54.000Z</time>
      </trkpt>
      <trkpt lat="40.89196" lon="-8.56828">
        <ele>132</ele>
        <time>2026-08-16T19:23:58.000Z</time>
      </trkpt>
      <trkpt lat="40.89317" lon="-8.56835">
        <ele>131</ele>
        <time>2026-08-16T19:24:02.000Z</time>
      </trkpt>
      <trkpt lat="40.89437" lon="-8.56835">
        <ele>132</ele>
        <time>2026-08-16T19:24:06.000Z</time>
      </trkpt>
      <trkpt lat="40.89559" lon="-8.56827">
        <ele>134</ele>
        <time>2026-08-16T19:24:10.000Z</time>
      </trkpt>
      <trkpt lat="40.89678" lon="-8.56808">
        <ele>136</ele>
        <time>2026-08-16T19:24:14.000Z</time>
      </trkpt>
      <trkpt lat="40.89795" lon="-8.56782">
        <ele>140</ele>
        <time>2026-08-16T19:24:18.000Z</time>
      </trkpt>
      <trkpt lat="40.89909" lon="-8.56753">
        <ele>144</ele>
        <time>2026-08-16T19:24:22.000Z</time>
      </trkpt>
      <trkpt lat="40.90023" lon="-8.56727">
        <ele>149</ele>
        <time>2026-08-16T19:24:26.000Z</time>
      </trkpt>
      <trkpt lat="40.90138" lon="-8.56702">
        <ele>154</ele>
        <time>2026-08-16T19:24:30.000Z</time>
      </trkpt>
      <trkpt lat="40.90256" lon="-8.5668">
        <ele>158</ele>
        <time>2026-08-16T19:24:34.000Z</time>
      </trkpt>
      <trkpt lat="40.90373" lon="-8.56674">
        <ele>162</ele>
        <time>2026-08-16T19:24:38.000Z</time>
      </trkpt>
      <trkpt lat="40.90491" lon="-8.56677">
        <ele>165</ele>
        <time>2026-08-16T19:24:42.000Z</time>
      </trkpt>
      <trkpt lat="40.90611" lon="-8.56684">
        <ele>167</ele>
        <time>2026-08-16T19:24:46.000Z</time>
      </trkpt>
      <trkpt lat="40.90729" lon="-8.56701">
        <ele>168</ele>
        <time>2026-08-16T19:24:50.000Z</time>
      </trkpt>
      <trkpt lat="40.90845" lon="-8.56719">
        <ele>169</ele>
        <time>2026-08-16T19:24:54.000Z</time>
      </trkpt>
      <trkpt lat="40.90961" lon="-8.56736">
        <ele>168</ele>
        <time>2026-08-16T19:24:58.000Z</time>
      </trkpt>
      <trkpt lat="40.91077" lon="-8.56754">
        <ele>167</ele>
        <time>2026-08-16T19:25:02.000Z</time>
      </trkpt>
      <trkpt lat="40.91194" lon="-8.56768">
        <ele>164</ele>
        <time>2026-08-16T19:25:06.000Z</time>
      </trkpt>
      <trkpt lat="40.91313" lon="-8.56777">
        <ele>161</ele>
        <time>2026-08-16T19:25:10.000Z</time>
      </trkpt>
      <trkpt lat="40.91433" lon="-8.56779">
        <ele>160</ele>
        <time>2026-08-16T19:25:14.000Z</time>
      </trkpt>
      <trkpt lat="40.91552" lon="-8.56778">
        <ele>160</ele>
        <time>2026-08-16T19:25:18.000Z</time>
      </trkpt>
      <trkpt lat="40.91671" lon="-8.56774">
        <ele>161</ele>
        <time>2026-08-16T19:25:22.000Z</time>
      </trkpt>
      <trkpt lat="40.91791" lon="-8.56767">
        <ele>168</ele>
        <time>2026-08-16T19:25:26.000Z</time>
      </trkpt>
      <trkpt lat="40.9191" lon="-8.5676">
        <ele>168</ele>
        <time>2026-08-16T19:25:30.000Z</time>
      </trkpt>
      <trkpt lat="40.92031" lon="-8.56753">
        <ele>168</ele>
        <time>2026-08-16T19:25:34.000Z</time>
      </trkpt>
      <trkpt lat="40.92152" lon="-8.56752">
        <ele>168</ele>
        <time>2026-08-16T19:25:38.000Z</time>
      </trkpt>
      <trkpt lat="40.92272" lon="-8.56759">
        <ele>168</ele>
        <time>2026-08-16T19:25:42.000Z</time>
      </trkpt>
      <trkpt lat="40.92392" lon="-8.5677">
        <ele>168</ele>
        <time>2026-08-16T19:25:46.000Z</time>
      </trkpt>
      <trkpt lat="40.9251" lon="-8.56788">
        <ele>168</ele>
        <time>2026-08-16T19:25:50.000Z</time>
      </trkpt>
      <trkpt lat="40.92627" lon="-8.5681">
        <ele>168</ele>
        <time>2026-08-16T19:25:54.000Z</time>
      </trkpt>
      <trkpt lat="40.92747" lon="-8.56824">
        <ele>168</ele>
        <time>2026-08-16T19:25:58.000Z</time>
      </trkpt>
      <trkpt lat="40.92863" lon="-8.56881">
        <ele>168</ele>
        <time>2026-08-16T19:26:02.000Z</time>
      </trkpt>
      <trkpt lat="40.92981" lon="-8.5693">
        <ele>168</ele>
        <time>2026-08-16T19:26:06.000Z</time>
      </trkpt>
      <trkpt lat="40.93097" lon="-8.56987">
        <ele>168</ele>
        <time>2026-08-16T19:26:10.000Z</time>
      </trkpt>
      <trkpt lat="40.9321" lon="-8.57046">
        <ele>168</ele>
        <time>2026-08-16T19:26:14.000Z</time>
      </trkpt>
      <trkpt lat="40.9332" lon="-8.57105">
        <ele>168</ele>
        <time>2026-08-16T19:26:18.000Z</time>
      </trkpt>
      <trkpt lat="40.9343" lon="-8.57167">
        <ele>168</ele>
        <time>2026-08-16T19:26:22.000Z</time>
      </trkpt>
      <trkpt lat="40.93542" lon="-8.57226">
        <ele>168</ele>
        <time>2026-08-16T19:26:26.000Z</time>
      </trkpt>
      <trkpt lat="40.93655" lon="-8.57279">
        <ele>168</ele>
        <time>2026-08-16T19:26:30.000Z</time>
      </trkpt>
      <trkpt lat="40.93772" lon="-8.57327">
        <ele>168</ele>
        <time>2026-08-16T19:26:34.000Z</time>
      </trkpt>
      <trkpt lat="40.93892" lon="-8.57364">
        <ele>168</ele>
        <time>2026-08-16T19:26:38.000Z</time>
      </trkpt>
      <trkpt lat="40.94013" lon="-8.57393">
        <ele>168</ele>
        <time>2026-08-16T19:26:42.000Z</time>
      </trkpt>
      <trkpt lat="40.94131" lon="-8.57411">
        <ele>168</ele>
        <time>2026-08-16T19:26:46.000Z</time>
      </trkpt>
      <trkpt lat="40.94249" lon="-8.5742">
        <ele>168</ele>
        <time>2026-08-16T19:26:50.000Z</time>
      </trkpt>
      <trkpt lat="40.94367" lon="-8.57424">
        <ele>172</ele>
        <time>2026-08-16T19:26:54.000Z</time>
      </trkpt>
      <trkpt lat="40.94485" lon="-8.57411">
        <ele>174</ele>
        <time>2026-08-16T19:26:58.000Z</time>
      </trkpt>
      <trkpt lat="40.94604" lon="-8.57382">
        <ele>175</ele>
        <time>2026-08-16T19:27:02.000Z</time>
      </trkpt>
      <trkpt lat="40.94722" lon="-8.57341">
        <ele>174</ele>
        <time>2026-08-16T19:27:06.000Z</time>
      </trkpt>
      <trkpt lat="40.94837" lon="-8.57298">
        <ele>173</ele>
        <time>2026-08-16T19:27:10.000Z</time>
      </trkpt>
      <trkpt lat="40.94955" lon="-8.57269">
        <ele>171</ele>
        <time>2026-08-16T19:27:14.000Z</time>
      </trkpt>
      <trkpt lat="40.95073" lon="-8.57257">
        <ele>168</ele>
        <time>2026-08-16T19:27:18.000Z</time>
      </trkpt>
      <trkpt lat="40.9519" lon="-8.57254">
        <ele>164</ele>
        <time>2026-08-16T19:27:22.000Z</time>
      </trkpt>
      <trkpt lat="40.95308" lon="-8.57245">
        <ele>160</ele>
        <time>2026-08-16T19:27:26.000Z</time>
      </trkpt>
      <trkpt lat="40.95426" lon="-8.5722">
        <ele>158</ele>
        <time>2026-08-16T19:27:30.000Z</time>
      </trkpt>
      <trkpt lat="40.95543" lon="-8.57177">
        <ele>158</ele>
        <time>2026-08-16T19:27:34.000Z</time>
      </trkpt>
      <trkpt lat="40.95651" lon="-8.57113">
        <ele>160</ele>
        <time>2026-08-16T19:27:38.000Z</time>
      </trkpt>
      <trkpt lat="40.9575" lon="-8.57034">
        <ele>164</ele>
        <time>2026-08-16T19:27:42.000Z</time>
      </trkpt>
      <trkpt lat="40.95844" lon="-8.56945">
        <ele>168</ele>
        <time>2026-08-16T19:27:46.000Z</time>
      </trkpt>
      <trkpt lat="40.95944" lon="-8.56862">
        <ele>172</ele>
        <time>2026-08-16T19:27:50.000Z</time>
      </trkpt>
      <trkpt lat="40.96053" lon="-8.56802">
        <ele>177</ele>
        <time>2026-08-16T19:27:54.000Z</time>
      </trkpt>
      <trkpt lat="40.96167" lon="-8.56761">
        <ele>182</ele>
        <time>2026-08-16T19:27:58.000Z</time>
      </trkpt>
      <trkpt lat="40.96283" lon="-8.56743">
        <ele>185</ele>
        <time>2026-08-16T19:28:02.000Z</time>
      </trkpt>
      <trkpt lat="40.96399" lon="-8.56746">
        <ele>189</ele>
        <time>2026-08-16T19:28:06.000Z</time>
      </trkpt>
      <trkpt lat="40.96514" lon="-8.56773">
        <ele>191</ele>
        <time>2026-08-16T19:28:10.000Z</time>
      </trkpt>
      <trkpt lat="40.96624" lon="-8.5682">
        <ele>193</ele>
        <time>2026-08-16T19:28:14.000Z</time>
      </trkpt>
      <trkpt lat="40.96726" lon="-8.56886">
        <ele>195</ele>
        <time>2026-08-16T19:28:18.000Z</time>
      </trkpt>
      <trkpt lat="40.96822" lon="-8.56971">
        <ele>195</ele>
        <time>2026-08-16T19:28:22.000Z</time>
      </trkpt>
      <trkpt lat="40.96918" lon="-8.57063">
        <ele>194</ele>
        <time>2026-08-16T19:28:26.000Z</time>
      </trkpt>
      <trkpt lat="40.97021" lon="-8.57143">
        <ele>191</ele>
        <time>2026-08-16T19:28:30.000Z</time>
      </trkpt>
      <trkpt lat="40.97132" lon="-8.57205">
        <ele>187</ele>
        <time>2026-08-16T19:28:34.000Z</time>
      </trkpt>
      <trkpt lat="40.97242" lon="-8.57268">
        <ele>182</ele>
        <time>2026-08-16T19:28:38.000Z</time>
      </trkpt>
      <trkpt lat="40.97347" lon="-8.57345">
        <ele>177</ele>
        <time>2026-08-16T19:28:42.000Z</time>
      </trkpt>
      <trkpt lat="40.97447" lon="-8.57433">
        <ele>172</ele>
        <time>2026-08-16T19:28:46.000Z</time>
      </trkpt>
      <trkpt lat="40.9755" lon="-8.5752">
        <ele>167</ele>
        <time>2026-08-16T19:28:50.000Z</time>
      </trkpt>
      <trkpt lat="40.97666" lon="-8.57579">
        <ele>163</ele>
        <time>2026-08-16T19:28:54.000Z</time>
      </trkpt>
      <trkpt lat="40.97785" lon="-8.57617">
        <ele>162</ele>
        <time>2026-08-16T19:28:58.000Z</time>
      </trkpt>
      <trkpt lat="40.97905" lon="-8.57642">
        <ele>160</ele>
        <time>2026-08-16T19:29:02.000Z</time>
      </trkpt>
      <trkpt lat="40.9802" lon="-8.57677">
        <ele>160</ele>
        <time>2026-08-16T19:29:06.000Z</time>
      </trkpt>
      <trkpt lat="40.98131" lon="-8.57731">
        <ele>160</ele>
        <time>2026-08-16T19:29:10.000Z</time>
      </trkpt>
      <trkpt lat="40.98238" lon="-8.57806">
        <ele>162</ele>
        <time>2026-08-16T19:29:14.000Z</time>
      </trkpt>
      <trkpt lat="40.98336" lon="-8.57895">
        <ele>163</ele>
        <time>2026-08-16T19:29:18.000Z</time>
      </trkpt>
      <trkpt lat="40.98422" lon="-8.58005">
        <ele>165</ele>
        <time>2026-08-16T19:29:22.000Z</time>
      </trkpt>
      <trkpt lat="40.985" lon="-8.58124">
        <ele>167</ele>
        <time>2026-08-16T19:29:26.000Z</time>
      </trkpt>
      <trkpt lat="40.98582" lon="-8.5824">
        <ele>168</ele>
        <time>2026-08-16T19:29:30.000Z</time>
      </trkpt>
      <trkpt lat="40.98672" lon="-8.58343">
        <ele>170</ele>
        <time>2026-08-16T19:29:34.000Z</time>
      </trkpt>
      <trkpt lat="40.98768" lon="-8.5843">
        <ele>170</ele>
        <time>2026-08-16T19:29:38.000Z</time>
      </trkpt>
      <trkpt lat="40.98876" lon="-8.58496">
        <ele>176</ele>
        <time>2026-08-16T19:29:42.000Z</time>
      </trkpt>
      <trkpt lat="40.98994" lon="-8.58541">
        <ele>176</ele>
        <time>2026-08-16T19:29:46.000Z</time>
      </trkpt>
      <trkpt lat="40.99118" lon="-8.58558">
        <ele>176</ele>
        <time>2026-08-16T19:29:50.000Z</time>
      </trkpt>
      <trkpt lat="40.99239" lon="-8.58556">
        <ele>176</ele>
        <time>2026-08-16T19:29:54.000Z</time>
      </trkpt>
      <trkpt lat="40.99358" lon="-8.58524">
        <ele>176</ele>
        <time>2026-08-16T19:29:58.000Z</time>
      </trkpt>
      <trkpt lat="40.99472" lon="-8.58472">
        <ele>176</ele>
        <time>2026-08-16T19:30:02.000Z</time>
      </trkpt>
      <trkpt lat="40.99585" lon="-8.58417">
        <ele>181</ele>
        <time>2026-08-16T19:30:06.000Z</time>
      </trkpt>
      <trkpt lat="40.99703" lon="-8.58376">
        <ele>181</ele>
        <time>2026-08-16T19:30:10.000Z</time>
      </trkpt>
      <trkpt lat="40.99824" lon="-8.58352">
        <ele>181</ele>
        <time>2026-08-16T19:30:14.000Z</time>
      </trkpt>
      <trkpt lat="40.99943" lon="-8.58338">
        <ele>181</ele>
        <time>2026-08-16T19:30:18.000Z</time>
      </trkpt>
      <trkpt lat="41.00062" lon="-8.58321">
        <ele>181</ele>
        <time>2026-08-16T19:30:22.000Z</time>
      </trkpt>
      <trkpt lat="41.0018" lon="-8.58295">
        <ele>181</ele>
        <time>2026-08-16T19:30:26.000Z</time>
      </trkpt>
      <trkpt lat="41.00296" lon="-8.58268">
        <ele>181</ele>
        <time>2026-08-16T19:30:30.000Z</time>
      </trkpt>
      <trkpt lat="41.00412" lon="-8.58245">
        <ele>181</ele>
        <time>2026-08-16T19:30:34.000Z</time>
      </trkpt>
      <trkpt lat="41.00529" lon="-8.5823">
        <ele>181</ele>
        <time>2026-08-16T19:30:38.000Z</time>
      </trkpt>
      <trkpt lat="41.00644" lon="-8.58221">
        <ele>181</ele>
        <time>2026-08-16T19:30:42.000Z</time>
      </trkpt>
      <trkpt lat="41.00756" lon="-8.58216">
        <ele>181</ele>
        <time>2026-08-16T19:30:46.000Z</time>
      </trkpt>
      <trkpt lat="41.00853" lon="-8.58226">
        <ele>181</ele>
        <time>2026-08-16T19:30:50.000Z</time>
      </trkpt>
      <trkpt lat="41.00947" lon="-8.58239">
        <ele>181</ele>
        <time>2026-08-16T19:30:54.000Z</time>
      </trkpt>
      <trkpt lat="41.01046" lon="-8.58268">
        <ele>181</ele>
        <time>2026-08-16T19:30:58.000Z</time>
      </trkpt>
      <trkpt lat="41.01146" lon="-8.58279">
        <ele>181</ele>
        <time>2026-08-16T19:31:02.000Z</time>
      </trkpt>
      <trkpt lat="41.01235" lon="-8.58284">
        <ele>181</ele>
        <time>2026-08-16T19:31:06.000Z</time>
      </trkpt>
      <trkpt lat="41.01328" lon="-8.58272">
        <ele>181</ele>
        <time>2026-08-16T19:31:10.000Z</time>
      </trkpt>
      <trkpt lat="41.01422" lon="-8.58251">
        <ele>181</ele>
        <time>2026-08-16T19:31:14.000Z</time>
      </trkpt>
      <trkpt lat="41.01505" lon="-8.58223">
        <ele>181</ele>
        <time>2026-08-16T19:31:18.000Z</time>
      </trkpt>
      <trkpt lat="41.01575" lon="-8.58197">
        <ele>181</ele>
        <time>2026-08-16T19:31:22.000Z</time>
      </trkpt>
      <trkpt lat="41.01649" lon="-8.5821">
        <ele>181</ele>
        <time>2026-08-16T19:31:26.000Z</time>
      </trkpt>
      <trkpt lat="41.01707" lon="-8.58194">
        <ele>181</ele>
        <time>2026-08-16T19:31:30.000Z</time>
      </trkpt>
      <trkpt lat="41.0176" lon="-8.58173">
        <ele>170</ele>
        <time>2026-08-16T19:31:34.000Z</time>
      </trkpt>
      <trkpt lat="41.01817" lon="-8.58116">
        <ele>174</ele>
        <time>2026-08-16T19:31:38.000Z</time>
      </trkpt>
      <trkpt lat="41.01892" lon="-8.58092">
        <ele>174</ele>
        <time>2026-08-16T19:31:42.000Z</time>
      </trkpt>
      <trkpt lat="41.01975" lon="-8.58057">
        <ele>174</ele>
        <time>2026-08-16T19:31:46.000Z</time>
      </trkpt>
      <trkpt lat="41.02057" lon="-8.58001">
        <ele>174</ele>
        <time>2026-08-16T19:31:50.000Z</time>
      </trkpt>
      <trkpt lat="41.02139" lon="-8.57929">
        <ele>174</ele>
        <time>2026-08-16T19:31:54.000Z</time>
      </trkpt>
      <trkpt lat="41.02222" lon="-8.57831">
        <ele>174</ele>
        <time>2026-08-16T19:31:58.000Z</time>
      </trkpt>
      <trkpt lat="41.02301" lon="-8.57717">
        <ele>180</ele>
        <time>2026-08-16T19:32:02.000Z</time>
      </trkpt>
      <trkpt lat="41.02382" lon="-8.57604">
        <ele>180</ele>
        <time>2026-08-16T19:32:06.000Z</time>
      </trkpt>
      <trkpt lat="41.02476" lon="-8.57504">
        <ele>180</ele>
        <time>2026-08-16T19:32:10.000Z</time>
      </trkpt>
      <trkpt lat="41.02574" lon="-8.5742">
        <ele>180</ele>
        <time>2026-08-16T19:32:14.000Z</time>
      </trkpt>
      <trkpt lat="41.02671" lon="-8.57337">
        <ele>180</ele>
        <time>2026-08-16T19:32:18.000Z</time>
      </trkpt>
      <trkpt lat="41.02775" lon="-8.57268">
        <ele>180</ele>
        <time>2026-08-16T19:32:22.000Z</time>
      </trkpt>
      <trkpt lat="41.02888" lon="-8.57217">
        <ele>198</ele>
        <time>2026-08-16T19:32:26.000Z</time>
      </trkpt>
      <trkpt lat="41.03005" lon="-8.57189">
        <ele>200</ele>
        <time>2026-08-16T19:32:30.000Z</time>
      </trkpt>
      <trkpt lat="41.03126" lon="-8.57184">
        <ele>200</ele>
        <time>2026-08-16T19:32:34.000Z</time>
      </trkpt>
      <trkpt lat="41.03249" lon="-8.57197">
        <ele>199</ele>
        <time>2026-08-16T19:32:38.000Z</time>
      </trkpt>
      <trkpt lat="41.03369" lon="-8.57204">
        <ele>198</ele>
        <time>2026-08-16T19:32:42.000Z</time>
      </trkpt>
      <trkpt lat="41.03485" lon="-8.5719">
        <ele>200</ele>
        <time>2026-08-16T19:32:46.000Z</time>
      </trkpt>
      <trkpt lat="41.03597" lon="-8.5715">
        <ele>204</ele>
        <time>2026-08-16T19:32:50.000Z</time>
      </trkpt>
      <trkpt lat="41.03707" lon="-8.57094">
        <ele>207</ele>
        <time>2026-08-16T19:32:54.000Z</time>
      </trkpt>
      <trkpt lat="41.03819" lon="-8.57038">
        <ele>209</ele>
        <time>2026-08-16T19:32:58.000Z</time>
      </trkpt>
      <trkpt lat="41.03936" lon="-8.56997">
        <ele>211</ele>
        <time>2026-08-16T19:33:02.000Z</time>
      </trkpt>
      <trkpt lat="41.04057" lon="-8.5698">
        <ele>212</ele>
        <time>2026-08-16T19:33:06.000Z</time>
      </trkpt>
      <trkpt lat="41.04179" lon="-8.56988">
        <ele>212</ele>
        <time>2026-08-16T19:33:10.000Z</time>
      </trkpt>
      <trkpt lat="41.04301" lon="-8.57017">
        <ele>212</ele>
        <time>2026-08-16T19:33:14.000Z</time>
      </trkpt>
      <trkpt lat="41.04422" lon="-8.57056">
        <ele>211</ele>
        <time>2026-08-16T19:33:18.000Z</time>
      </trkpt>
      <trkpt lat="41.04543" lon="-8.57087">
        <ele>210</ele>
        <time>2026-08-16T19:33:22.000Z</time>
      </trkpt>
      <trkpt lat="41.04664" lon="-8.57102">
        <ele>211</ele>
        <time>2026-08-16T19:33:26.000Z</time>
      </trkpt>
      <trkpt lat="41.04784" lon="-8.5711">
        <ele>211</ele>
        <time>2026-08-16T19:33:30.000Z</time>
      </trkpt>
      <trkpt lat="41.04904" lon="-8.57132">
        <ele>213</ele>
        <time>2026-08-16T19:33:34.000Z</time>
      </trkpt>
      <trkpt lat="41.0502" lon="-8.57174">
        <ele>216</ele>
        <time>2026-08-16T19:33:38.000Z</time>
      </trkpt>
      <trkpt lat="41.05132" lon="-8.57242">
        <ele>220</ele>
        <time>2026-08-16T19:33:42.000Z</time>
      </trkpt>
      <trkpt lat="41.05232" lon="-8.57336">
        <ele>222</ele>
        <time>2026-08-16T19:33:46.000Z</time>
      </trkpt>
      <trkpt lat="41.05324" lon="-8.57442">
        <ele>223</ele>
        <time>2026-08-16T19:33:50.000Z</time>
      </trkpt>
      <trkpt lat="41.05412" lon="-8.57555">
        <ele>222</ele>
        <time>2026-08-16T19:33:54.000Z</time>
      </trkpt>
      <trkpt lat="41.0551" lon="-8.57655">
        <ele>222</ele>
        <time>2026-08-16T19:33:58.000Z</time>
      </trkpt>
      <trkpt lat="41.05619" lon="-8.57733">
        <ele>221</ele>
        <time>2026-08-16T19:34:02.000Z</time>
      </trkpt>
      <trkpt lat="41.05736" lon="-8.57788">
        <ele>217</ele>
        <time>2026-08-16T19:34:06.000Z</time>
      </trkpt>
      <trkpt lat="41.05859" lon="-8.57824">
        <ele>215</ele>
        <time>2026-08-16T19:34:10.000Z</time>
      </trkpt>
      <trkpt lat="41.05981" lon="-8.57857">
        <ele>214</ele>
        <time>2026-08-16T19:34:14.000Z</time>
      </trkpt>
      <trkpt lat="41.06101" lon="-8.57894">
        <ele>216</ele>
        <time>2026-08-16T19:34:18.000Z</time>
      </trkpt>
      <trkpt lat="41.06218" lon="-8.57946">
        <ele>219</ele>
        <time>2026-08-16T19:34:22.000Z</time>
      </trkpt>
      <trkpt lat="41.06336" lon="-8.57999">
        <ele>221</ele>
        <time>2026-08-16T19:34:26.000Z</time>
      </trkpt>
      <trkpt lat="41.06452" lon="-8.58051">
        <ele>223</ele>
        <time>2026-08-16T19:34:30.000Z</time>
      </trkpt>
      <trkpt lat="41.06565" lon="-8.58103">
        <ele>228</ele>
        <time>2026-08-16T19:34:34.000Z</time>
      </trkpt>
      <trkpt lat="41.06675" lon="-8.58149">
        <ele>233</ele>
        <time>2026-08-16T19:34:38.000Z</time>
      </trkpt>
      <trkpt lat="41.06788" lon="-8.5818">
        <ele>238</ele>
        <time>2026-08-16T19:34:42.000Z</time>
      </trkpt>
      <trkpt lat="41.06902" lon="-8.58192">
        <ele>240</ele>
        <time>2026-08-16T19:34:46.000Z</time>
      </trkpt>
      <trkpt lat="41.07015" lon="-8.58184">
        <ele>240</ele>
        <time>2026-08-16T19:34:50.000Z</time>
      </trkpt>
      <trkpt lat="41.07124" lon="-8.58156">
        <ele>240</ele>
        <time>2026-08-16T19:34:54.000Z</time>
      </trkpt>
      <trkpt lat="41.07225" lon="-8.58115">
        <ele>240</ele>
        <time>2026-08-16T19:34:58.000Z</time>
      </trkpt>
      <trkpt lat="41.0732" lon="-8.58075">
        <ele>240</ele>
        <time>2026-08-16T19:35:02.000Z</time>
      </trkpt>
      <trkpt lat="41.0741" lon="-8.58024">
        <ele>240</ele>
        <time>2026-08-16T19:35:06.000Z</time>
      </trkpt>
      <trkpt lat="41.07496" lon="-8.57965">
        <ele>240</ele>
        <time>2026-08-16T19:35:10.000Z</time>
      </trkpt>
      <trkpt lat="41.07587" lon="-8.57889">
        <ele>240</ele>
        <time>2026-08-16T19:35:14.000Z</time>
      </trkpt>
      <trkpt lat="41.07683" lon="-8.5781">
        <ele>240</ele>
        <time>2026-08-16T19:35:18.000Z</time>
      </trkpt>
      <trkpt lat="41.07778" lon="-8.5773">
        <ele>240</ele>
        <time>2026-08-16T19:35:22.000Z</time>
      </trkpt>
      <trkpt lat="41.07875" lon="-8.57658">
        <ele>240</ele>
        <time>2026-08-16T19:35:26.000Z</time>
      </trkpt>
      <trkpt lat="41.07979" lon="-8.57597">
        <ele>230</ele>
        <time>2026-08-16T19:35:30.000Z</time>
      </trkpt>
      <trkpt lat="41.08091" lon="-8.57553">
        <ele>224</ele>
        <time>2026-08-16T19:35:34.000Z</time>
      </trkpt>
      <trkpt lat="41.08207" lon="-8.57531">
        <ele>215</ele>
        <time>2026-08-16T19:35:38.000Z</time>
      </trkpt>
      <trkpt lat="41.08327" lon="-8.57533">
        <ele>207</ele>
        <time>2026-08-16T19:35:42.000Z</time>
      </trkpt>
      <trkpt lat="41.08447" lon="-8.57545">
        <ele>200</ele>
        <time>2026-08-16T19:35:46.000Z</time>
      </trkpt>
      <trkpt lat="41.08566" lon="-8.57559">
        <ele>194</ele>
        <time>2026-08-16T19:35:50.000Z</time>
      </trkpt>
      <trkpt lat="41.08684" lon="-8.57573">
        <ele>189</ele>
        <time>2026-08-16T19:35:54.000Z</time>
      </trkpt>
      <trkpt lat="41.08802" lon="-8.57574">
        <ele>183</ele>
        <time>2026-08-16T19:35:58.000Z</time>
      </trkpt>
      <trkpt lat="41.08916" lon="-8.57545">
        <ele>179</ele>
        <time>2026-08-16T19:36:02.000Z</time>
      </trkpt>
      <trkpt lat="41.09016" lon="-8.57488">
        <ele>176</ele>
        <time>2026-08-16T19:36:06.000Z</time>
      </trkpt>
      <trkpt lat="41.09137" lon="-8.57459">
        <ele>173</ele>
        <time>2026-08-16T19:36:10.000Z</time>
      </trkpt>
      <trkpt lat="41.09242" lon="-8.57412">
        <ele>170</ele>
        <time>2026-08-16T19:36:14.000Z</time>
      </trkpt>
      <trkpt lat="41.09344" lon="-8.57362">
        <ele>170</ele>
        <time>2026-08-16T19:36:18.000Z</time>
      </trkpt>
      <trkpt lat="41.09451" lon="-8.57327">
        <ele>170</ele>
        <time>2026-08-16T19:36:22.000Z</time>
      </trkpt>
      <trkpt lat="41.09551" lon="-8.57302">
        <ele>168</ele>
        <time>2026-08-16T19:36:26.000Z</time>
      </trkpt>
      <trkpt lat="41.09655" lon="-8.57276">
        <ele>164</ele>
        <time>2026-08-16T19:36:30.000Z</time>
      </trkpt>
      <trkpt lat="41.09761" lon="-8.57246">
        <ele>160</ele>
        <time>2026-08-16T19:36:34.000Z</time>
      </trkpt>
      <trkpt lat="41.09862" lon="-8.57199">
        <ele>156</ele>
        <time>2026-08-16T19:36:38.000Z</time>
      </trkpt>
      <trkpt lat="41.09949" lon="-8.57113">
        <ele>151</ele>
        <time>2026-08-16T19:36:42.000Z</time>
      </trkpt>
      <trkpt lat="41.10029" lon="-8.57013">
        <ele>145</ele>
        <time>2026-08-16T19:36:46.000Z</time>
      </trkpt>
      <trkpt lat="41.10104" lon="-8.56908">
        <ele>143</ele>
        <time>2026-08-16T19:36:50.000Z</time>
      </trkpt>
      <trkpt lat="41.10183" lon="-8.56809">
        <ele>142</ele>
        <time>2026-08-16T19:36:54.000Z</time>
      </trkpt>
      <trkpt lat="41.10279" lon="-8.56742">
        <ele>142</ele>
        <time>2026-08-16T19:36:58.000Z</time>
      </trkpt>
      <trkpt lat="41.10374" lon="-8.56685">
        <ele>141</ele>
        <time>2026-08-16T19:37:02.000Z</time>
      </trkpt>
      <trkpt lat="41.10471" lon="-8.56632">
        <ele>138</ele>
        <time>2026-08-16T19:37:06.000Z</time>
      </trkpt>
      <trkpt lat="41.10567" lon="-8.56589">
        <ele>137</ele>
        <time>2026-08-16T19:37:10.000Z</time>
      </trkpt>
      <trkpt lat="41.10668" lon="-8.56555">
        <ele>135</ele>
        <time>2026-08-16T19:37:14.000Z</time>
      </trkpt>
      <trkpt lat="41.10773" lon="-8.56545">
        <ele>132</ele>
        <time>2026-08-16T19:37:18.000Z</time>
      </trkpt>
      <trkpt lat="41.10876" lon="-8.56564">
        <ele>131</ele>
        <time>2026-08-16T19:37:22.000Z</time>
      </trkpt>
      <trkpt lat="41.10973" lon="-8.56606">
        <ele>129</ele>
        <time>2026-08-16T19:37:26.000Z</time>
      </trkpt>
      <trkpt lat="41.11058" lon="-8.56667">
        <ele>128</ele>
        <time>2026-08-16T19:37:30.000Z</time>
      </trkpt>
      <trkpt lat="41.11132" lon="-8.56735">
        <ele>126</ele>
        <time>2026-08-16T19:37:34.000Z</time>
      </trkpt>
      <trkpt lat="41.11202" lon="-8.568">
        <ele>125</ele>
        <time>2026-08-16T19:37:38.000Z</time>
      </trkpt>
      <trkpt lat="41.11274" lon="-8.56865">
        <ele>123</ele>
        <time>2026-08-16T19:37:42.000Z</time>
      </trkpt>
      <trkpt lat="41.11345" lon="-8.56929">
        <ele>122</ele>
        <time>2026-08-16T19:37:46.000Z</time>
      </trkpt>
      <trkpt lat="41.11415" lon="-8.56992">
        <ele>120</ele>
        <time>2026-08-16T19:37:50.000Z</time>
      </trkpt>
      <trkpt lat="41.11488" lon="-8.57058">
        <ele>118</ele>
        <time>2026-08-16T19:37:54.000Z</time>
      </trkpt>
      <trkpt lat="41.11566" lon="-8.5712">
        <ele>117</ele>
        <time>2026-08-16T19:37:58.000Z</time>
      </trkpt>
      <trkpt lat="41.11652" lon="-8.57165">
        <ele>114</ele>
        <time>2026-08-16T19:38:02.000Z</time>
      </trkpt>
      <trkpt lat="41.11746" lon="-8.57188">
        <ele>110</ele>
        <time>2026-08-16T19:38:06.000Z</time>
      </trkpt>
      <trkpt lat="41.11845" lon="-8.572">
        <ele>103</ele>
        <time>2026-08-16T19:38:10.000Z</time>
      </trkpt>
      <trkpt lat="41.11948" lon="-8.57212">
        <ele>122</ele>
        <time>2026-08-16T19:38:14.000Z</time>
      </trkpt>
      <trkpt lat="41.12051" lon="-8.57234">
        <ele>122</ele>
        <time>2026-08-16T19:38:18.000Z</time>
      </trkpt>
      <trkpt lat="41.12149" lon="-8.57264">
        <ele>122</ele>
        <time>2026-08-16T19:38:22.000Z</time>
      </trkpt>
      <trkpt lat="41.12246" lon="-8.57295">
        <ele>122</ele>
        <time>2026-08-16T19:38:26.000Z</time>
      </trkpt>
      <trkpt lat="41.12345" lon="-8.57326">
        <ele>122</ele>
        <time>2026-08-16T19:38:30.000Z</time>
      </trkpt>
      <trkpt lat="41.12449" lon="-8.5736">
        <ele>122</ele>
        <time>2026-08-16T19:38:34.000Z</time>
      </trkpt>
      <trkpt lat="41.12549" lon="-8.57391">
        <ele>122</ele>
        <time>2026-08-16T19:38:38.000Z</time>
      </trkpt>
      <trkpt lat="41.12644" lon="-8.57428">
        <ele>122</ele>
        <time>2026-08-16T19:38:42.000Z</time>
      </trkpt>
      <trkpt lat="41.12737" lon="-8.57473">
        <ele>122</ele>
        <time>2026-08-16T19:38:46.000Z</time>
      </trkpt>
      <trkpt lat="41.12831" lon="-8.57523">
        <ele>122</ele>
        <time>2026-08-16T19:38:50.000Z</time>
      </trkpt>
      <trkpt lat="41.12929" lon="-8.57571">
        <ele>122</ele>
        <time>2026-08-16T19:38:54.000Z</time>
      </trkpt>
      <trkpt lat="41.13032" lon="-8.57599">
        <ele>122</ele>
        <time>2026-08-16T19:38:58.000Z</time>
      </trkpt>
      <trkpt lat="41.13134" lon="-8.57613">
        <ele>122</ele>
        <time>2026-08-16T19:39:02.000Z</time>
      </trkpt>
      <trkpt lat="41.13232" lon="-8.57626">
        <ele>122</ele>
        <time>2026-08-16T19:39:06.000Z</time>
      </trkpt>
      <trkpt lat="41.13326" lon="-8.57643">
        <ele>122</ele>
        <time>2026-08-16T19:39:10.000Z</time>
      </trkpt>
      <trkpt lat="41.13414" lon="-8.57682">
        <ele>122</ele>
        <time>2026-08-16T19:39:14.000Z</time>
      </trkpt>
      <trkpt lat="41.13492" lon="-8.57746">
        <ele>122</ele>
        <time>2026-08-16T19:39:18.000Z</time>
      </trkpt>
      <trkpt lat="41.13557" lon="-8.57831">
        <ele>122</ele>
        <time>2026-08-16T19:39:22.000Z</time>
      </trkpt>
      <trkpt lat="41.13615" lon="-8.57922">
        <ele>122</ele>
        <time>2026-08-16T19:39:26.000Z</time>
      </trkpt>
      <trkpt lat="41.13681" lon="-8.58">
        <ele>122</ele>
        <time>2026-08-16T19:39:30.000Z</time>
      </trkpt>
      <trkpt lat="41.13761" lon="-8.58049">
        <ele>122</ele>
        <time>2026-08-16T19:39:34.000Z</time>
      </trkpt>
      <trkpt lat="41.13846" lon="-8.58066">
        <ele>122</ele>
        <time>2026-08-16T19:39:38.000Z</time>
      </trkpt>
      <trkpt lat="41.13931" lon="-8.58065">
        <ele>89</ele>
        <time>2026-08-16T19:39:42.000Z</time>
      </trkpt>
      <trkpt lat="41.14019" lon="-8.58068">
        <ele>92</ele>
        <time>2026-08-16T19:39:46.000Z</time>
      </trkpt>
      <trkpt lat="41.14105" lon="-8.58072">
        <ele>95</ele>
        <time>2026-08-16T19:39:50.000Z</time>
      </trkpt>
      <trkpt lat="41.14188" lon="-8.58076">
        <ele>96</ele>
        <time>2026-08-16T19:39:54.000Z</time>
      </trkpt>
      <trkpt lat="41.14268" lon="-8.5808">
        <ele>98</ele>
        <time>2026-08-16T19:39:58.000Z</time>
      </trkpt>
      <trkpt lat="41.14345" lon="-8.58084">
        <ele>96</ele>
        <time>2026-08-16T19:40:02.000Z</time>
      </trkpt>
      <trkpt lat="41.1442" lon="-8.5809">
        <ele>94</ele>
        <time>2026-08-16T19:40:06.000Z</time>
      </trkpt>
      <trkpt lat="41.14494" lon="-8.58095">
        <ele>92</ele>
        <time>2026-08-16T19:40:10.000Z</time>
      </trkpt>
      <trkpt lat="41.14563" lon="-8.58099">
        <ele>89</ele>
        <time>2026-08-16T19:40:14.000Z</time>
      </trkpt>
      <trkpt lat="41.14631" lon="-8.58091">
        <ele>84</ele>
        <time>2026-08-16T19:40:18.000Z</time>
      </trkpt>
      <trkpt lat="41.14698" lon="-8.58062">
        <ele>80</ele>
        <time>2026-08-16T19:40:22.000Z</time>
      </trkpt>
      <trkpt lat="41.14756" lon="-8.58012">
        <ele>77</ele>
        <time>2026-08-16T19:40:26.000Z</time>
      </trkpt>
      <trkpt lat="41.14813" lon="-8.57959">
        <ele>78</ele>
        <time>2026-08-16T19:40:30.000Z</time>
      </trkpt>
      <trkpt lat="41.14876" lon="-8.57911">
        <ele>80</ele>
        <time>2026-08-16T19:40:34.000Z</time>
      </trkpt>
      <trkpt lat="41.14944" lon="-8.57883">
        <ele>84</ele>
        <time>2026-08-16T19:40:38.000Z</time>
      </trkpt>
      <trkpt lat="41.1501" lon="-8.57872">
        <ele>88</ele>
        <time>2026-08-16T19:40:42.000Z</time>
      </trkpt>
      <trkpt lat="41.15068" lon="-8.57902">
        <ele>92</ele>
        <time>2026-08-16T19:40:46.000Z</time>
      </trkpt>
      <trkpt lat="41.1513" lon="-8.57943">
        <ele>97</ele>
        <time>2026-08-16T19:40:50.000Z</time>
      </trkpt>
      <trkpt lat="41.15191" lon="-8.58001">
        <ele>103</ele>
        <time>2026-08-16T19:40:54.000Z</time>
      </trkpt>
      <trkpt lat="41.15249" lon="-8.58069">
        <ele>109</ele>
        <time>2026-08-16T19:40:58.000Z</time>
      </trkpt>
      <trkpt lat="41.15315" lon="-8.58125">
        <ele>114</ele>
        <time>2026-08-16T19:41:02.000Z</time>
      </trkpt>
      <trkpt lat="41.15372" lon="-8.58203">
        <ele>119</ele>
        <time>2026-08-16T19:41:06.000Z</time>
      </trkpt>
      <trkpt lat="41.15435" lon="-8.5825">
        <ele>124</ele>
        <time>2026-08-16T19:41:10.000Z</time>
      </trkpt>
      <trkpt lat="41.15521" lon="-8.58287">
        <ele>129</ele>
        <time>2026-08-16T19:41:14.000Z</time>
      </trkpt>
      <trkpt lat="41.15601" lon="-8.58302">
        <ele>133</ele>
        <time>2026-08-16T19:41:18.000Z</time>
      </trkpt>
      <trkpt lat="41.15682" lon="-8.58299">
        <ele>137</ele>
        <time>2026-08-16T19:41:22.000Z</time>
      </trkpt>
      <trkpt lat="41.15759" lon="-8.58282">
        <ele>140</ele>
        <time>2026-08-16T19:41:26.000Z</time>
      </trkpt>
      <trkpt lat="41.15834" lon="-8.58255">
        <ele>142</ele>
        <time>2026-08-16T19:41:30.000Z</time>
      </trkpt>
      <trkpt lat="41.15909" lon="-8.58225">
        <ele>143</ele>
        <time>2026-08-16T19:41:34.000Z</time>
      </trkpt>
      <trkpt lat="41.15982" lon="-8.58197">
        <ele>144</ele>
        <time>2026-08-16T19:41:38.000Z</time>
      </trkpt>
      <trkpt lat="41.16058" lon="-8.58167">
        <ele>144</ele>
        <time>2026-08-16T19:41:42.000Z</time>
      </trkpt>
      <trkpt lat="41.16135" lon="-8.58137">
        <ele>146</ele>
        <time>2026-08-16T19:41:46.000Z</time>
      </trkpt>
      <trkpt lat="41.16213" lon="-8.58111">
        <ele>150</ele>
        <time>2026-08-16T19:41:50.000Z</time>
      </trkpt>
      <trkpt lat="41.16293" lon="-8.58102">
        <ele>156</ele>
        <time>2026-08-16T19:41:54.000Z</time>
      </trkpt>
      <trkpt lat="41.16367" lon="-8.58153">
        <ele>163</ele>
        <time>2026-08-16T19:41:58.000Z</time>
      </trkpt>
      <trkpt lat="41.16443" lon="-8.58196">
        <ele>169</ele>
        <time>2026-08-16T19:42:02.000Z</time>
      </trkpt>
      <trkpt lat="41.16518" lon="-8.58238">
        <ele>161</ele>
        <time>2026-08-16T19:42:06.000Z</time>
      </trkpt>
      <trkpt lat="41.16593" lon="-8.58288">
        <ele>161</ele>
        <time>2026-08-16T19:42:10.000Z</time>
      </trkpt>
      <trkpt lat="41.16643" lon="-8.58368">
        <ele>161</ele>
        <time>2026-08-16T19:42:14.000Z</time>
      </trkpt>
      <trkpt lat="41.16665" lon="-8.58459">
        <ele>161</ele>
        <time>2026-08-16T19:42:18.000Z</time>
      </trkpt>
      <trkpt lat="41.16672" lon="-8.58552">
        <ele>161</ele>
        <time>2026-08-16T19:42:22.000Z</time>
      </trkpt>
      <trkpt lat="41.16688" lon="-8.58641">
        <ele>161</ele>
        <time>2026-08-16T19:42:26.000Z</time>
      </trkpt>
      <trkpt lat="41.16723" lon="-8.58722">
        <ele>200</ele>
        <time>2026-08-16T19:42:30.000Z</time>
      </trkpt>
      <trkpt lat="41.16768" lon="-8.58801">
        <ele>202</ele>
        <time>2026-08-16T19:42:34.000Z</time>
      </trkpt>
      <trkpt lat="41.16815" lon="-8.58866">
        <ele>202</ele>
        <time>2026-08-16T19:42:38.000Z</time>
      </trkpt>
      <trkpt lat="41.16849" lon="-8.58942">
        <ele>201</ele>
        <time>2026-08-16T19:42:42.000Z</time>
      </trkpt>
      <trkpt lat="41.16887" lon="-8.59011">
        <ele>200</ele>
        <time>2026-08-16T19:42:46.000Z</time>
      </trkpt>
      <trkpt lat="41.1693" lon="-8.59076">
        <ele>200</ele>
        <time>2026-08-16T19:42:50.000Z</time>
      </trkpt>
      <trkpt lat="41.16967" lon="-8.59135">
        <ele>203</ele>
        <time>2026-08-16T19:42:54.000Z</time>
      </trkpt>
      <trkpt lat="41.16999" lon="-8.59187">
        <ele>203</ele>
        <time>2026-08-16T19:42:58.000Z</time>
      </trkpt>
      <trkpt lat="41.17034" lon="-8.59239">
        <ele>203</ele>
        <time>2026-08-16T19:43:02.000Z</time>
      </trkpt>
      <trkpt lat="41.17068" lon="-8.59288">
        <ele>203</ele>
        <time>2026-08-16T19:43:06.000Z</time>
      </trkpt>
      <trkpt lat="41.171" lon="-8.59334">
        <ele>203</ele>
        <time>2026-08-16T19:43:10.000Z</time>
      </trkpt>
      <trkpt lat="41.17129" lon="-8.59384">
        <ele>203</ele>
        <time>2026-08-16T19:43:14.000Z</time>
      </trkpt>
      <trkpt lat="41.17161" lon="-8.59441">
        <ele>203</ele>
        <time>2026-08-16T19:43:18.000Z</time>
      </trkpt>
      <trkpt lat="41.17229" lon="-8.59467">
        <ele>203</ele>
        <time>2026-08-16T19:43:22.000Z</time>
      </trkpt>
      <trkpt lat="41.17278" lon="-8.59474">
        <ele>203</ele>
        <time>2026-08-16T19:43:26.000Z</time>
      </trkpt>
      <trkpt lat="41.17358" lon="-8.59452">
        <ele>203</ele>
        <time>2026-08-16T19:43:30.000Z</time>
      </trkpt>
      <trkpt lat="41.17428" lon="-8.5942">
        <ele>203</ele>
        <time>2026-08-16T19:43:34.000Z</time>
      </trkpt>
      <trkpt lat="41.17497" lon="-8.5939">
        <ele>203</ele>
        <time>2026-08-16T19:43:38.000Z</time>
      </trkpt>
      <trkpt lat="41.1756" lon="-8.59366">
        <ele>184</ele>
        <time>2026-08-16T19:43:42.000Z</time>
      </trkpt>
      <trkpt lat="41.17627" lon="-8.59347">
        <ele>184</ele>
        <time>2026-08-16T19:43:46.000Z</time>
      </trkpt>
      <trkpt lat="41.17695" lon="-8.59333">
        <ele>184</ele>
        <time>2026-08-16T19:43:50.000Z</time>
      </trkpt>
      <trkpt lat="41.17766" lon="-8.59326">
        <ele>184</ele>
        <time>2026-08-16T19:43:54.000Z</time>
      </trkpt>
      <trkpt lat="41.17842" lon="-8.59319">
        <ele>184</ele>
        <time>2026-08-16T19:43:58.000Z</time>
      </trkpt>
      <trkpt lat="41.17921" lon="-8.5931">
        <ele>184</ele>
        <time>2026-08-16T19:44:02.000Z</time>
      </trkpt>
      <trkpt lat="41.18001" lon="-8.59301">
        <ele>184</ele>
        <time>2026-08-16T19:44:06.000Z</time>
      </trkpt>
      <trkpt lat="41.18081" lon="-8.59294">
        <ele>184</ele>
        <time>2026-08-16T19:44:10.000Z</time>
      </trkpt>
      <trkpt lat="41.18162" lon="-8.59296">
        <ele>184</ele>
        <time>2026-08-16T19:44:14.000Z</time>
      </trkpt>
      <trkpt lat="41.18245" lon="-8.59309">
        <ele>184</ele>
        <time>2026-08-16T19:44:18.000Z</time>
      </trkpt>
      <trkpt lat="41.18327" lon="-8.59332">
        <ele>184</ele>
        <time>2026-08-16T19:44:22.000Z</time>
      </trkpt>
      <trkpt lat="41.18412" lon="-8.5936">
        <ele>163</ele>
        <time>2026-08-16T19:44:26.000Z</time>
      </trkpt>
      <trkpt lat="41.18501" lon="-8.59389">
        <ele>162</ele>
        <time>2026-08-16T19:44:30.000Z</time>
      </trkpt>
      <trkpt lat="41.18589" lon="-8.59418">
        <ele>161</ele>
        <time>2026-08-16T19:44:34.000Z</time>
      </trkpt>
      <trkpt lat="41.1868" lon="-8.59447">
        <ele>159</ele>
        <time>2026-08-16T19:44:38.000Z</time>
      </trkpt>
      <trkpt lat="41.18766" lon="-8.59471">
        <ele>157</ele>
        <time>2026-08-16T19:44:42.000Z</time>
      </trkpt>
      <trkpt lat="41.18853" lon="-8.59473">
        <ele>158</ele>
        <time>2026-08-16T19:44:46.000Z</time>
      </trkpt>
      <trkpt lat="41.18941" lon="-8.59446">
        <ele>161</ele>
        <time>2026-08-16T19:44:50.000Z</time>
      </trkpt>
      <trkpt lat="41.19027" lon="-8.59392">
        <ele>161</ele>
        <time>2026-08-16T19:44:54.000Z</time>
      </trkpt>
      <trkpt lat="41.19105" lon="-8.59316">
        <ele>161</ele>
        <time>2026-08-16T19:44:58.000Z</time>
      </trkpt>
      <trkpt lat="41.19184" lon="-8.59244">
        <ele>161</ele>
        <time>2026-08-16T19:45:02.000Z</time>
      </trkpt>
      <trkpt lat="41.19271" lon="-8.59193">
        <ele>161</ele>
        <time>2026-08-16T19:45:06.000Z</time>
      </trkpt>
      <trkpt lat="41.1936" lon="-8.59151">
        <ele>161</ele>
        <time>2026-08-16T19:45:10.000Z</time>
      </trkpt>
      <trkpt lat="41.1944" lon="-8.59085">
        <ele>161</ele>
        <time>2026-08-16T19:45:14.000Z</time>
      </trkpt>
      <trkpt lat="41.19521" lon="-8.59006">
        <ele>157</ele>
        <time>2026-08-16T19:45:18.000Z</time>
      </trkpt>
      <trkpt lat="41.19606" lon="-8.58931">
        <ele>153</ele>
        <time>2026-08-16T19:45:22.000Z</time>
      </trkpt>
      <trkpt lat="41.19694" lon="-8.58861">
        <ele>152</ele>
        <time>2026-08-16T19:45:26.000Z</time>
      </trkpt>
      <trkpt lat="41.19787" lon="-8.58803">
        <ele>155</ele>
        <time>2026-08-16T19:45:30.000Z</time>
      </trkpt>
      <trkpt lat="41.19878" lon="-8.58743">
        <ele>157</ele>
        <time>2026-08-16T19:45:34.000Z</time>
      </trkpt>
      <trkpt lat="41.19969" lon="-8.58671">
        <ele>158</ele>
        <time>2026-08-16T19:45:38.000Z</time>
      </trkpt>
      <trkpt lat="41.20033" lon="-8.58602">
        <ele>158</ele>
        <time>2026-08-16T19:45:42.000Z</time>
      </trkpt>
      <trkpt lat="41.20145" lon="-8.58486">
        <ele>156</ele>
        <time>2026-08-16T19:45:46.000Z</time>
      </trkpt>
      <trkpt lat="41.20245" lon="-8.58409">
        <ele>152</ele>
        <time>2026-08-16T19:45:50.000Z</time>
      </trkpt>
      <trkpt lat="41.20355" lon="-8.58357">
        <ele>149</ele>
        <time>2026-08-16T19:45:54.000Z</time>
      </trkpt>
      <trkpt lat="41.20468" lon="-8.58324">
        <ele>145</ele>
        <time>2026-08-16T19:45:58.000Z</time>
      </trkpt>
      <trkpt lat="41.20583" lon="-8.58289">
        <ele>141</ele>
        <time>2026-08-16T19:46:02.000Z</time>
      </trkpt>
      <trkpt lat="41.20697" lon="-8.58251">
        <ele>138</ele>
        <time>2026-08-16T19:46:06.000Z</time>
      </trkpt>
      <trkpt lat="41.20805" lon="-8.58195">
        <ele>135</ele>
        <time>2026-08-16T19:46:10.000Z</time>
      </trkpt>
      <trkpt lat="41.20907" lon="-8.5812">
        <ele>135</ele>
        <time>2026-08-16T19:46:14.000Z</time>
      </trkpt>
      <trkpt lat="41.21004" lon="-8.58032">
        <ele>136</ele>
        <time>2026-08-16T19:46:18.000Z</time>
      </trkpt>
      <trkpt lat="41.21101" lon="-8.57943">
        <ele>136</ele>
        <time>2026-08-16T19:46:22.000Z</time>
      </trkpt>
      <trkpt lat="41.21198" lon="-8.57854">
        <ele>136</ele>
        <time>2026-08-16T19:46:26.000Z</time>
      </trkpt>
      <trkpt lat="41.21286" lon="-8.57772">
        <ele>136</ele>
        <time>2026-08-16T19:46:30.000Z</time>
      </trkpt>
      <trkpt lat="41.21376" lon="-8.57692">
        <ele>134</ele>
        <time>2026-08-16T19:46:34.000Z</time>
      </trkpt>
      <trkpt lat="41.21476" lon="-8.57621">
        <ele>133</ele>
        <time>2026-08-16T19:46:38.000Z</time>
      </trkpt>
      <trkpt lat="41.21583" lon="-8.5757">
        <ele>132</ele>
        <time>2026-08-16T19:46:42.000Z</time>
      </trkpt>
      <trkpt lat="41.21693" lon="-8.5754">
        <ele>131</ele>
        <time>2026-08-16T19:46:46.000Z</time>
      </trkpt>
      <trkpt lat="41.21802" lon="-8.57521">
        <ele>130</ele>
        <time>2026-08-16T19:46:50.000Z</time>
      </trkpt>
      <trkpt lat="41.21912" lon="-8.57501">
        <ele>129</ele>
        <time>2026-08-16T19:46:54.000Z</time>
      </trkpt>
      <trkpt lat="41.22024" lon="-8.57479">
        <ele>128</ele>
        <time>2026-08-16T19:46:58.000Z</time>
      </trkpt>
      <trkpt lat="41.22134" lon="-8.57431">
        <ele>128</ele>
        <time>2026-08-16T19:47:02.000Z</time>
      </trkpt>
      <trkpt lat="41.22236" lon="-8.57357">
        <ele>130</ele>
        <time>2026-08-16T19:47:06.000Z</time>
      </trkpt>
      <trkpt lat="41.22338" lon="-8.57291">
        <ele>133</ele>
        <time>2026-08-16T19:47:10.000Z</time>
      </trkpt>
      <trkpt lat="41.22446" lon="-8.57248">
        <ele>137</ele>
        <time>2026-08-16T19:47:14.000Z</time>
      </trkpt>
      <trkpt lat="41.22556" lon="-8.57216">
        <ele>140</ele>
        <time>2026-08-16T19:47:18.000Z</time>
      </trkpt>
      <trkpt lat="41.22665" lon="-8.57176">
        <ele>142</ele>
        <time>2026-08-16T19:47:22.000Z</time>
      </trkpt>
      <trkpt lat="41.22773" lon="-8.57122">
        <ele>146</ele>
        <time>2026-08-16T19:47:26.000Z</time>
      </trkpt>
      <trkpt lat="41.22879" lon="-8.57053">
        <ele>149</ele>
        <time>2026-08-16T19:47:30.000Z</time>
      </trkpt>
      <trkpt lat="41.2298" lon="-8.56969">
        <ele>152</ele>
        <time>2026-08-16T19:47:34.000Z</time>
      </trkpt>
      <trkpt lat="41.23074" lon="-8.56875">
        <ele>155</ele>
        <time>2026-08-16T19:47:38.000Z</time>
      </trkpt>
      <trkpt lat="41.23168" lon="-8.56781">
        <ele>159</ele>
        <time>2026-08-16T19:47:42.000Z</time>
      </trkpt>
      <trkpt lat="41.23264" lon="-8.5669">
        <ele>161</ele>
        <time>2026-08-16T19:47:46.000Z</time>
      </trkpt>
      <trkpt lat="41.23367" lon="-8.56611">
        <ele>160</ele>
        <time>2026-08-16T19:47:50.000Z</time>
      </trkpt>
      <trkpt lat="41.23474" lon="-8.56543">
        <ele>158</ele>
        <time>2026-08-16T19:47:54.000Z</time>
      </trkpt>
      <trkpt lat="41.23579" lon="-8.5648">
        <ele>157</ele>
        <time>2026-08-16T19:47:58.000Z</time>
      </trkpt>
      <trkpt lat="41.237" lon="-8.56454">
        <ele>158</ele>
        <time>2026-08-16T19:48:02.000Z</time>
      </trkpt>
      <trkpt lat="41.23815" lon="-8.56428">
        <ele>161</ele>
        <time>2026-08-16T19:48:06.000Z</time>
      </trkpt>
      <trkpt lat="41.23925" lon="-8.56416">
        <ele>165</ele>
        <time>2026-08-16T19:48:10.000Z</time>
      </trkpt>
      <trkpt lat="41.2403" lon="-8.56413">
        <ele>167</ele>
        <time>2026-08-16T19:48:14.000Z</time>
      </trkpt>
      <trkpt lat="41.24126" lon="-8.56416">
        <ele>169</ele>
        <time>2026-08-16T19:48:18.000Z</time>
      </trkpt>
      <trkpt lat="41.24213" lon="-8.56437">
        <ele>170</ele>
        <time>2026-08-16T19:48:22.000Z</time>
      </trkpt>
      <trkpt lat="41.24297" lon="-8.56461">
        <ele>171</ele>
        <time>2026-08-16T19:48:26.000Z</time>
      </trkpt>
      <trkpt lat="41.24378" lon="-8.56487">
        <ele>170</ele>
        <time>2026-08-16T19:48:30.000Z</time>
      </trkpt>
      <trkpt lat="41.24452" lon="-8.56529">
        <ele>170</ele>
        <time>2026-08-16T19:48:34.000Z</time>
      </trkpt>
      <trkpt lat="41.24525" lon="-8.56567">
        <ele>171</ele>
        <time>2026-08-16T19:48:38.000Z</time>
      </trkpt>
      <trkpt lat="41.24603" lon="-8.56608">
        <ele>168</ele>
        <time>2026-08-16T19:48:42.000Z</time>
      </trkpt>
      <trkpt lat="41.24694" lon="-8.56659">
        <ele>165</ele>
        <time>2026-08-16T19:48:46.000Z</time>
      </trkpt>
      <trkpt lat="41.24794" lon="-8.56715">
        <ele>164</ele>
        <time>2026-08-16T19:48:50.000Z</time>
      </trkpt>
      <trkpt lat="41.24901" lon="-8.56763">
        <ele>165</ele>
        <time>2026-08-16T19:48:54.000Z</time>
      </trkpt>
      <trkpt lat="41.25012" lon="-8.568">
        <ele>167</ele>
        <time>2026-08-16T19:48:58.000Z</time>
      </trkpt>
      <trkpt lat="41.25122" lon="-8.56824">
        <ele>170</ele>
        <time>2026-08-16T19:49:02.000Z</time>
      </trkpt>
      <trkpt lat="41.25232" lon="-8.56833">
        <ele>172</ele>
        <time>2026-08-16T19:49:06.000Z</time>
      </trkpt>
      <trkpt lat="41.25344" lon="-8.56831">
        <ele>174</ele>
        <time>2026-08-16T19:49:10.000Z</time>
      </trkpt>
      <trkpt lat="41.25456" lon="-8.56818">
        <ele>173</ele>
        <time>2026-08-16T19:49:14.000Z</time>
      </trkpt>
      <trkpt lat="41.2557" lon="-8.56791">
        <ele>171</ele>
        <time>2026-08-16T19:49:18.000Z</time>
      </trkpt>
      <trkpt lat="41.25683" lon="-8.5675">
        <ele>169</ele>
        <time>2026-08-16T19:49:22.000Z</time>
      </trkpt>
      <trkpt lat="41.25791" lon="-8.56699">
        <ele>166</ele>
        <time>2026-08-16T19:49:26.000Z</time>
      </trkpt>
      <trkpt lat="41.25897" lon="-8.56642">
        <ele>169</ele>
        <time>2026-08-16T19:49:30.000Z</time>
      </trkpt>
      <trkpt lat="41.26002" lon="-8.56584">
        <ele>169</ele>
        <time>2026-08-16T19:49:34.000Z</time>
      </trkpt>
      <trkpt lat="41.26106" lon="-8.56526">
        <ele>169</ele>
        <time>2026-08-16T19:49:38.000Z</time>
      </trkpt>
      <trkpt lat="41.26204" lon="-8.56451">
        <ele>169</ele>
        <time>2026-08-16T19:49:42.000Z</time>
      </trkpt>
      <trkpt lat="41.26317" lon="-8.56408">
        <ele>169</ele>
        <time>2026-08-16T19:49:46.000Z</time>
      </trkpt>
      <trkpt lat="41.26423" lon="-8.56348">
        <ele>158</ele>
        <time>2026-08-16T19:49:50.000Z</time>
      </trkpt>
      <trkpt lat="41.2653" lon="-8.56289">
        <ele>158</ele>
        <time>2026-08-16T19:49:54.000Z</time>
      </trkpt>
      <trkpt lat="41.26638" lon="-8.56229">
        <ele>158</ele>
        <time>2026-08-16T19:49:58.000Z</time>
      </trkpt>
      <trkpt lat="41.26747" lon="-8.56168">
        <ele>158</ele>
        <time>2026-08-16T19:50:02.000Z</time>
      </trkpt>
      <trkpt lat="41.26857" lon="-8.56107">
        <ele>158</ele>
        <time>2026-08-16T19:50:06.000Z</time>
      </trkpt>
      <trkpt lat="41.26968" lon="-8.56047">
        <ele>158</ele>
        <time>2026-08-16T19:50:10.000Z</time>
      </trkpt>
      <trkpt lat="41.27083" lon="-8.56">
        <ele>158</ele>
        <time>2026-08-16T19:50:14.000Z</time>
      </trkpt>
      <trkpt lat="41.27204" lon="-8.55976">
        <ele>158</ele>
        <time>2026-08-16T19:50:18.000Z</time>
      </trkpt>
      <trkpt lat="41.27326" lon="-8.55976">
        <ele>158</ele>
        <time>2026-08-16T19:50:22.000Z</time>
      </trkpt>
      <trkpt lat="41.27448" lon="-8.56001">
        <ele>158</ele>
        <time>2026-08-16T19:50:26.000Z</time>
      </trkpt>
      <trkpt lat="41.27568" lon="-8.56044">
        <ele>158</ele>
        <time>2026-08-16T19:50:30.000Z</time>
      </trkpt>
      <trkpt lat="41.27686" lon="-8.56084">
        <ele>158</ele>
        <time>2026-08-16T19:50:34.000Z</time>
      </trkpt>
      <trkpt lat="41.27807" lon="-8.56109">
        <ele>158</ele>
        <time>2026-08-16T19:50:38.000Z</time>
      </trkpt>
      <trkpt lat="41.27929" lon="-8.56115">
        <ele>158</ele>
        <time>2026-08-16T19:50:42.000Z</time>
      </trkpt>
      <trkpt lat="41.28051" lon="-8.56098">
        <ele>158</ele>
        <time>2026-08-16T19:50:46.000Z</time>
      </trkpt>
      <trkpt lat="41.28171" lon="-8.56062">
        <ele>158</ele>
        <time>2026-08-16T19:50:50.000Z</time>
      </trkpt>
      <trkpt lat="41.28288" lon="-8.56007">
        <ele>158</ele>
        <time>2026-08-16T19:50:54.000Z</time>
      </trkpt>
      <trkpt lat="41.28399" lon="-8.55931">
        <ele>158</ele>
        <time>2026-08-16T19:50:58.000Z</time>
      </trkpt>
      <trkpt lat="41.28504" lon="-8.55838">
        <ele>158</ele>
        <time>2026-08-16T19:51:02.000Z</time>
      </trkpt>
      <trkpt lat="41.28597" lon="-8.55727">
        <ele>158</ele>
        <time>2026-08-16T19:51:06.000Z</time>
      </trkpt>
      <trkpt lat="41.28678" lon="-8.55605">
        <ele>158</ele>
        <time>2026-08-16T19:51:10.000Z</time>
      </trkpt>
      <trkpt lat="41.28745" lon="-8.55472">
        <ele>158</ele>
        <time>2026-08-16T19:51:14.000Z</time>
      </trkpt>
      <trkpt lat="41.28804" lon="-8.55352">
        <ele>158</ele>
        <time>2026-08-16T19:51:18.000Z</time>
      </trkpt>
      <trkpt lat="41.28865" lon="-8.5523">
        <ele>168</ele>
        <time>2026-08-16T19:51:22.000Z</time>
      </trkpt>
      <trkpt lat="41.28928" lon="-8.55101">
        <ele>166</ele>
        <time>2026-08-16T19:51:26.000Z</time>
      </trkpt>
      <trkpt lat="41.28995" lon="-8.54965">
        <ele>162</ele>
        <time>2026-08-16T19:51:30.000Z</time>
      </trkpt>
      <trkpt lat="41.29064" lon="-8.54827">
        <ele>156</ele>
        <time>2026-08-16T19:51:34.000Z</time>
      </trkpt>
      <trkpt lat="41.29132" lon="-8.54688">
        <ele>151</ele>
        <time>2026-08-16T19:51:38.000Z</time>
      </trkpt>
      <trkpt lat="41.29199" lon="-8.54552">
        <ele>150</ele>
        <time>2026-08-16T19:51:42.000Z</time>
      </trkpt>
      <trkpt lat="41.29264" lon="-8.5442">
        <ele>151</ele>
        <time>2026-08-16T19:51:46.000Z</time>
      </trkpt>
      <trkpt lat="41.29329" lon="-8.54292">
        <ele>155</ele>
        <time>2026-08-16T19:51:50.000Z</time>
      </trkpt>
      <trkpt lat="41.29402" lon="-8.54171">
        <ele>161</ele>
        <time>2026-08-16T19:51:54.000Z</time>
      </trkpt>
      <trkpt lat="41.29488" lon="-8.54065">
        <ele>164</ele>
        <time>2026-08-16T19:51:58.000Z</time>
      </trkpt>
      <trkpt lat="41.29588" lon="-8.53975">
        <ele>166</ele>
        <time>2026-08-16T19:52:02.000Z</time>
      </trkpt>
      <trkpt lat="41.29694" lon="-8.53903">
        <ele>167</ele>
        <time>2026-08-16T19:52:06.000Z</time>
      </trkpt>
      <trkpt lat="41.29809" lon="-8.53854">
        <ele>168</ele>
        <time>2026-08-16T19:52:10.000Z</time>
      </trkpt>
      <trkpt lat="41.29928" lon="-8.53829">
        <ele>168</ele>
        <time>2026-08-16T19:52:14.000Z</time>
      </trkpt>
      <trkpt lat="41.30046" lon="-8.53815">
        <ele>167</ele>
        <time>2026-08-16T19:52:18.000Z</time>
      </trkpt>
      <trkpt lat="41.30158" lon="-8.53781">
        <ele>169</ele>
        <time>2026-08-16T19:52:22.000Z</time>
      </trkpt>
      <trkpt lat="41.30259" lon="-8.53707">
        <ele>173</ele>
        <time>2026-08-16T19:52:26.000Z</time>
      </trkpt>
      <trkpt lat="41.30344" lon="-8.53604">
        <ele>180</ele>
        <time>2026-08-16T19:52:30.000Z</time>
      </trkpt>
      <trkpt lat="41.30405" lon="-8.53472">
        <ele>186</ele>
        <time>2026-08-16T19:52:34.000Z</time>
      </trkpt>
      <trkpt lat="41.3044" lon="-8.53326">
        <ele>192</ele>
        <time>2026-08-16T19:52:38.000Z</time>
      </trkpt>
      <trkpt lat="41.3047" lon="-8.53184">
        <ele>196</ele>
        <time>2026-08-16T19:52:42.000Z</time>
      </trkpt>
      <trkpt lat="41.30518" lon="-8.53055">
        <ele>199</ele>
        <time>2026-08-16T19:52:46.000Z</time>
      </trkpt>
      <trkpt lat="41.30584" lon="-8.52933">
        <ele>201</ele>
        <time>2026-08-16T19:52:50.000Z</time>
      </trkpt>
      <trkpt lat="41.30671" lon="-8.52828">
        <ele>201</ele>
        <time>2026-08-16T19:52:54.000Z</time>
      </trkpt>
      <trkpt lat="41.30772" lon="-8.52747">
        <ele>202</ele>
        <time>2026-08-16T19:52:58.000Z</time>
      </trkpt>
      <trkpt lat="41.30883" lon="-8.52693">
        <ele>203</ele>
        <time>2026-08-16T19:53:02.000Z</time>
      </trkpt>
      <trkpt lat="41.30992" lon="-8.52643">
        <ele>203</ele>
        <time>2026-08-16T19:53:06.000Z</time>
      </trkpt>
      <trkpt lat="41.31093" lon="-8.5257">
        <ele>208</ele>
        <time>2026-08-16T19:53:10.000Z</time>
      </trkpt>
      <trkpt lat="41.31181" lon="-8.52471">
        <ele>215</ele>
        <time>2026-08-16T19:53:14.000Z</time>
      </trkpt>
      <trkpt lat="41.31255" lon="-8.5235">
        <ele>221</ele>
        <time>2026-08-16T19:53:18.000Z</time>
      </trkpt>
      <trkpt lat="41.31309" lon="-8.52211">
        <ele>229</ele>
        <time>2026-08-16T19:53:22.000Z</time>
      </trkpt>
      <trkpt lat="41.3135" lon="-8.52069">
        <ele>235</ele>
        <time>2026-08-16T19:53:26.000Z</time>
      </trkpt>
      <trkpt lat="41.31407" lon="-8.51935">
        <ele>237</ele>
        <time>2026-08-16T19:53:30.000Z</time>
      </trkpt>
      <trkpt lat="41.31485" lon="-8.51814">
        <ele>238</ele>
        <time>2026-08-16T19:53:34.000Z</time>
      </trkpt>
      <trkpt lat="41.3158" lon="-8.51713">
        <ele>238</ele>
        <time>2026-08-16T19:53:38.000Z</time>
      </trkpt>
      <trkpt lat="41.31691" lon="-8.51641">
        <ele>236</ele>
        <time>2026-08-16T19:53:42.000Z</time>
      </trkpt>
      <trkpt lat="41.31812" lon="-8.51601">
        <ele>232</ele>
        <time>2026-08-16T19:53:46.000Z</time>
      </trkpt>
      <trkpt lat="41.31939" lon="-8.51596">
        <ele>227</ele>
        <time>2026-08-16T19:53:50.000Z</time>
      </trkpt>
      <trkpt lat="41.32061" lon="-8.51625">
        <ele>224</ele>
        <time>2026-08-16T19:53:54.000Z</time>
      </trkpt>
      <trkpt lat="41.32176" lon="-8.5168">
        <ele>219</ele>
        <time>2026-08-16T19:53:58.000Z</time>
      </trkpt>
      <trkpt lat="41.32289" lon="-8.5173">
        <ele>214</ele>
        <time>2026-08-16T19:54:02.000Z</time>
      </trkpt>
      <trkpt lat="41.32407" lon="-8.51762">
        <ele>208</ele>
        <time>2026-08-16T19:54:06.000Z</time>
      </trkpt>
      <trkpt lat="41.32531" lon="-8.51773">
        <ele>202</ele>
        <time>2026-08-16T19:54:10.000Z</time>
      </trkpt>
      <trkpt lat="41.32656" lon="-8.51759">
        <ele>194</ele>
        <time>2026-08-16T19:54:14.000Z</time>
      </trkpt>
      <trkpt lat="41.32778" lon="-8.51718">
        <ele>186</ele>
        <time>2026-08-16T19:54:18.000Z</time>
      </trkpt>
      <trkpt lat="41.32895" lon="-8.51655">
        <ele>180</ele>
        <time>2026-08-16T19:54:22.000Z</time>
      </trkpt>
      <trkpt lat="41.33001" lon="-8.5157">
        <ele>173</ele>
        <time>2026-08-16T19:54:26.000Z</time>
      </trkpt>
      <trkpt lat="41.33096" lon="-8.51466">
        <ele>166</ele>
        <time>2026-08-16T19:54:30.000Z</time>
      </trkpt>
      <trkpt lat="41.33179" lon="-8.51348">
        <ele>162</ele>
        <time>2026-08-16T19:54:34.000Z</time>
      </trkpt>
      <trkpt lat="41.33251" lon="-8.51226">
        <ele>155</ele>
        <time>2026-08-16T19:54:38.000Z</time>
      </trkpt>
      <trkpt lat="41.33327" lon="-8.51111">
        <ele>149</ele>
        <time>2026-08-16T19:54:42.000Z</time>
      </trkpt>
      <trkpt lat="41.33416" lon="-8.51016">
        <ele>143</ele>
        <time>2026-08-16T19:54:46.000Z</time>
      </trkpt>
      <trkpt lat="41.3351" lon="-8.50929">
        <ele>137</ele>
        <time>2026-08-16T19:54:50.000Z</time>
      </trkpt>
      <trkpt lat="41.3362" lon="-8.50877">
        <ele>135</ele>
        <time>2026-08-16T19:54:54.000Z</time>
      </trkpt>
      <trkpt lat="41.33728" lon="-8.50835">
        <ele>135</ele>
        <time>2026-08-16T19:54:58.000Z</time>
      </trkpt>
      <trkpt lat="41.33836" lon="-8.508">
        <ele>136</ele>
        <time>2026-08-16T19:55:02.000Z</time>
      </trkpt>
      <trkpt lat="41.33946" lon="-8.50758">
        <ele>137</ele>
        <time>2026-08-16T19:55:06.000Z</time>
      </trkpt>
      <trkpt lat="41.34056" lon="-8.50714">
        <ele>138</ele>
        <time>2026-08-16T19:55:10.000Z</time>
      </trkpt>
      <trkpt lat="41.34167" lon="-8.50666">
        <ele>136</ele>
        <time>2026-08-16T19:55:14.000Z</time>
      </trkpt>
      <trkpt lat="41.34278" lon="-8.50617">
        <ele>134</ele>
        <time>2026-08-16T19:55:18.000Z</time>
      </trkpt>
      <trkpt lat="41.34393" lon="-8.50573">
        <ele>130</ele>
        <time>2026-08-16T19:55:22.000Z</time>
      </trkpt>
      <trkpt lat="41.34513" lon="-8.50554">
        <ele>125</ele>
        <time>2026-08-16T19:55:26.000Z</time>
      </trkpt>
      <trkpt lat="41.34635" lon="-8.50562">
        <ele>118</ele>
        <time>2026-08-16T19:55:30.000Z</time>
      </trkpt>
      <trkpt lat="41.34753" lon="-8.50595">
        <ele>111</ele>
        <time>2026-08-16T19:55:34.000Z</time>
      </trkpt>
      <trkpt lat="41.34868" lon="-8.50647">
        <ele>107</ele>
        <time>2026-08-16T19:55:38.000Z</time>
      </trkpt>
      <trkpt lat="41.34984" lon="-8.50691">
        <ele>113</ele>
        <time>2026-08-16T19:55:42.000Z</time>
      </trkpt>
      <trkpt lat="41.35101" lon="-8.50708">
        <ele>113</ele>
        <time>2026-08-16T19:55:46.000Z</time>
      </trkpt>
      <trkpt lat="41.35218" lon="-8.507">
        <ele>113</ele>
        <time>2026-08-16T19:55:50.000Z</time>
      </trkpt>
      <trkpt lat="41.3533" lon="-8.50669">
        <ele>113</ele>
        <time>2026-08-16T19:55:54.000Z</time>
      </trkpt>
      <trkpt lat="41.35437" lon="-8.50613">
        <ele>113</ele>
        <time>2026-08-16T19:55:58.000Z</time>
      </trkpt>
      <trkpt lat="41.35538" lon="-8.50533">
        <ele>113</ele>
        <time>2026-08-16T19:56:02.000Z</time>
      </trkpt>
      <trkpt lat="41.35627" lon="-8.5043">
        <ele>113</ele>
        <time>2026-08-16T19:56:06.000Z</time>
      </trkpt>
      <trkpt lat="41.35707" lon="-8.50315">
        <ele>113</ele>
        <time>2026-08-16T19:56:10.000Z</time>
      </trkpt>
      <trkpt lat="41.35789" lon="-8.50207">
        <ele>113</ele>
        <time>2026-08-16T19:56:14.000Z</time>
      </trkpt>
      <trkpt lat="41.35886" lon="-8.50116">
        <ele>113</ele>
        <time>2026-08-16T19:56:18.000Z</time>
      </trkpt>
      <trkpt lat="41.35994" lon="-8.50048">
        <ele>113</ele>
        <time>2026-08-16T19:56:22.000Z</time>
      </trkpt>
      <trkpt lat="41.36108" lon="-8.50006">
        <ele>113</ele>
        <time>2026-08-16T19:56:26.000Z</time>
      </trkpt>
      <trkpt lat="41.36223" lon="-8.4999">
        <ele>113</ele>
        <time>2026-08-16T19:56:30.000Z</time>
      </trkpt>
      <trkpt lat="41.36335" lon="-8.50001">
        <ele>113</ele>
        <time>2026-08-16T19:56:34.000Z</time>
      </trkpt>
      <trkpt lat="41.36444" lon="-8.50036">
        <ele>113</ele>
        <time>2026-08-16T19:56:38.000Z</time>
      </trkpt>
      <trkpt lat="41.36549" lon="-8.50088">
        <ele>113</ele>
        <time>2026-08-16T19:56:42.000Z</time>
      </trkpt>
      <trkpt lat="41.36655" lon="-8.50144">
        <ele>113</ele>
        <time>2026-08-16T19:56:46.000Z</time>
      </trkpt>
      <trkpt lat="41.3676" lon="-8.502">
        <ele>117</ele>
        <time>2026-08-16T19:56:50.000Z</time>
      </trkpt>
      <trkpt lat="41.36866" lon="-8.50255">
        <ele>117</ele>
        <time>2026-08-16T19:56:54.000Z</time>
      </trkpt>
      <trkpt lat="41.36972" lon="-8.50304">
        <ele>117</ele>
        <time>2026-08-16T19:56:58.000Z</time>
      </trkpt>
      <trkpt lat="41.3708" lon="-8.50328">
        <ele>117</ele>
        <time>2026-08-16T19:57:02.000Z</time>
      </trkpt>
      <trkpt lat="41.37186" lon="-8.50325">
        <ele>117</ele>
        <time>2026-08-16T19:57:06.000Z</time>
      </trkpt>
      <trkpt lat="41.37284" lon="-8.50287">
        <ele>117</ele>
        <time>2026-08-16T19:57:10.000Z</time>
      </trkpt>
      <trkpt lat="41.37396" lon="-8.50258">
        <ele>117</ele>
        <time>2026-08-16T19:57:14.000Z</time>
      </trkpt>
      <trkpt lat="41.37499" lon="-8.502">
        <ele>117</ele>
        <time>2026-08-16T19:57:18.000Z</time>
      </trkpt>
      <trkpt lat="41.37605" lon="-8.50149">
        <ele>117</ele>
        <time>2026-08-16T19:57:22.000Z</time>
      </trkpt>
      <trkpt lat="41.37719" lon="-8.50122">
        <ele>117</ele>
        <time>2026-08-16T19:57:26.000Z</time>
      </trkpt>
      <trkpt lat="41.37834" lon="-8.50116">
        <ele>117</ele>
        <time>2026-08-16T19:57:30.000Z</time>
      </trkpt>
      <trkpt lat="41.37949" lon="-8.5011">
        <ele>117</ele>
        <time>2026-08-16T19:57:34.000Z</time>
      </trkpt>
      <trkpt lat="41.38068" lon="-8.50084">
        <ele>108</ele>
        <time>2026-08-16T19:57:38.000Z</time>
      </trkpt>
      <trkpt lat="41.38182" lon="-8.50032">
        <ele>110</ele>
        <time>2026-08-16T19:57:42.000Z</time>
      </trkpt>
      <trkpt lat="41.3829" lon="-8.49962">
        <ele>117</ele>
        <time>2026-08-16T19:57:46.000Z</time>
      </trkpt>
      <trkpt lat="41.38386" lon="-8.4987">
        <ele>122</ele>
        <time>2026-08-16T19:57:50.000Z</time>
      </trkpt>
      <trkpt lat="41.38474" lon="-8.49768">
        <ele>128</ele>
        <time>2026-08-16T19:57:54.000Z</time>
      </trkpt>
      <trkpt lat="41.38565" lon="-8.49674">
        <ele>133</ele>
        <time>2026-08-16T19:57:58.000Z</time>
      </trkpt>
      <trkpt lat="41.38668" lon="-8.49597">
        <ele>139</ele>
        <time>2026-08-16T19:58:02.000Z</time>
      </trkpt>
      <trkpt lat="41.38779" lon="-8.4954">
        <ele>143</ele>
        <time>2026-08-16T19:58:06.000Z</time>
      </trkpt>
      <trkpt lat="41.38896" lon="-8.49504">
        <ele>147</ele>
        <time>2026-08-16T19:58:10.000Z</time>
      </trkpt>
      <trkpt lat="41.39016" lon="-8.49492">
        <ele>151</ele>
        <time>2026-08-16T19:58:14.000Z</time>
      </trkpt>
      <trkpt lat="41.39135" lon="-8.49503">
        <ele>156</ele>
        <time>2026-08-16T19:58:18.000Z</time>
      </trkpt>
      <trkpt lat="41.39251" lon="-8.49535">
        <ele>159</ele>
        <time>2026-08-16T19:58:22.000Z</time>
      </trkpt>
      <trkpt lat="41.39365" lon="-8.49575">
        <ele>162</ele>
        <time>2026-08-16T19:58:26.000Z</time>
      </trkpt>
      <trkpt lat="41.39478" lon="-8.49607">
        <ele>164</ele>
        <time>2026-08-16T19:58:30.000Z</time>
      </trkpt>
      <trkpt lat="41.39592" lon="-8.49621">
        <ele>165</ele>
        <time>2026-08-16T19:58:34.000Z</time>
      </trkpt>
      <trkpt lat="41.39708" lon="-8.4962">
        <ele>167</ele>
        <time>2026-08-16T19:58:38.000Z</time>
      </trkpt>
      <trkpt lat="41.39823" lon="-8.496">
        <ele>169</ele>
        <time>2026-08-16T19:58:42.000Z</time>
      </trkpt>
      <trkpt lat="41.39934" lon="-8.49566">
        <ele>169</ele>
        <time>2026-08-16T19:58:46.000Z</time>
      </trkpt>
      <trkpt lat="41.40043" lon="-8.49518">
        <ele>171</ele>
        <time>2026-08-16T19:58:50.000Z</time>
      </trkpt>
      <trkpt lat="41.40145" lon="-8.4945">
        <ele>174</ele>
        <time>2026-08-16T19:58:54.000Z</time>
      </trkpt>
      <trkpt lat="41.40247" lon="-8.49381">
        <ele>177</ele>
        <time>2026-08-16T19:58:58.000Z</time>
      </trkpt>
      <trkpt lat="41.40355" lon="-8.49331">
        <ele>179</ele>
        <time>2026-08-16T19:59:02.000Z</time>
      </trkpt>
      <trkpt lat="41.40468" lon="-8.49314">
        <ele>180</ele>
        <time>2026-08-16T19:59:06.000Z</time>
      </trkpt>
      <trkpt lat="41.4058" lon="-8.49325">
        <ele>185</ele>
        <time>2026-08-16T19:59:10.000Z</time>
      </trkpt>
      <trkpt lat="41.4069" lon="-8.49366">
        <ele>185</ele>
        <time>2026-08-16T19:59:14.000Z</time>
      </trkpt>
      <trkpt lat="41.40793" lon="-8.49434">
        <ele>185</ele>
        <time>2026-08-16T19:59:18.000Z</time>
      </trkpt>
      <trkpt lat="41.40894" lon="-8.49506">
        <ele>185</ele>
        <time>2026-08-16T19:59:22.000Z</time>
      </trkpt>
      <trkpt lat="41.41005" lon="-8.49556">
        <ele>185</ele>
        <time>2026-08-16T19:59:26.000Z</time>
      </trkpt>
      <trkpt lat="41.41122" lon="-8.49569">
        <ele>185</ele>
        <time>2026-08-16T19:59:30.000Z</time>
      </trkpt>
      <trkpt lat="41.41237" lon="-8.4955">
        <ele>185</ele>
        <time>2026-08-16T19:59:34.000Z</time>
      </trkpt>
      <trkpt lat="41.41344" lon="-8.49501">
        <ele>185</ele>
        <time>2026-08-16T19:59:38.000Z</time>
      </trkpt>
      <trkpt lat="41.41451" lon="-8.49452">
        <ele>185</ele>
        <time>2026-08-16T19:59:42.000Z</time>
      </trkpt>
      <trkpt lat="41.41562" lon="-8.49408">
        <ele>185</ele>
        <time>2026-08-16T19:59:46.000Z</time>
      </trkpt>
      <trkpt lat="41.41678" lon="-8.49376">
        <ele>185</ele>
        <time>2026-08-16T19:59:50.000Z</time>
      </trkpt>
      <trkpt lat="41.41798" lon="-8.49359">
        <ele>185</ele>
        <time>2026-08-16T19:59:54.000Z</time>
      </trkpt>
      <trkpt lat="41.41921" lon="-8.49354">
        <ele>185</ele>
        <time>2026-08-16T19:59:58.000Z</time>
      </trkpt>
      <trkpt lat="41.42041" lon="-8.49363">
        <ele>185</ele>
        <time>2026-08-16T20:00:02.000Z</time>
      </trkpt>
      <trkpt lat="41.42157" lon="-8.49389">
        <ele>185</ele>
        <time>2026-08-16T20:00:06.000Z</time>
      </trkpt>
      <trkpt lat="41.42271" lon="-8.49425">
        <ele>185</ele>
        <time>2026-08-16T20:00:10.000Z</time>
      </trkpt>
      <trkpt lat="41.42386" lon="-8.49477">
        <ele>185</ele>
        <time>2026-08-16T20:00:14.000Z</time>
      </trkpt>
      <trkpt lat="41.42498" lon="-8.49541">
        <ele>185</ele>
        <time>2026-08-16T20:00:18.000Z</time>
      </trkpt>
      <trkpt lat="41.42609" lon="-8.49612">
        <ele>185</ele>
        <time>2026-08-16T20:00:22.000Z</time>
      </trkpt>
      <trkpt lat="41.42719" lon="-8.49675">
        <ele>185</ele>
        <time>2026-08-16T20:00:26.000Z</time>
      </trkpt>
      <trkpt lat="41.42833" lon="-8.4972">
        <ele>185</ele>
        <time>2026-08-16T20:00:30.000Z</time>
      </trkpt>
      <trkpt lat="41.4295" lon="-8.49751">
        <ele>185</ele>
        <time>2026-08-16T20:00:34.000Z</time>
      </trkpt>
      <trkpt lat="41.43069" lon="-8.49763">
        <ele>185</ele>
        <time>2026-08-16T20:00:38.000Z</time>
      </trkpt>
      <trkpt lat="41.43188" lon="-8.49761">
        <ele>185</ele>
        <time>2026-08-16T20:00:42.000Z</time>
      </trkpt>
      <trkpt lat="41.43304" lon="-8.49738">
        <ele>208</ele>
        <time>2026-08-16T20:00:46.000Z</time>
      </trkpt>
      <trkpt lat="41.43416" lon="-8.49699">
        <ele>215</ele>
        <time>2026-08-16T20:00:50.000Z</time>
      </trkpt>
      <trkpt lat="41.43523" lon="-8.49649">
        <ele>223</ele>
        <time>2026-08-16T20:00:54.000Z</time>
      </trkpt>
      <trkpt lat="41.43625" lon="-8.49586">
        <ele>230</ele>
        <time>2026-08-16T20:00:58.000Z</time>
      </trkpt>
      <trkpt lat="41.4372" lon="-8.49515">
        <ele>237</ele>
        <time>2026-08-16T20:01:02.000Z</time>
      </trkpt>
      <trkpt lat="41.43821" lon="-8.49452">
        <ele>242</ele>
        <time>2026-08-16T20:01:06.000Z</time>
      </trkpt>
      <trkpt lat="41.43926" lon="-8.49408">
        <ele>247</ele>
        <time>2026-08-16T20:01:10.000Z</time>
      </trkpt>
      <trkpt lat="41.4403" lon="-8.49369">
        <ele>248</ele>
        <time>2026-08-16T20:01:14.000Z</time>
      </trkpt>
      <trkpt lat="41.44131" lon="-8.49329">
        <ele>250</ele>
        <time>2026-08-16T20:01:18.000Z</time>
      </trkpt>
      <trkpt lat="41.44231" lon="-8.49291">
        <ele>253</ele>
        <time>2026-08-16T20:01:22.000Z</time>
      </trkpt>
      <trkpt lat="41.44333" lon="-8.49268">
        <ele>255</ele>
        <time>2026-08-16T20:01:26.000Z</time>
      </trkpt>
      <trkpt lat="41.44436" lon="-8.49273">
        <ele>258</ele>
        <time>2026-08-16T20:01:30.000Z</time>
      </trkpt>
      <trkpt lat="41.44539" lon="-8.49288">
        <ele>262</ele>
        <time>2026-08-16T20:01:34.000Z</time>
      </trkpt>
      <trkpt lat="41.44639" lon="-8.49273">
        <ele>267</ele>
        <time>2026-08-16T20:01:38.000Z</time>
      </trkpt>
      <trkpt lat="41.44736" lon="-8.49226">
        <ele>271</ele>
        <time>2026-08-16T20:01:42.000Z</time>
      </trkpt>
      <trkpt lat="41.4482" lon="-8.49146">
        <ele>277</ele>
        <time>2026-08-16T20:01:46.000Z</time>
      </trkpt>
      <trkpt lat="41.44904" lon="-8.4907">
        <ele>278</ele>
        <time>2026-08-16T20:01:50.000Z</time>
      </trkpt>
      <trkpt lat="41.44997" lon="-8.49023">
        <ele>280</ele>
        <time>2026-08-16T20:01:54.000Z</time>
      </trkpt>
      <trkpt lat="41.45091" lon="-8.48992">
        <ele>284</ele>
        <time>2026-08-16T20:01:58.000Z</time>
      </trkpt>
      <trkpt lat="41.45177" lon="-8.48962">
        <ele>289</ele>
        <time>2026-08-16T20:02:02.000Z</time>
      </trkpt>
      <trkpt lat="41.45252" lon="-8.48923">
        <ele>294</ele>
        <time>2026-08-16T20:02:06.000Z</time>
      </trkpt>
      <trkpt lat="41.45315" lon="-8.48882">
        <ele>298</ele>
        <time>2026-08-16T20:02:10.000Z</time>
      </trkpt>
      <trkpt lat="41.45357" lon="-8.48833">
        <ele>300</ele>
        <time>2026-08-16T20:02:14.000Z</time>
      </trkpt>
      <trkpt lat="41.45376" lon="-8.4877">
        <ele>301</ele>
        <time>2026-08-16T20:02:18.000Z</time>
      </trkpt>
      <trkpt lat="41.45377" lon="-8.48706">
        <ele>298</ele>
        <time>2026-08-16T20:02:22.000Z</time>
      </trkpt>
      <trkpt lat="41.45398" lon="-8.48658">
        <ele>298</ele>
        <time>2026-08-16T20:02:26.000Z</time>
      </trkpt>
      <trkpt lat="41.45441" lon="-8.48655">
        <ele>301</ele>
        <time>2026-08-16T20:02:30.000Z</time>
      </trkpt>
      <trkpt lat="41.45474" lon="-8.48707">
        <ele>306</ele>
        <time>2026-08-16T20:02:34.000Z</time>
      </trkpt>
      <trkpt lat="41.45504" lon="-8.48774">
        <ele>308</ele>
        <time>2026-08-16T20:02:38.000Z</time>
      </trkpt>
      <trkpt lat="41.45532" lon="-8.48837">
        <ele>309</ele>
        <time>2026-08-16T20:02:42.000Z</time>
      </trkpt>
      <trkpt lat="41.4556" lon="-8.48898">
        <ele>309</ele>
        <time>2026-08-16T20:02:46.000Z</time>
      </trkpt>
      <trkpt lat="41.45588" lon="-8.48955">
        <ele>310</ele>
        <time>2026-08-16T20:02:50.000Z</time>
      </trkpt>
      <trkpt lat="41.45611" lon="-8.49009">
        <ele>309</ele>
        <time>2026-08-16T20:02:54.000Z</time>
      </trkpt>
      <trkpt lat="41.45632" lon="-8.49056">
        <ele>309</ele>
        <time>2026-08-16T20:02:58.000Z</time>
      </trkpt>
      <trkpt lat="41.45654" lon="-8.49104">
        <ele>309</ele>
        <time>2026-08-16T20:03:02.000Z</time>
      </trkpt>
      <trkpt lat="41.45677" lon="-8.49157">
        <ele>311</ele>
        <time>2026-08-16T20:03:06.000Z</time>
      </trkpt>
      <trkpt lat="41.45701" lon="-8.49212">
        <ele>311</ele>
        <time>2026-08-16T20:03:10.000Z</time>
      </trkpt>
      <trkpt lat="41.45725" lon="-8.49267">
        <ele>311</ele>
        <time>2026-08-16T20:03:14.000Z</time>
      </trkpt>
      <trkpt lat="41.45742" lon="-8.49329">
        <ele>311</ele>
        <time>2026-08-16T20:03:18.000Z</time>
      </trkpt>
      <trkpt lat="41.45747" lon="-8.49386">
        <ele>311</ele>
        <time>2026-08-16T20:03:22.000Z</time>
      </trkpt>
      <trkpt lat="41.45786" lon="-8.49435">
        <ele>310</ele>
        <time>2026-08-16T20:03:26.000Z</time>
      </trkpt>
      <trkpt lat="41.45829" lon="-8.49459">
        <ele>310</ele>
        <time>2026-08-16T20:03:30.000Z</time>
      </trkpt>
      <trkpt lat="41.45879" lon="-8.49462">
        <ele>310</ele>
        <time>2026-08-16T20:03:34.000Z</time>
      </trkpt>
      <trkpt lat="41.45931" lon="-8.4945">
        <ele>310</ele>
        <time>2026-08-16T20:03:38.000Z</time>
      </trkpt>
      <trkpt lat="41.45986" lon="-8.4943">
        <ele>310</ele>
        <time>2026-08-16T20:03:42.000Z</time>
      </trkpt>
      <trkpt lat="41.46041" lon="-8.49406">
        <ele>310</ele>
        <time>2026-08-16T20:03:46.000Z</time>
      </trkpt>
      <trkpt lat="41.46093" lon="-8.49383">
        <ele>283</ele>
        <time>2026-08-16T20:03:50.000Z</time>
      </trkpt>
      <trkpt lat="41.46149" lon="-8.49366">
        <ele>283</ele>
        <time>2026-08-16T20:03:54.000Z</time>
      </trkpt>
      <trkpt lat="41.46204" lon="-8.49348">
        <ele>283</ele>
        <time>2026-08-16T20:03:58.000Z</time>
      </trkpt>
      <trkpt lat="41.4626" lon="-8.4933">
        <ele>283</ele>
        <time>2026-08-16T20:04:02.000Z</time>
      </trkpt>
      <trkpt lat="41.46308" lon="-8.49305">
        <ele>283</ele>
        <time>2026-08-16T20:04:06.000Z</time>
      </trkpt>
      <trkpt lat="41.46352" lon="-8.49268">
        <ele>283</ele>
        <time>2026-08-16T20:04:10.000Z</time>
      </trkpt>
      <trkpt lat="41.46399" lon="-8.49243">
        <ele>256</ele>
        <time>2026-08-16T20:04:14.000Z</time>
      </trkpt>
      <trkpt lat="41.46441" lon="-8.49202">
        <ele>256</ele>
        <time>2026-08-16T20:04:18.000Z</time>
      </trkpt>
      <trkpt lat="41.46481" lon="-8.49145">
        <ele>256</ele>
        <time>2026-08-16T20:04:22.000Z</time>
      </trkpt>
      <trkpt lat="41.4652" lon="-8.49085">
        <ele>256</ele>
        <time>2026-08-16T20:04:26.000Z</time>
      </trkpt>
      <trkpt lat="41.46558" lon="-8.49025">
        <ele>256</ele>
        <time>2026-08-16T20:04:30.000Z</time>
      </trkpt>
      <trkpt lat="41.46593" lon="-8.48972">
        <ele>256</ele>
        <time>2026-08-16T20:04:34.000Z</time>
      </trkpt>
      <trkpt lat="41.46633" lon="-8.4893">
        <ele>256</ele>
        <time>2026-08-16T20:04:38.000Z</time>
      </trkpt>
      <trkpt lat="41.4668" lon="-8.48907">
        <ele>256</ele>
        <time>2026-08-16T20:04:42.000Z</time>
      </trkpt>
      <trkpt lat="41.46728" lon="-8.48917">
        <ele>256</ele>
        <time>2026-08-16T20:04:46.000Z</time>
      </trkpt>
      <trkpt lat="41.46775" lon="-8.4894">
        <ele>256</ele>
        <time>2026-08-16T20:04:50.000Z</time>
      </trkpt>
      <trkpt lat="41.46818" lon="-8.48968">
        <ele>256</ele>
        <time>2026-08-16T20:04:54.000Z</time>
      </trkpt>
      <trkpt lat="41.46845" lon="-8.48972">
        <ele>256</ele>
        <time>2026-08-16T20:04:58.000Z</time>
      </trkpt>
      <trkpt lat="41.46919" lon="-8.48949">
        <ele>213</ele>
        <time>2026-08-16T20:05:02.000Z</time>
      </trkpt>
      <trkpt lat="41.46971" lon="-8.48934">
        <ele>213</ele>
        <time>2026-08-16T20:05:06.000Z</time>
      </trkpt>
      <trkpt lat="41.47021" lon="-8.48894">
        <ele>213</ele>
        <time>2026-08-16T20:05:10.000Z</time>
      </trkpt>
      <trkpt lat="41.47074" lon="-8.48847">
        <ele>213</ele>
        <time>2026-08-16T20:05:14.000Z</time>
      </trkpt>
      <trkpt lat="41.47128" lon="-8.48799">
        <ele>213</ele>
        <time>2026-08-16T20:05:18.000Z</time>
      </trkpt>
      <trkpt lat="41.47183" lon="-8.48751">
        <ele>213</ele>
        <time>2026-08-16T20:05:22.000Z</time>
      </trkpt>
      <trkpt lat="41.47238" lon="-8.48701">
        <ele>200</ele>
        <time>2026-08-16T20:05:26.000Z</time>
      </trkpt>
      <trkpt lat="41.47294" lon="-8.48651">
        <ele>200</ele>
        <time>2026-08-16T20:05:30.000Z</time>
      </trkpt>
      <trkpt lat="41.47328" lon="-8.48619">
        <ele>200</ele>
        <time>2026-08-16T20:05:34.000Z</time>
      </trkpt>
      <trkpt lat="41.47395" lon="-8.4856">
        <ele>200</ele>
        <time>2026-08-16T20:05:38.000Z</time>
      </trkpt>
      <trkpt lat="41.47442" lon="-8.48517">
        <ele>200</ele>
        <time>2026-08-16T20:05:42.000Z</time>
      </trkpt>
      <trkpt lat="41.47489" lon="-8.48474">
        <ele>211</ele>
        <time>2026-08-16T20:05:46.000Z</time>
      </trkpt>
      <trkpt lat="41.47539" lon="-8.48433">
        <ele>211</ele>
        <time>2026-08-16T20:05:50.000Z</time>
      </trkpt>
      <trkpt lat="41.47593" lon="-8.48398">
        <ele>211</ele>
        <time>2026-08-16T20:05:54.000Z</time>
      </trkpt>
      <trkpt lat="41.47651" lon="-8.48362">
        <ele>211</ele>
        <time>2026-08-16T20:05:58.000Z</time>
      </trkpt>
      <trkpt lat="41.47696" lon="-8.48334">
        <ele>211</ele>
        <time>2026-08-16T20:06:02.000Z</time>
      </trkpt>
      <trkpt lat="41.47773" lon="-8.48287">
        <ele>211</ele>
        <time>2026-08-16T20:06:06.000Z</time>
      </trkpt>
      <trkpt lat="41.47834" lon="-8.48249">
        <ele>212</ele>
        <time>2026-08-16T20:06:10.000Z</time>
      </trkpt>
      <trkpt lat="41.47892" lon="-8.48213">
        <ele>212</ele>
        <time>2026-08-16T20:06:14.000Z</time>
      </trkpt>
      <trkpt lat="41.47948" lon="-8.48178">
        <ele>212</ele>
        <time>2026-08-16T20:06:18.000Z</time>
      </trkpt>
      <trkpt lat="41.48006" lon="-8.48142">
        <ele>212</ele>
        <time>2026-08-16T20:06:22.000Z</time>
      </trkpt>
      <trkpt lat="41.48067" lon="-8.48104">
        <ele>212</ele>
        <time>2026-08-16T20:06:26.000Z</time>
      </trkpt>
      <trkpt lat="41.48112" lon="-8.48076">
        <ele>212</ele>
        <time>2026-08-16T20:06:30.000Z</time>
      </trkpt>
      <trkpt lat="41.48186" lon="-8.48029">
        <ele>212</ele>
        <time>2026-08-16T20:06:34.000Z</time>
      </trkpt>
      <trkpt lat="41.48243" lon="-8.47994">
        <ele>212</ele>
        <time>2026-08-16T20:06:38.000Z</time>
      </trkpt>
      <trkpt lat="41.48295" lon="-8.47951">
        <ele>212</ele>
        <time>2026-08-16T20:06:42.000Z</time>
      </trkpt>
      <trkpt lat="41.48341" lon="-8.47909">
        <ele>212</ele>
        <time>2026-08-16T20:06:46.000Z</time>
      </trkpt>
      <trkpt lat="41.48387" lon="-8.47865">
        <ele>212</ele>
        <time>2026-08-16T20:06:50.000Z</time>
      </trkpt>
      <trkpt lat="41.48433" lon="-8.47814">
        <ele>212</ele>
        <time>2026-08-16T20:06:54.000Z</time>
      </trkpt>
      <trkpt lat="41.48475" lon="-8.4776">
        <ele>229</ele>
        <time>2026-08-16T20:06:58.000Z</time>
      </trkpt>
      <trkpt lat="41.48517" lon="-8.47706">
        <ele>229</ele>
        <time>2026-08-16T20:07:02.000Z</time>
      </trkpt>
      <trkpt lat="41.48555" lon="-8.47657">
        <ele>229</ele>
        <time>2026-08-16T20:07:06.000Z</time>
      </trkpt>
      <trkpt lat="41.48591" lon="-8.4761">
        <ele>229</ele>
        <time>2026-08-16T20:07:10.000Z</time>
      </trkpt>
      <trkpt lat="41.48626" lon="-8.47563">
        <ele>229</ele>
        <time>2026-08-16T20:07:14.000Z</time>
      </trkpt>
      <trkpt lat="41.48663" lon="-8.47514">
        <ele>229</ele>
        <time>2026-08-16T20:07:18.000Z</time>
      </trkpt>
      <trkpt lat="41.48701" lon="-8.47464">
        <ele>240</ele>
        <time>2026-08-16T20:07:22.000Z</time>
      </trkpt>
      <trkpt lat="41.48737" lon="-8.47416">
        <ele>240</ele>
        <time>2026-08-16T20:07:26.000Z</time>
      </trkpt>
      <trkpt lat="41.48772" lon="-8.47372">
        <ele>240</ele>
        <time>2026-08-16T20:07:30.000Z</time>
      </trkpt>
      <trkpt lat="41.48808" lon="-8.47326">
        <ele>240</ele>
        <time>2026-08-16T20:07:34.000Z</time>
      </trkpt>
      <trkpt lat="41.48849" lon="-8.47274">
        <ele>240</ele>
        <time>2026-08-16T20:07:38.000Z</time>
      </trkpt>
      <trkpt lat="41.48896" lon="-8.47212">
        <ele>240</ele>
        <time>2026-08-16T20:07:42.000Z</time>
      </trkpt>
      <trkpt lat="41.48948" lon="-8.47145">
        <ele>246</ele>
        <time>2026-08-16T20:07:46.000Z</time>
      </trkpt>
      <trkpt lat="41.49" lon="-8.47077">
        <ele>247</ele>
        <time>2026-08-16T20:07:50.000Z</time>
      </trkpt>
      <trkpt lat="41.49054" lon="-8.47006">
        <ele>249</ele>
        <time>2026-08-16T20:07:54.000Z</time>
      </trkpt>
      <trkpt lat="41.49109" lon="-8.46934">
        <ele>252</ele>
        <time>2026-08-16T20:07:58.000Z</time>
      </trkpt>
      <trkpt lat="41.49161" lon="-8.46863">
        <ele>255</ele>
        <time>2026-08-16T20:08:02.000Z</time>
      </trkpt>
      <trkpt lat="41.49203" lon="-8.46781">
        <ele>262</ele>
        <time>2026-08-16T20:08:06.000Z</time>
      </trkpt>
      <trkpt lat="41.49232" lon="-8.46687">
        <ele>262</ele>
        <time>2026-08-16T20:08:10.000Z</time>
      </trkpt>
      <trkpt lat="41.49254" lon="-8.46588">
        <ele>262</ele>
        <time>2026-08-16T20:08:14.000Z</time>
      </trkpt>
      <trkpt lat="41.49274" lon="-8.46496">
        <ele>262</ele>
        <time>2026-08-16T20:08:18.000Z</time>
      </trkpt>
      <trkpt lat="41.49294" lon="-8.46404">
        <ele>262</ele>
        <time>2026-08-16T20:08:22.000Z</time>
      </trkpt>
      <trkpt lat="41.49323" lon="-8.46314">
        <ele>262</ele>
        <time>2026-08-16T20:08:26.000Z</time>
      </trkpt>
      <trkpt lat="41.49367" lon="-8.46232">
        <ele>262</ele>
        <time>2026-08-16T20:08:30.000Z</time>
      </trkpt>
      <trkpt lat="41.49422" lon="-8.46161">
        <ele>262</ele>
        <time>2026-08-16T20:08:34.000Z</time>
      </trkpt>
      <trkpt lat="41.49479" lon="-8.46097">
        <ele>262</ele>
        <time>2026-08-16T20:08:38.000Z</time>
      </trkpt>
      <trkpt lat="41.49535" lon="-8.46033">
        <ele>262</ele>
        <time>2026-08-16T20:08:42.000Z</time>
      </trkpt>
      <trkpt lat="41.49589" lon="-8.45971">
        <ele>262</ele>
        <time>2026-08-16T20:08:46.000Z</time>
      </trkpt>
      <trkpt lat="41.49639" lon="-8.45913">
        <ele>262</ele>
        <time>2026-08-16T20:08:50.000Z</time>
      </trkpt>
      <trkpt lat="41.49687" lon="-8.45859">
        <ele>262</ele>
        <time>2026-08-16T20:08:54.000Z</time>
      </trkpt>
      <trkpt lat="41.49735" lon="-8.45804">
        <ele>262</ele>
        <time>2026-08-16T20:08:58.000Z</time>
      </trkpt>
      <trkpt lat="41.49783" lon="-8.45753">
        <ele>262</ele>
        <time>2026-08-16T20:09:02.000Z</time>
      </trkpt>
      <trkpt lat="41.49836" lon="-8.45709">
        <ele>262</ele>
        <time>2026-08-16T20:09:06.000Z</time>
      </trkpt>
      <trkpt lat="41.49893" lon="-8.45676">
        <ele>262</ele>
        <time>2026-08-16T20:09:10.000Z</time>
      </trkpt>
      <trkpt lat="41.49953" lon="-8.45655">
        <ele>262</ele>
        <time>2026-08-16T20:09:14.000Z</time>
      </trkpt>
      <trkpt lat="41.50007" lon="-8.45638">
        <ele>262</ele>
        <time>2026-08-16T20:09:18.000Z</time>
      </trkpt>
      <trkpt lat="41.50054" lon="-8.45624">
        <ele>262</ele>
        <time>2026-08-16T20:09:22.000Z</time>
      </trkpt>
      <trkpt lat="41.50107" lon="-8.45607">
        <ele>262</ele>
        <time>2026-08-16T20:09:26.000Z</time>
      </trkpt>
      <trkpt lat="41.50165" lon="-8.45589">
        <ele>262</ele>
        <time>2026-08-16T20:09:30.000Z</time>
      </trkpt>
      <trkpt lat="41.50221" lon="-8.45572">
        <ele>262</ele>
        <time>2026-08-16T20:09:34.000Z</time>
      </trkpt>
      <trkpt lat="41.50279" lon="-8.45554">
        <ele>221</ele>
        <time>2026-08-16T20:09:38.000Z</time>
      </trkpt>
      <trkpt lat="41.50342" lon="-8.45534">
        <ele>219</ele>
        <time>2026-08-16T20:09:42.000Z</time>
      </trkpt>
      <trkpt lat="41.50407" lon="-8.45513">
        <ele>215</ele>
        <time>2026-08-16T20:09:46.000Z</time>
      </trkpt>
      <trkpt lat="41.5047" lon="-8.45492">
        <ele>211</ele>
        <time>2026-08-16T20:09:50.000Z</time>
      </trkpt>
      <trkpt lat="41.5053" lon="-8.45472">
        <ele>208</ele>
        <time>2026-08-16T20:09:54.000Z</time>
      </trkpt>
      <trkpt lat="41.50585" lon="-8.45452">
        <ele>206</ele>
        <time>2026-08-16T20:09:58.000Z</time>
      </trkpt>
      <trkpt lat="41.5063" lon="-8.45433">
        <ele>202</ele>
        <time>2026-08-16T20:10:02.000Z</time>
      </trkpt>
      <trkpt lat="41.50662" lon="-8.45412">
        <ele>200</ele>
        <time>2026-08-16T20:10:06.000Z</time>
      </trkpt>
      <trkpt lat="41.50694" lon="-8.45396">
        <ele>198</ele>
        <time>2026-08-16T20:10:10.000Z</time>
      </trkpt>
      <trkpt lat="41.50735" lon="-8.45372">
        <ele>194</ele>
        <time>2026-08-16T20:10:14.000Z</time>
      </trkpt>
      <trkpt lat="41.5078" lon="-8.45348">
        <ele>191</ele>
        <time>2026-08-16T20:10:18.000Z</time>
      </trkpt>
      <trkpt lat="41.5083" lon="-8.4532">
        <ele>187</ele>
        <time>2026-08-16T20:10:22.000Z</time>
      </trkpt>
      <trkpt lat="41.50883" lon="-8.45291">
        <ele>188</ele>
        <time>2026-08-16T20:10:26.000Z</time>
      </trkpt>
      <trkpt lat="41.50933" lon="-8.45264">
        <ele>188</ele>
        <time>2026-08-16T20:10:30.000Z</time>
      </trkpt>
      <trkpt lat="41.50981" lon="-8.45238">
        <ele>188</ele>
        <time>2026-08-16T20:10:34.000Z</time>
      </trkpt>
      <trkpt lat="41.51027" lon="-8.45214">
        <ele>188</ele>
        <time>2026-08-16T20:10:38.000Z</time>
      </trkpt>
      <trkpt lat="41.51072" lon="-8.45189">
        <ele>188</ele>
        <time>2026-08-16T20:10:42.000Z</time>
      </trkpt>
      <trkpt lat="41.51111" lon="-8.45168">
        <ele>188</ele>
        <time>2026-08-16T20:10:46.000Z</time>
      </trkpt>
      <trkpt lat="41.51146" lon="-8.45149">
        <ele>190</ele>
        <time>2026-08-16T20:10:50.000Z</time>
      </trkpt>
      <trkpt lat="41.51181" lon="-8.45123">
        <ele>190</ele>
        <time>2026-08-16T20:10:54.000Z</time>
      </trkpt>
      <trkpt lat="41.5122" lon="-8.45107">
        <ele>190</ele>
        <time>2026-08-16T20:10:58.000Z</time>
      </trkpt>
      <trkpt lat="41.51262" lon="-8.45087">
        <ele>190</ele>
        <time>2026-08-16T20:11:02.000Z</time>
      </trkpt>
      <trkpt lat="41.51302" lon="-8.45066">
        <ele>190</ele>
        <time>2026-08-16T20:11:06.000Z</time>
      </trkpt>
      <trkpt lat="41.51342" lon="-8.45044">
        <ele>190</ele>
        <time>2026-08-16T20:11:10.000Z</time>
      </trkpt>
      <trkpt lat="41.51383" lon="-8.45022">
        <ele>194</ele>
        <time>2026-08-16T20:11:14.000Z</time>
      </trkpt>
      <trkpt lat="41.51426" lon="-8.44999">
        <ele>194</ele>
        <time>2026-08-16T20:11:18.000Z</time>
      </trkpt>
      <trkpt lat="41.51472" lon="-8.44976">
        <ele>194</ele>
        <time>2026-08-16T20:11:22.000Z</time>
      </trkpt>
      <trkpt lat="41.5152" lon="-8.44958">
        <ele>194</ele>
        <time>2026-08-16T20:11:26.000Z</time>
      </trkpt>
      <trkpt lat="41.5157" lon="-8.44948">
        <ele>194</ele>
        <time>2026-08-16T20:11:30.000Z</time>
      </trkpt>
      <trkpt lat="41.51612" lon="-8.4494">
        <ele>194</ele>
        <time>2026-08-16T20:11:34.000Z</time>
      </trkpt>
      <trkpt lat="41.51644" lon="-8.44933">
        <ele>192</ele>
        <time>2026-08-16T20:11:38.000Z</time>
      </trkpt>
      <trkpt lat="41.51661" lon="-8.44917">
        <ele>192</ele>
        <time>2026-08-16T20:11:42.000Z</time>
      </trkpt>
      <trkpt lat="41.51672" lon="-8.44886">
        <ele>192</ele>
        <time>2026-08-16T20:11:46.000Z</time>
      </trkpt>
      <trkpt lat="41.51683" lon="-8.44854">
        <ele>192</ele>
        <time>2026-08-16T20:11:50.000Z</time>
      </trkpt>
      <trkpt lat="41.51721" lon="-8.4489">
        <ele>192</ele>
        <time>2026-08-16T20:11:54.000Z</time>
      </trkpt>
      <trkpt lat="41.51747" lon="-8.44914">
        <ele>192</ele>
        <time>2026-08-16T20:11:58.000Z</time>
      </trkpt>
      <trkpt lat="41.51784" lon="-8.4492">
        <ele>194</ele>
        <time>2026-08-16T20:12:02.000Z</time>
      </trkpt>
      <trkpt lat="41.51821" lon="-8.44935">
        <ele>194</ele>
        <time>2026-08-16T20:12:06.000Z</time>
      </trkpt>
      <trkpt lat="41.51862" lon="-8.44954">
        <ele>194</ele>
        <time>2026-08-16T20:12:10.000Z</time>
      </trkpt>
      <trkpt lat="41.51903" lon="-8.44972">
        <ele>194</ele>
        <time>2026-08-16T20:12:14.000Z</time>
      </trkpt>
      <trkpt lat="41.51955" lon="-8.44992">
        <ele>194</ele>
        <time>2026-08-16T20:12:18.000Z</time>
      </trkpt>
      <trkpt lat="41.52033" lon="-8.45019">
        <ele>204</ele>
        <time>2026-08-16T20:12:24.000Z</time>
      </trkpt>
      <trkpt lat="41.5209" lon="-8.45009">
        <ele>204</ele>
        <time>2026-08-16T20:12:28.000Z</time>
      </trkpt>
      <trkpt lat="41.52148" lon="-8.4498">
        <ele>204</ele>
        <time>2026-08-16T20:12:32.000Z</time>
      </trkpt>
      <trkpt lat="41.52209" lon="-8.44947">
        <ele>204</ele>
        <time>2026-08-16T20:12:36.000Z</time>
      </trkpt>
      <trkpt lat="41.52273" lon="-8.44912">
        <ele>204</ele>
        <time>2026-08-16T20:12:40.000Z</time>
      </trkpt>
      <trkpt lat="41.5234" lon="-8.44885">
        <ele>204</ele>
        <time>2026-08-16T20:12:44.000Z</time>
      </trkpt>
      <trkpt lat="41.52408" lon="-8.44865">
        <ele>204</ele>
        <time>2026-08-16T20:12:48.000Z</time>
      </trkpt>
      <trkpt lat="41.52467" lon="-8.44849">
        <ele>204</ele>
        <time>2026-08-16T20:12:52.000Z</time>
      </trkpt>
      <trkpt lat="41.52515" lon="-8.44836">
        <ele>204</ele>
        <time>2026-08-16T20:12:56.000Z</time>
      </trkpt>
      <trkpt lat="41.52549" lon="-8.44824">
        <ele>204</ele>
        <time>2026-08-16T20:13:00.000Z</time>
      </trkpt>
      <trkpt lat="41.52567" lon="-8.44815">
        <ele>204</ele>
        <time>2026-08-16T20:13:04.000Z</time>
      </trkpt>
      <trkpt lat="41.52592" lon="-8.44804">
        <ele>204</ele>
        <time>2026-08-16T20:13:08.000Z</time>
      </trkpt>
      <trkpt lat="41.52623" lon="-8.44774">
        <ele>237</ele>
        <time>2026-08-16T20:13:12.000Z</time>
      </trkpt>
      <trkpt lat="41.52652" lon="-8.4474">
        <ele>237</ele>
        <time>2026-08-16T20:13:16.000Z</time>
      </trkpt>
      <trkpt lat="41.52667" lon="-8.4472">
        <ele>237</ele>
        <time>2026-08-16T20:13:20.000Z</time>
      </trkpt>
      <trkpt lat="41.52687" lon="-8.44697">
        <ele>237</ele>
        <time>2026-08-16T20:13:24.000Z</time>
      </trkpt>
      <trkpt lat="41.5271" lon="-8.44691">
        <ele>237</ele>
        <time>2026-08-16T20:13:28.000Z</time>
      </trkpt>
      <trkpt lat="41.52727" lon="-8.44686">
        <ele>237</ele>
        <time>2026-08-16T20:13:32.000Z</time>
      </trkpt>
      <trkpt lat="41.52745" lon="-8.44682">
        <ele>241</ele>
        <time>2026-08-16T20:13:36.000Z</time>
      </trkpt>
      <trkpt lat="41.52766" lon="-8.44675">
        <ele>241</ele>
        <time>2026-08-16T20:13:40.000Z</time>
      </trkpt>
      <trkpt lat="41.52788" lon="-8.44668">
        <ele>241</ele>
        <time>2026-08-16T20:13:44.000Z</time>
      </trkpt>
      <trkpt lat="41.52809" lon="-8.44662">
        <ele>241</ele>
        <time>2026-08-16T20:13:48.000Z</time>
      </trkpt>
      <trkpt lat="41.52822" lon="-8.44659">
        <ele>241</ele>
        <time>2026-08-16T20:13:52.000Z</time>
      </trkpt>
      <trkpt lat="41.52839" lon="-8.44651">
        <ele>241</ele>
        <time>2026-08-16T20:13:56.000Z</time>
      </trkpt>
      <trkpt lat="41.52859" lon="-8.44646">
        <ele>234</ele>
        <time>2026-08-16T20:18:17.000Z</time>
      </trkpt>
      <trkpt lat="41.52864" lon="-8.44636">
        <ele>234</ele>
        <time>2026-08-16T20:18:26.000Z</time>
      </trkpt>
      <trkpt lat="41.52871" lon="-8.44626">
        <ele>234</ele>
        <time>2026-08-16T20:18:30.000Z</time>
      </trkpt>
      <trkpt lat="41.52881" lon="-8.44605">
        <ele>234</ele>
        <time>2026-08-16T20:18:34.000Z</time>
      </trkpt>
      <trkpt lat="41.52886" lon="-8.44586">
        <ele>234</ele>
        <time>2026-08-16T20:18:38.000Z</time>
      </trkpt>
      <trkpt lat="41.52889" lon="-8.44565">
        <ele>234</ele>
        <time>2026-08-16T20:18:42.000Z</time>
      </trkpt>
      <trkpt lat="41.52894" lon="-8.44541">
        <ele>235</ele>
        <time>2026-08-16T20:18:46.000Z</time>
      </trkpt>
      <trkpt lat="41.52898" lon="-8.44517">
        <ele>235</ele>
        <time>2026-08-16T20:18:50.000Z</time>
      </trkpt>
      <trkpt lat="41.52904" lon="-8.44491">
        <ele>235</ele>
        <time>2026-08-16T20:18:54.000Z</time>
      </trkpt>
      <trkpt lat="41.52907" lon="-8.44477">
        <ele>235</ele>
        <time>2026-08-16T20:18:58.000Z</time>
      </trkpt>
      <trkpt lat="41.52917" lon="-8.44482">
        <ele>235</ele>
        <time>2026-08-16T20:19:03.000Z</time>
      </trkpt>
      <trkpt lat="41.52933" lon="-8.44496">
        <ele>235</ele>
        <time>2026-08-16T20:19:07.000Z</time>
      </trkpt>
      <trkpt lat="41.52953" lon="-8.44497">
        <ele>225</ele>
        <time>2026-08-16T20:19:11.000Z</time>
      </trkpt>
      <trkpt lat="41.52963" lon="-8.4446">
        <ele>225</ele>
        <time>2026-08-16T20:19:29.000Z</time>
      </trkpt>
      <trkpt lat="41.52969" lon="-8.44414">
        <ele>225</ele>
        <time>2026-08-16T20:19:33.000Z</time>
      </trkpt>
      <trkpt lat="41.52985" lon="-8.44359">
        <ele>225</ele>
        <time>2026-08-16T20:19:37.000Z</time>
      </trkpt>
      <trkpt lat="41.52997" lon="-8.443">
        <ele>225</ele>
        <time>2026-08-16T20:19:41.000Z</time>
      </trkpt>
      <trkpt lat="41.5302" lon="-8.44232">
        <ele>225</ele>
        <time>2026-08-16T20:19:45.000Z</time>
      </trkpt>
      <trkpt lat="41.53047" lon="-8.44168">
        <ele>225</ele>
        <time>2026-08-16T20:19:49.000Z</time>
      </trkpt>
      <trkpt lat="41.53082" lon="-8.44102">
        <ele>209</ele>
        <time>2026-08-16T20:19:53.000Z</time>
      </trkpt>
      <trkpt lat="41.53125" lon="-8.44045">
        <ele>207</ele>
        <time>2026-08-16T20:19:57.000Z</time>
      </trkpt>
      <trkpt lat="41.53168" lon="-8.44001">
        <ele>207</ele>
        <time>2026-08-16T20:20:01.000Z</time>
      </trkpt>
      <trkpt lat="41.53213" lon="-8.43962">
        <ele>206</ele>
        <time>2026-08-16T20:20:05.000Z</time>
      </trkpt>
      <trkpt lat="41.53258" lon="-8.43922">
        <ele>206</ele>
        <time>2026-08-16T20:20:09.000Z</time>
      </trkpt>
      <trkpt lat="41.53304" lon="-8.43882">
        <ele>205</ele>
        <time>2026-08-16T20:20:13.000Z</time>
      </trkpt>
      <trkpt lat="41.53347" lon="-8.43845">
        <ele>204</ele>
        <time>2026-08-16T20:20:17.000Z</time>
      </trkpt>
      <trkpt lat="41.53388" lon="-8.43811">
        <ele>203</ele>
        <time>2026-08-16T20:20:21.000Z</time>
      </trkpt>
      <trkpt lat="41.5342" lon="-8.43784">
        <ele>204</ele>
        <time>2026-08-16T20:20:25.000Z</time>
      </trkpt>
      <trkpt lat="41.53439" lon="-8.43767">
        <ele>205</ele>
        <time>2026-08-16T20:20:29.000Z</time>
      </trkpt>
      <trkpt lat="41.53449" lon="-8.43758">
        <ele>205</ele>
        <time>2026-08-16T20:20:33.000Z</time>
      </trkpt>
      <trkpt lat="41.53454" lon="-8.43747">
        <ele>205</ele>
        <time>2026-08-16T20:20:37.000Z</time>
      </trkpt>
      <trkpt lat="41.53462" lon="-8.43735">
        <ele>205</ele>
        <time>2026-08-16T20:20:41.000Z</time>
      </trkpt>
      <trkpt lat="41.53474" lon="-8.43737">
        <ele>205</ele>
        <time>2026-08-16T20:20:45.000Z</time>
      </trkpt>
      <trkpt lat="41.53509" lon="-8.43707">
        <ele>205</ele>
        <time>2026-08-16T20:20:49.000Z</time>
      </trkpt>
      <trkpt lat="41.53531" lon="-8.43689">
        <ele>205</ele>
        <time>2026-08-16T20:20:53.000Z</time>
      </trkpt>
      <trkpt lat="41.53557" lon="-8.43667">
        <ele>205</ele>
        <time>2026-08-16T20:20:57.000Z</time>
      </trkpt>
      <trkpt lat="41.53585" lon="-8.43642">
        <ele>206</ele>
        <time>2026-08-16T20:21:01.000Z</time>
      </trkpt>
      <trkpt lat="41.53619" lon="-8.43613">
        <ele>206</ele>
        <time>2026-08-16T20:21:05.000Z</time>
      </trkpt>
      <trkpt lat="41.53653" lon="-8.43583">
        <ele>206</ele>
        <time>2026-08-16T20:21:09.000Z</time>
      </trkpt>
      <trkpt lat="41.53687" lon="-8.43554">
        <ele>206</ele>
        <time>2026-08-16T20:21:13.000Z</time>
      </trkpt>
      <trkpt lat="41.53721" lon="-8.43524">
        <ele>206</ele>
        <time>2026-08-16T20:21:17.000Z</time>
      </trkpt>
      <trkpt lat="41.53757" lon="-8.43494">
        <ele>206</ele>
        <time>2026-08-16T20:21:21.000Z</time>
      </trkpt>
      <trkpt lat="41.53795" lon="-8.43461">
        <ele>206</ele>
        <time>2026-08-16T20:21:25.000Z</time>
      </trkpt>
      <trkpt lat="41.53829" lon="-8.43432">
        <ele>206</ele>
        <time>2026-08-16T20:21:29.000Z</time>
      </trkpt>
      <trkpt lat="41.5386" lon="-8.43408">
        <ele>206</ele>
        <time>2026-08-16T20:21:33.000Z</time>
      </trkpt>
      <trkpt lat="41.53882" lon="-8.4339">
        <ele>206</ele>
        <time>2026-08-16T20:21:37.000Z</time>
      </trkpt>
      <trkpt lat="41.539" lon="-8.43377">
        <ele>206</ele>
        <time>2026-08-16T20:21:41.000Z</time>
      </trkpt>
      <trkpt lat="41.53918" lon="-8.43363">
        <ele>206</ele>
        <time>2026-08-16T20:21:45.000Z</time>
      </trkpt>
      <trkpt lat="41.53935" lon="-8.43347">
        <ele>212</ele>
        <time>2026-08-16T20:21:49.000Z</time>
      </trkpt>
      <trkpt lat="41.53954" lon="-8.43353">
        <ele>212</ele>
        <time>2026-08-16T20:21:53.000Z</time>
      </trkpt>
      <trkpt lat="41.53949" lon="-8.43375">
        <ele>212</ele>
        <time>2026-08-16T20:21:57.000Z</time>
      </trkpt>
      <trkpt lat="41.53925" lon="-8.43372">
        <ele>212</ele>
        <time>2026-08-16T20:22:01.000Z</time>
      </trkpt>
      <trkpt lat="41.53887" lon="-8.43387">
        <ele>212</ele>
        <time>2026-08-16T20:22:05.000Z</time>
      </trkpt>
      <trkpt lat="41.53827" lon="-8.43436">
        <ele>212</ele>
        <time>2026-08-16T20:22:09.000Z</time>
      </trkpt>
      <trkpt lat="41.53766" lon="-8.43485">
        <ele>209</ele>
        <time>2026-08-16T20:22:13.000Z</time>
      </trkpt>
      <trkpt lat="41.5372" lon="-8.43525">
        <ele>209</ele>
        <time>2026-08-16T20:22:17.000Z</time>
      </trkpt>
      <trkpt lat="41.53697" lon="-8.43545">
        <ele>209</ele>
        <time>2026-08-16T20:22:21.000Z</time>
      </trkpt>
      <trkpt lat="41.53686" lon="-8.43554">
        <ele>209</ele>
        <time>2026-08-16T20:22:25.000Z</time>
      </trkpt>
      <trkpt lat="41.53679" lon="-8.43561">
        <ele>209</ele>
        <time>2026-08-16T20:22:29.000Z</time>
      </trkpt>
      <trkpt lat="41.53672" lon="-8.43567">
        <ele>206</ele>
        <time>2026-08-16T20:26:51.000Z</time>
      </trkpt>
      <trkpt lat="41.53657" lon="-8.4358">
        <ele>206</ele>
        <time>2026-08-16T20:34:51.000Z</time>
      </trkpt>
      <trkpt lat="41.53628" lon="-8.43605">
        <ele>206</ele>
        <time>2026-08-16T20:34:55.000Z</time>
      </trkpt>
      <trkpt lat="41.53584" lon="-8.43643">
        <ele>206</ele>
        <time>2026-08-16T20:34:59.000Z</time>
      </trkpt>
      <trkpt lat="41.53551" lon="-8.43672">
        <ele>206</ele>
        <time>2026-08-16T20:35:03.000Z</time>
      </trkpt>
      <trkpt lat="41.53519" lon="-8.437">
        <ele>206</ele>
        <time>2026-08-16T20:35:07.000Z</time>
      </trkpt>
      <trkpt lat="41.53494" lon="-8.43722">
        <ele>206</ele>
        <time>2026-08-16T20:35:12.000Z</time>
      </trkpt>
      <trkpt lat="41.53475" lon="-8.43751">
        <ele>205</ele>
        <time>2026-08-16T20:35:16.000Z</time>
      </trkpt>
      <trkpt lat="41.53426" lon="-8.43778">
        <ele>205</ele>
        <time>2026-08-16T20:35:20.000Z</time>
      </trkpt>
      <trkpt lat="41.53382" lon="-8.43815">
        <ele>205</ele>
        <time>2026-08-16T20:35:24.000Z</time>
      </trkpt>
      <trkpt lat="41.53328" lon="-8.43863">
        <ele>205</ele>
        <time>2026-08-16T20:35:28.000Z</time>
      </trkpt>
      <trkpt lat="41.53269" lon="-8.43913">
        <ele>205</ele>
        <time>2026-08-16T20:35:32.000Z</time>
      </trkpt>
      <trkpt lat="41.53206" lon="-8.43968">
        <ele>205</ele>
        <time>2026-08-16T20:35:36.000Z</time>
      </trkpt>
      <trkpt lat="41.53142" lon="-8.44026">
        <ele>205</ele>
        <time>2026-08-16T20:35:40.000Z</time>
      </trkpt>
      <trkpt lat="41.53085" lon="-8.44098">
        <ele>205</ele>
        <time>2026-08-16T20:35:44.000Z</time>
      </trkpt>
      <trkpt lat="41.53042" lon="-8.44178">
        <ele>205</ele>
        <time>2026-08-16T20:35:48.000Z</time>
      </trkpt>
      <trkpt lat="41.53007" lon="-8.44268">
        <ele>205</ele>
        <time>2026-08-16T20:35:52.000Z</time>
      </trkpt>
      <trkpt lat="41.52983" lon="-8.44365">
        <ele>205</ele>
        <time>2026-08-16T20:35:56.000Z</time>
      </trkpt>
      <trkpt lat="41.52971" lon="-8.44442">
        <ele>218</ele>
        <time>2026-08-16T20:36:00.000Z</time>
      </trkpt>
      <trkpt lat="41.52965" lon="-8.44484">
        <ele>218</ele>
        <time>2026-08-16T20:36:04.000Z</time>
      </trkpt>
      <trkpt lat="41.52964" lon="-8.44496">
        <ele>218</ele>
        <time>2026-08-16T20:36:08.000Z</time>
      </trkpt>
      <trkpt lat="41.52933" lon="-8.44492">
        <ele>218</ele>
        <time>2026-08-16T20:36:12.000Z</time>
      </trkpt>
      <trkpt lat="41.52916" lon="-8.44482">
        <ele>218</ele>
        <time>2026-08-16T20:36:16.000Z</time>
      </trkpt>
      <trkpt lat="41.52904" lon="-8.44485">
        <ele>218</ele>
        <time>2026-08-16T20:36:20.000Z</time>
      </trkpt>
      <trkpt lat="41.52894" lon="-8.44501">
        <ele>232</ele>
        <time>2026-08-16T20:36:24.000Z</time>
      </trkpt>
      <trkpt lat="41.52888" lon="-8.44526">
        <ele>232</ele>
        <time>2026-08-16T20:36:28.000Z</time>
      </trkpt>
      <trkpt lat="41.52883" lon="-8.44557">
        <ele>232</ele>
        <time>2026-08-16T20:36:32.000Z</time>
      </trkpt>
      <trkpt lat="41.52877" lon="-8.44588">
        <ele>232</ele>
        <time>2026-08-16T20:36:36.000Z</time>
      </trkpt>
      <trkpt lat="41.52869" lon="-8.44613">
        <ele>232</ele>
        <time>2026-08-16T20:36:40.000Z</time>
      </trkpt>
      <trkpt lat="41.52863" lon="-8.44628">
        <ele>232</ele>
        <time>2026-08-16T20:36:44.000Z</time>
      </trkpt>
      <trkpt lat="41.52856" lon="-8.44635">
        <ele>233</ele>
        <time>2026-08-16T20:36:48.000Z</time>
      </trkpt>
      <trkpt lat="41.52851" lon="-8.44657">
        <ele>241</ele>
        <time>2026-08-16T20:37:30.000Z</time>
      </trkpt>
    </trkseg>
  </trk>
</gpx>